{"current":{"logo":"shopify:\/\/shop_images\/logotype-payote.webp","favicon":"shopify:\/\/shop_images\/favicon-payote-1.webp","colors_solid_button_labels":"#ffffff","colors_accent_1":"#003b9a","gradient_accent_1":"","colors_accent_2":"#ef6a20","gradient_accent_2":"","colors_text":"#003b9a","colors_outline_button_labels":"#003b9a","colors_background_1":"#ffffff","gradient_background_1":"","colors_background_2":"#f9f9f9","gradient_background_2":"","colors_background_3":"#e4f2fa","colors_background_4":"#ff6847","type_header_font":"rubik_n7","heading_scale":100,"type_subheader_font":"rubik_n5","subheading_scale":100,"type_body_font":"karla_n4","body_scale":100,"type_black_font":"rubik_n9","type_light_font":"rubik_n3","page_width":1700,"spacing_sections":0,"spacing_grid_horizontal":20,"spacing_grid_vertical":20,"buttons_border_thickness":1,"buttons_border_opacity":100,"buttons_radius":10,"buttons_shadow_opacity":0,"buttons_shadow_horizontal_offset":0,"buttons_shadow_vertical_offset":4,"buttons_shadow_blur":5,"variant_pills_border_thickness":1,"variant_pills_border_opacity":55,"variant_pills_radius":10,"variant_pills_shadow_opacity":0,"variant_pills_shadow_horizontal_offset":0,"variant_pills_shadow_vertical_offset":4,"variant_pills_shadow_blur":5,"inputs_border_thickness":1,"inputs_border_opacity":55,"inputs_radius":4,"inputs_shadow_opacity":0,"inputs_shadow_horizontal_offset":0,"inputs_shadow_vertical_offset":4,"inputs_shadow_blur":5,"broderie_colors":"Argenté,Doré,Noir,Bleu marine,Rouge,Jaune,Vert,Orange,Rose,Marron,Violet,Jaune fluo,Orange fluo,Vert fluo,Bleu fluo,Rose fluo,Beige,Gris,Blanc","broderie_space":"Arrière,Côté","card_style":"standard","card_image_padding":0,"card_text_alignment":"left","card_color_scheme":"background-2","card_border_thickness":0,"card_border_opacity":10,"card_corner_radius":12,"card_shadow_opacity":0,"card_shadow_horizontal_offset":0,"card_shadow_vertical_offset":4,"card_shadow_blur":5,"collection_card_style":"standard","collection_card_image_padding":0,"collection_card_text_alignment":"left","collection_card_color_scheme":"background-2","collection_card_border_thickness":0,"collection_card_border_opacity":10,"collection_card_corner_radius":12,"collection_card_shadow_opacity":0,"collection_card_shadow_horizontal_offset":0,"collection_card_shadow_vertical_offset":4,"collection_card_shadow_blur":5,"blog_card_style":"standard","blog_card_image_padding":0,"blog_card_text_alignment":"left","blog_card_color_scheme":"background-2","blog_card_border_thickness":0,"blog_card_border_opacity":10,"blog_card_corner_radius":12,"blog_card_shadow_opacity":0,"blog_card_shadow_horizontal_offset":0,"blog_card_shadow_vertical_offset":4,"blog_card_shadow_blur":5,"text_boxes_border_thickness":0,"text_boxes_border_opacity":10,"text_boxes_radius":12,"text_boxes_shadow_opacity":0,"text_boxes_shadow_horizontal_offset":0,"text_boxes_shadow_vertical_offset":4,"text_boxes_shadow_blur":5,"media_border_thickness":0,"image_placeholder":"shopify:\/\/shop_images\/placeholder-logo.webp","media_border_opacity":5,"media_radius":8,"media_shadow_opacity":0,"media_shadow_horizontal_offset":0,"media_shadow_vertical_offset":0,"media_shadow_blur":5,"popup_border_thickness":1,"popup_border_opacity":10,"popup_corner_radius":14,"popup_shadow_opacity":0,"popup_shadow_horizontal_offset":0,"popup_shadow_vertical_offset":4,"popup_shadow_blur":5,"drawer_border_thickness":1,"drawer_border_opacity":10,"drawer_shadow_opacity":0,"drawer_shadow_horizontal_offset":0,"drawer_shadow_vertical_offset":4,"drawer_shadow_blur":5,"badge_position":"top left","badge_corner_radius":12,"sale_badge_color_scheme":"accent-2","sold_out_badge_color_scheme":"inverse","accent_icons":"text","social_twitter_link":"","social_facebook_link":"https:\/\/facebook.com\/payotespadrilles","social_pinterest_link":"","social_instagram_link":"https:\/\/instagram.com\/payotespadrille\/","social_tiktok_link":"https:\/\/tiktok.com\/@payotespadrille","social_tumblr_link":"","social_snapchat_link":"","social_youtube_link":"","social_vimeo_link":"","social_linkedin_link":"https:\/\/fr.linkedin.com\/company\/payote","predictive_search_enabled":true,"predictive_search_show_vendor":false,"predictive_search_show_price":true,"currency_code_enabled":true,"cart_type":"drawer","show_vendor":false,"show_cart_note":true,"empty_text":"Vous êtes pieds nus ?","announcement_text":"MERCI BEAUCOUP !","announce_link":"shopify:\/\/collections\/chaussons-espadrilles","color_announce":"#ffffff","background_color_announce":"#003b9a","empty_cart_drawer_collection":"espadrilles-femme","empty_cart_drawer_collection_2":"espadrilles-homme","cart_drawer_product":"sac-pochon-cadeau-reutilisable","cart_drawer_product_2":"chaussettes-chaton-bleues-40-45","cart_drawer_product_3":"chaussettes-bichette-chinees-36-40","message_product":"option-message-cadeau","checkout_logo_image":"shopify:\/\/shop_images\/logotype-payote.webp","checkout_logo_position":"left","checkout_logo_size":"medium","checkout_input_background_color_mode":"transparent","checkout_accent_color":"#003b9a","checkout_button_color":"#ff6847","cart_drawer_collection":"espadrilles-femme","cart_drawer_collection_2":"espadrilles-homme","type_custom_font":"rubik_n9","sections":{"announcement-bar":{"type":"announcement-bar","blocks":{"b26e6d20-1227-467f-8a55-cb9e787cf92d":{"type":"announcement","settings":{"text":"<p><strong>Livraison Offerte en Point Relais <\/strong>dès 45€<\/p>","text_alignment":"center"}},"a51e4b36-807b-4a43-803a-bce2750ccf32":{"type":"announcement","settings":{"text":"<p><strong>Retours acceptés jusqu'au<\/strong> 4 janvier 2025*<\/p>","text_alignment":"center"}},"announcement_BbhcgM":{"type":"announcement","settings":{"text":"","text_alignment":"center"}}},"block_order":["b26e6d20-1227-467f-8a55-cb9e787cf92d","a51e4b36-807b-4a43-803a-bce2750ccf32","announcement_BbhcgM"],"settings":{"background_color":"#003b9a","announcement_menu":"menu-haut-de-page","auto_rotate":true,"change_slides_speed":3,"color_scheme":"accent-1"}},"header":{"type":"header","blocks":{"e8d63dab-1fd7-4074-b7c1-2758eba64f3b":{"type":"column","settings":{"linkwith":"Femme","image":"shopify:\/\/shop_images\/chaussons-femme.webp","title":"RÉCHAUFFEZ-VOUS","text":"","link_label":"","link":"shopify:\/\/collections\/chaussons-espadrilles-femme"}},"79721f90-9ee1-465b-816b-5ee81ab164d4":{"type":"column","disabled":true,"settings":{"linkwith":"Femme","image":"shopify:\/\/shop_images\/20230728_162241.jpg","title":"FRANCE RUGBY","text":"","link_label":"","link":"https:\/\/payote.fr\/collections\/soldes"}},"9b393aae-09c2-441f-9646-ff7f0e30e272":{"type":"column","disabled":true,"settings":{"linkwith":"Homme","image":"shopify:\/\/shop_images\/soldes-2023-pub-img.webp","title":"","text":"","link_label":"","link":"shopify:\/\/collections\/soldes-1"}},"8b7aef18-721e-4be5-b1e6-3cd4ab10a4ca":{"type":"column","disabled":true,"settings":{"linkwith":"Homme","image":"shopify:\/\/shop_images\/super_papa_noire-1000x1000.jpg","title":"","text":"","link_label":"","link":"https:\/\/payote.fr\/products\/espadrille-super-papa"}},"column_aFj87t":{"type":"column","settings":{"linkwith":"","title":"Column","text":"<p>Pair text with an image to focus on your chosen product, collection, or blog post. Add details on availability, style, or even provide a review.<\/p>","link_label":"","link":""}},"column_p3pVd6":{"type":"column","settings":{"linkwith":"Homme","image":"shopify:\/\/shop_images\/chaussons-homme.webp","title":"RÉCHAUFFEZ-VOUS","text":"","link_label":"","link":"shopify:\/\/collections\/chaussons-espadrilles-homme"}},"column_cLe9j8":{"type":"column","settings":{"linkwith":"Homme","image":"shopify:\/\/shop_images\/espadrille-stade-toulousain.webp","title":"STADE TOULOUSAIN","text":"","link_label":"","link":"shopify:\/\/products\/espadrille-stade-toulousain"}},"cfac279c-5c5a-4dc3-ab77-bb7079363ee1":{"type":"column","settings":{"linkwith":"Enfant","image":"shopify:\/\/shop_images\/bb.webp","title":"Chaussons bébé","text":"","link_label":"","link":"shopify:\/\/collections\/chaussons-bebe"}},"b2f01562-570e-4a75-bc67-49544a6b1187":{"type":"column","disabled":true,"settings":{"linkwith":"Enfant","image":"shopify:\/\/shop_images\/carre.jpg","title":"","text":"","link_label":"","link":"https:\/\/payote.fr\/collections\/soldes"}},"12f035a0-bced-42bc-b272-6bd2864c360d":{"type":"column","disabled":true,"settings":{"linkwith":"Enfant","image":"shopify:\/\/shop_images\/soldes-2023-pub-img4.jpg","title":"","text":"","link_label":"","link":"shopify:\/\/collections\/soldes-1"}},"6eb6f343-841c-4b01-8287-2d03c2f9cc4c":{"type":"column","settings":{"linkwith":"Personnalisez !","image":"shopify:\/\/shop_images\/header-fabrique-ta-paire.webp","title":"FABRIQUE TA PAIRE AVEC NOUS !","text":"","link_label":"","link":"shopify:\/\/pages\/fabrique-ta-paire"}},"547b25c7-c6f3-45b7-91af-710a73d5a8d0":{"type":"column","settings":{"linkwith":"Personnalisez !","image":"shopify:\/\/shop_images\/display_broderie-menu.webp","title":"Brodez-moi !","text":"","link_label":"","link":"shopify:\/\/pages\/espadrilles-personnalisees"}},"193baab8-b18e-43aa-b278-3e8e3906cbc2":{"type":"column","settings":{"linkwith":"Personnalisez !","image":"shopify:\/\/shop_images\/display_perso-menu.webp","title":"Dessine-moi !","text":"","link_label":"","link":"shopify:\/\/products\/espadrille-personnalisee-creer-ton-espadrille"}},"0ca6fd74-9659-4ae1-b360-22068a80cc32":{"type":"column","settings":{"linkwith":"C'est quoi Payote ?","image":"shopify:\/\/shop_images\/Perpi_menu.webp","title":"Nos premiers pas","text":"","link_label":"","link":"shopify:\/\/pages\/nos-premiers-pas"}},"1556105d-1d5b-4bd3-b98b-8910b264c6bf":{"type":"column","settings":{"linkwith":"C'est quoi Payote ?","image":"shopify:\/\/shop_images\/PMIK8988.jpg","title":"Made in France","text":"","link_label":"","link":"shopify:\/\/pages\/transparence"}},"af6c26ad-d22c-43a4-827a-44bd1707b9d8":{"type":"column","settings":{"linkwith":"C'est quoi Payote ?","image":"shopify:\/\/shop_images\/recycle.webp","title":"Recyclage","text":"","link_label":"","link":"shopify:\/\/pages\/engagement-environnement"}},"84c6fea5-fb50-493d-84ad-14ba504dc0d2":{"type":"column","settings":{"linkwith":"C'est quoi Payote ?","image":"shopify:\/\/shop_images\/nos_actions_menu.webp","title":"Nos actions","text":"","link_label":"","link":"shopify:\/\/pages\/nos-actions"}},"837ac976-1c08-42a4-9324-69666f8afd2f":{"type":"column","settings":{"linkwith":"Femme","image":"shopify:\/\/shop_images\/kit-diy-espadrille-emy_1dc80140-968f-4644-880b-62333d0505d3.webp","title":"KIT DE FABRICATION À LA MAISON","text":"","link_label":"","link":"shopify:\/\/collections\/kit-de-fabrication-espadrille-maison"}},"column_pRjg6E":{"type":"column","settings":{"linkwith":"Femme","image":"shopify:\/\/shop_images\/baniere_fabrique_ta_paire.webp","title":"ATELIER \"FABRIQUE TA PAIRE\"","text":"","link_label":"","link":"shopify:\/\/products\/visite-de-latelier"}},"4e1ff583-94ad-4757-8f46-1d212289d501":{"type":"column","disabled":true,"settings":{"linkwith":"Homme","image":"shopify:\/\/shop_images\/carre.jpg","title":"","text":"","link_label":"","link":"https:\/\/payote.fr\/collections\/soldes"}},"12606a50-9fde-442f-b909-66bd64c7bf6b":{"type":"column","settings":{"linkwith":"Personnalisez !","image":"shopify:\/\/shop_images\/kit-diy-espadrille-emy.png","title":"FABRIQUE MOI A LA MAISON !","text":"","link_label":"","link":"shopify:\/\/pages\/espakit"}},"column_xMU34R":{"type":"column","settings":{"linkwith":"C'est quoi Payote ?","image":"shopify:\/\/shop_images\/IMG-8288.jpg","title":"LE BLOG","text":"","link_label":"","link":"shopify:\/\/blogs\/le-blog"}}},"block_order":["e8d63dab-1fd7-4074-b7c1-2758eba64f3b","79721f90-9ee1-465b-816b-5ee81ab164d4","9b393aae-09c2-441f-9646-ff7f0e30e272","8b7aef18-721e-4be5-b1e6-3cd4ab10a4ca","column_aFj87t","column_p3pVd6","column_cLe9j8","cfac279c-5c5a-4dc3-ab77-bb7079363ee1","b2f01562-570e-4a75-bc67-49544a6b1187","12f035a0-bced-42bc-b272-6bd2864c360d","6eb6f343-841c-4b01-8287-2d03c2f9cc4c","547b25c7-c6f3-45b7-91af-710a73d5a8d0","193baab8-b18e-43aa-b278-3e8e3906cbc2","0ca6fd74-9659-4ae1-b360-22068a80cc32","1556105d-1d5b-4bd3-b98b-8910b264c6bf","af6c26ad-d22c-43a4-827a-44bd1707b9d8","84c6fea5-fb50-493d-84ad-14ba504dc0d2","837ac976-1c08-42a4-9324-69666f8afd2f","column_pRjg6E","4e1ff583-94ad-4757-8f46-1d212289d501","12606a50-9fde-442f-b909-66bd64c7bf6b","column_xMU34R"],"settings":{"color_scheme":"background-1","logo_width":120,"logo_position":"middle-center","menu":"main-menu","custom_menu":"menu-principale-2","show_faq":true,"faq_link_page":"foire-aux-questions","menu_type_desktop":"mega","show_line_separator":true,"enable_sticky_header":true,"mobile_logo_position":"center","margin_bottom":0,"padding_top":12,"padding_bottom":12}},"footer":{"type":"footer","blocks":{"3523655c-aa32-46d9-b161-b890da4e8ecf":{"type":"image","settings":{"image":"shopify:\/\/shop_images\/logotype-payote-blanc.webp","image_width":125,"alignment":"center"}},"a17b9b35-851e-4365-9a2e-9381ec4f8262":{"type":"link_list","settings":{"heading":"Boutique","menu":"boutique"}},"19bef16f-dab1-4117-ba39-539d5d09554e":{"type":"link_list","settings":{"heading":"Informations","menu":"information"}},"622c8ccc-180d-457a-9a51-4226a6560a63":{"type":"link_list","settings":{"heading":"Contacts","menu":"contact-bas-de-page"}},"footer-2":{"type":"text","disabled":true,"settings":{"heading":"Contactez-nous","subtext":"<p>mathilde@payote.fr<br\/>Tél : 04.68.64.32.24<br\/>Du lundi au vendredi de 9h à 13h et de 14h à 17h<\/p>"}},"d56e0d80-e5dc-4de1-a203-a7242de77915":{"type":"text","disabled":true,"settings":{"heading":"Boutiques","subtext":"<ul><li><strong>PERPIGNAN<br\/><\/strong>Du Lundi au Samedi<br\/>de 10h à 13h et de 14h à 19h<br\/><em><strong>1325 Avenue de la Salanque, 66000, Perpignan<\/strong><\/em><\/li><li><strong>TOULOUSE<br\/><\/strong>Du Mardi au Samedi <br\/>de 10h30 à 19h<br\/><em><strong>1325 Avenue de la Salanque, 66000, Perpignan<\/strong><\/em><\/li><\/ul>"}},"a33e460c-7e60-4884-9a02-58e95353ae06":{"type":"link_list","settings":{"heading":"Nos boutiques","menu":"points-de-vente"}}},"block_order":["3523655c-aa32-46d9-b161-b890da4e8ecf","a17b9b35-851e-4365-9a2e-9381ec4f8262","19bef16f-dab1-4117-ba39-539d5d09554e","622c8ccc-180d-457a-9a51-4226a6560a63","footer-2","d56e0d80-e5dc-4de1-a203-a7242de77915","a33e460c-7e60-4884-9a02-58e95353ae06"],"settings":{"color_scheme":"inverse","background_color":"#003b9a","newsletter_enable":true,"newsletter_heading":"Abonnez-vous :","show_social":true,"social_heading":"Suivez-nous :","enable_country_selector":false,"enable_language_selector":true,"payment_enable":true,"legal_menu":"footer","nb_columns":6,"margin_top":0,"padding_top":36,"padding_bottom":36,"padding_left":0,"padding_right":0}},"main-password-header":{"type":"main-password-header","settings":{"logo":"{{ shop.brand.logo }}","logo_max_width":100,"color_scheme":"background-1"}},"main-password-footer":{"type":"main-password-footer","settings":{"color_scheme":"background-1"}},"multicolumn":{"type":"multicolumn","blocks":{"6d1a6ef3-6aee-4929-b1be-49029ae46b21":{"type":"column","settings":{"title":"Column","text":"<p>Pair text with an image to focus on your chosen product, collection, or blog post. Add details on availability, style, or even provide a review.<\/p>","link_label":"","link":""}},"ff2df6e1-b931-4855-901e-d8cd587993c8":{"type":"column","settings":{"title":"Column","text":"<p>Pair text with an image to focus on your chosen product, collection, or blog post. Add details on availability, style, or even provide a review.<\/p>","link_label":"","link":""}},"001ad0ad-0269-4c26-92e9-a24fd48d73ff":{"type":"column","settings":{"title":"Column","text":"<p>Pair text with an image to focus on your chosen product, collection, or blog post. Add details on availability, style, or even provide a review.<\/p>","link_label":"","link":""}}},"block_order":["6d1a6ef3-6aee-4929-b1be-49029ae46b21","ff2df6e1-b931-4855-901e-d8cd587993c8","001ad0ad-0269-4c26-92e9-a24fd48d73ff"],"settings":{"title":"","heading_size":"h1","image_width":"third","image_ratio":"square","columns_desktop":3,"column_alignment":"left","background_style":"none","button_label":"Button label","button_link":"","color_scheme":"accent-2","columns_mobile":"1","swipe_on_mobile":false,"padding_top":36,"padding_bottom":36}},"footer-multicolumn":{"type":"footer-multicolumn","blocks":{"5246cd4f-7bc6-42e9-b1c8-dcad89a01c63":{"type":"column","settings":{"title":"Allo Payote ?","text":"<p><a href=\"tel:+33468643224\" title=\"tel:+33468643224\"><strong>04 68 64 32 24<\/strong><\/a><br\/>Du Lundi au Vendredi<br\/>9h-13h \/ 14h-17h<\/p>","link_label":"","link":"","color_scheme":"background-1"}},"223f5ee8-f21b-4ddc-8bee-e5ff5f375aec":{"type":"column","settings":{"title":"Paiement Sécurisé","text":"<p><strong>En une ou plusieurs fois,<\/strong><br\/>via Paypal, carte bancaire,<br\/>virement ou chèque.<\/p>","link_label":"","link":"","color_scheme":"background-1"}},"5a859d92-2ca4-40a2-974c-7c1aa7c29bb9":{"type":"column","settings":{"title":"Livraison Offerte","text":"<p><strong>En France<\/strong><br\/>dès 45€ d'achat.<\/p>","link_label":"","link":"","color_scheme":"background-1"}}},"block_order":["5246cd4f-7bc6-42e9-b1c8-dcad89a01c63","223f5ee8-f21b-4ddc-8bee-e5ff5f375aec","5a859d92-2ca4-40a2-974c-7c1aa7c29bb9"],"settings":{"layout":"grid","image_maxwidth":72,"columns_desktop":3,"column_alignment":"center","background_style":"none","color_scheme":"background-2","background_color":"#e4f2fa","columns_mobile":"1","padding_top":100,"padding_bottom":0}},"ss-newsletter-popups":{"type":"ss-newsletter-popups","settings":{"couleur-fond":"#003b9a","couleur-titre":"#ffffff","couleur-desc":"#ffffff","couleur-texte-btn":"#ffffff","couleur-bordure":"#e4f2fa","alignement-titre":"center","titre":"TENTEZ DE REMPORTER UNE PAIRE DE PAYOTE","tags":"newsletter, concours","desc":"Tentez de remporter une paire de Payote en vous inscrivant à notre newsletter !","image":"shopify:\/\/shop_images\/MIK09947.jpg","titre-c":"Merci de vous être inscrit.e !","desc-c":"Le tirage au sort sera fait à la fin du mois. Le gagnant sera contacté par mail.","error":"Vous êtes déjà abonné à notre newsletter !"}},"announcement-bar-2":{"type":"announcement-bar-2","blocks":{"announcement-bar-2-0":{"type":"announcement","settings":{"text":"<p><strong>RETOURS OFFERTS* SANS MINIMUM D'ACHAT<\/strong> 🎁<\/p>","button_link":"shopify:\/\/pages\/livraison-et-retour","text_alignment":"center"}}},"block_order":["announcement-bar-2-0"],"settings":{"background_color":"#e4f2fa","auto_rotate":true,"change_slides_speed":3,"color_scheme":"background-2"}}},"content_for_index":[],"blocks":{"1309651709796516356":{"type":"shopify:\/\/apps\/back-in-stock-out-of-stock\/blocks\/app-embed\/903b5cdc-6e3f-4b2d-a8ea-d1ade7f41610","disabled":true,"settings":{}},"15683396631634586217":{"type":"shopify:\/\/apps\/inbox\/blocks\/chat\/841fc607-4181-4ad1-842d-e24d7f8bad6b","disabled":true,"settings":{"button_color":"#21306b","button_icon":"chat_bubble","button_text":"no_text","button_horizontal_position":"bottom_right","button_vertical_position":"lowest","greeting_message":"👋 Bonjour ! \nNous répondons à vos questions de 9h à 13h et de 14h à 17h du Lundi au Vendredi."}},"13019466082614940324":{"type":"shopify:\/\/apps\/product-colors-linkify\/blocks\/app-embed-block\/1fdc741b-f4ed-4b8c-aee7-aa5e4ad76aa8","disabled":false,"settings":{}},"4095653568973655092":{"type":"shopify:\/\/apps\/myappgurus-product-reviews\/blocks\/app-embed\/0cf5caa0-e138-46b8-999b-520d16633e4c","disabled":false,"settings":{"hide_star":false,"collection_target_class":""}},"13768625480086291342":{"type":"shopify:\/\/apps\/forms\/blocks\/forms\/8744a304-fcb1-4347-b211-bb6b4759a76a","disabled":false,"settings":{}},"5946647744298494267":{"type":"shopify:\/\/apps\/wishlist-plus\/blocks\/wishlist-app-embed\/80c3b1fc-3a8f-407e-8367-ffdeebb8b612","disabled":true,"settings":{}}}},"presets":{"Default":{"colors_solid_button_labels":"#ffffff","colors_accent_1":"#121212","gradient_accent_1":"","colors_accent_2":"#334fb4","gradient_accent_2":"","colors_text":"#121212","colors_outline_button_labels":"#121212","colors_background_1":"#ffffff","gradient_background_1":"","colors_background_2":"#f3f3f3","gradient_background_2":"","type_header_font":"assistant_n4","heading_scale":100,"type_body_font":"assistant_n4","body_scale":100,"page_width":1200,"spacing_sections":0,"spacing_grid_horizontal":8,"spacing_grid_vertical":8,"buttons_border_thickness":1,"buttons_border_opacity":100,"buttons_radius":0,"buttons_shadow_opacity":0,"buttons_shadow_horizontal_offset":0,"buttons_shadow_vertical_offset":4,"buttons_shadow_blur":5,"variant_pills_border_thickness":1,"variant_pills_border_opacity":55,"variant_pills_radius":40,"variant_pills_shadow_opacity":0,"variant_pills_shadow_horizontal_offset":0,"variant_pills_shadow_vertical_offset":4,"variant_pills_shadow_blur":5,"inputs_border_thickness":1,"inputs_border_opacity":55,"inputs_radius":0,"inputs_shadow_opacity":0,"inputs_shadow_horizontal_offset":0,"inputs_shadow_vertical_offset":4,"inputs_shadow_blur":5,"card_style":"standard","card_image_padding":0,"card_text_alignment":"left","card_color_scheme":"background-2","card_border_thickness":0,"card_border_opacity":10,"card_corner_radius":0,"card_shadow_opacity":0,"card_shadow_horizontal_offset":0,"card_shadow_vertical_offset":4,"card_shadow_blur":5,"collection_card_style":"standard","collection_card_image_padding":0,"collection_card_text_alignment":"left","collection_card_color_scheme":"background-2","collection_card_border_thickness":0,"collection_card_border_opacity":10,"collection_card_corner_radius":0,"collection_card_shadow_opacity":0,"collection_card_shadow_horizontal_offset":0,"collection_card_shadow_vertical_offset":4,"collection_card_shadow_blur":5,"blog_card_style":"standard","blog_card_image_padding":0,"blog_card_text_alignment":"left","blog_card_color_scheme":"background-2","blog_card_border_thickness":0,"blog_card_border_opacity":10,"blog_card_corner_radius":0,"blog_card_shadow_opacity":0,"blog_card_shadow_horizontal_offset":0,"blog_card_shadow_vertical_offset":4,"blog_card_shadow_blur":5,"text_boxes_border_thickness":0,"text_boxes_border_opacity":10,"text_boxes_radius":0,"text_boxes_shadow_opacity":0,"text_boxes_shadow_horizontal_offset":0,"text_boxes_shadow_vertical_offset":4,"text_boxes_shadow_blur":5,"media_border_thickness":1,"media_border_opacity":5,"media_radius":0,"media_shadow_opacity":0,"media_shadow_horizontal_offset":0,"media_shadow_vertical_offset":4,"media_shadow_blur":5,"popup_border_thickness":1,"popup_border_opacity":10,"popup_corner_radius":0,"popup_shadow_opacity":0,"popup_shadow_horizontal_offset":0,"popup_shadow_vertical_offset":4,"popup_shadow_blur":5,"drawer_border_thickness":1,"drawer_border_opacity":10,"drawer_shadow_opacity":0,"drawer_shadow_horizontal_offset":0,"drawer_shadow_vertical_offset":4,"drawer_shadow_blur":5,"badge_position":"bottom left","badge_corner_radius":40,"sale_badge_color_scheme":"accent-2","sold_out_badge_color_scheme":"inverse","accent_icons":"text","social_twitter_link":"","social_facebook_link":"","social_pinterest_link":"","social_instagram_link":"","social_tiktok_link":"","social_tumblr_link":"","social_snapchat_link":"","social_youtube_link":"","social_vimeo_link":"","predictive_search_enabled":true,"predictive_search_show_vendor":false,"predictive_search_show_price":false,"currency_code_enabled":true,"cart_type":"notification","show_vendor":false,"show_cart_note":false,"sections":{"announcement-bar":{"type":"announcement-bar","blocks":{"announcement-bar-0":{"type":"announcement","settings":{"text":"<p>Welcome to our store<\/p>","text_alignment":"center"}}},"block_order":["announcement-bar-0"],"settings":{"background_color":"#ffffff"}},"header":{"type":"header","settings":{"color_scheme":"background-1","logo_width":90,"logo_position":"middle-left","menu":"main-menu","menu_type_desktop":"dropdown","show_line_separator":true,"enable_sticky_header":true,"mobile_logo_position":"center","margin_bottom":0,"padding_top":20,"padding_bottom":20}},"footer":{"type":"footer","blocks":{"footer-0":{"type":"link_list","settings":{"heading":"Quick links","menu":"footer"}},"footer-1":{"type":"link_list","settings":{"heading":"Info","menu":"footer"}},"footer-2":{"type":"text","settings":{"heading":"Our mission","subtext":"<p>Share contact information, store details, and brand content with your customers.<\/p>"}}},"block_order":["footer-0","footer-1","footer-2"],"settings":{"color_scheme":"background-1","newsletter_enable":true,"newsletter_heading":"Subscribe to our emails","show_social":true,"enable_country_selector":false,"enable_language_selector":false,"payment_enable":true,"margin_top":48,"padding_top":36,"padding_bottom":36}},"main-password-header":{"type":"main-password-header","settings":{"logo":"{{ shop.brand.logo }}","logo_max_width":100,"color_scheme":"background-1"}},"main-password-footer":{"type":"main-password-footer","settings":{"color_scheme":"background-1"}}}}}}