{"sections":{"5ce137f7-c5ac-4241-90ec-645a49d5431c":{"type":"image-banner","blocks":{"e926efd1-47aa-445b-996c-91ae16619d28":{"type":"heading","settings":{"heading":"Vous avez perdu pieds ?","heading_size":"h1"}},"d467f57a-8cb1-400a-aadc-8ad3a744ea83":{"type":"text","settings":{"text":"Retournez sur vos pas !","text_style":"subtitle"}},"96f9788f-e3f6-4343-802c-8bf83145ef19":{"type":"buttons","settings":{"button_label_1":"Homme","button_link_1":"shopify:\/\/collections\/homme","button_style_secondary_1":false,"button_label_2":"Femme","button_link_2":"shopify:\/\/collections\/femme","button_style_secondary_2":false}}},"block_order":["e926efd1-47aa-445b-996c-91ae16619d28","d467f57a-8cb1-400a-aadc-8ad3a744ea83","96f9788f-e3f6-4343-802c-8bf83145ef19"],"settings":{"image":"shopify:\/\/shop_images\/baniere_erreur_404_4fa9aeb6-4fc3-4572-bd14-432baf461ad8.webp","image_overlay_opacity":0,"image_height":"large","adapt_height_first_image":false,"desktop_content_position":"middle-center","show_text_box":false,"desktop_content_alignment":"center","color_scheme":"background-1","mobile_content_alignment":"center","stack_images_on_mobile":false,"show_text_below":false}},"main":{"type":"main-404","disabled":true,"settings":{}}},"order":["5ce137f7-c5ac-4241-90ec-645a49d5431c","main"]}