{"sections":{"slideshow_brpfte":{"type":"slideshow","blocks":{"slide_aeBPwb":{"type":"slide","settings":{"image":"shopify:\/\/shop_images\/ocean-water-with-swimmers.webp","heading":"\"LA MUSIQUE DE PAYOTE\", c'est quoi ?","heading_size":"h1","subheading":"Vous avez sûrement entendu fredonner un petit air estival ces derniers temps sur nos réseaux... Mais alors quelle est cette mystérieuse \"Chanson de Payote\" qui respire le sud ?","button_label":"","link":"","button_style_secondary":false,"link_on_slide":true,"box_align":"middle-center","show_text_box":false,"text_alignment":"center","image_overlay_opacity":0,"color_scheme":"background-1","text_alignment_mobile":"center","mobile_box_align":"middle-center"}}},"block_order":["slide_aeBPwb"],"settings":{"layout":"full_bleed","slide_height":"small","slider_visual":"counter","auto_rotate":false,"change_slides_speed":5,"change_slides_per_page":1,"change_slides_to_show":1,"show_text_below":true,"accessibility_info":"Slideshow about our brand"}},"rich_text_nGJbza":{"type":"rich-text","blocks":{"heading_FHjzPm":{"type":"heading","settings":{"heading":"<p>Pour commencer d'où vient l'idée de cette chanson ? <\/p>","heading_size":"h2","heading_color_part1":"#21306b","heading_color_part2":"#ef6a20","no_color":true,"animate":false}},"text_Gxykhi":{"type":"text","settings":{"text":"<p>Eh bien c'est très simple ! Un jour Olivier était entouré de ses amis au restaurant et l'un d'entre eux s'exclame : \"Olivier comment tu n'as pas encore créé le collectif des espadrilles ?\" <em>(réf. collectif des tongs sur Youtube)<\/em>.<br\/><br\/>D'une idée à une autre, le groupe d'amis en est venu à la création d'<strong>une chanson qui représenterai Payote<\/strong> !<br\/> Mais pas seulement ! Il était important de mettre une bonne dose de Sud et de bonne humeur dans cette musique.<br\/>Vous y retrouverez notre département des Pyrénées-Orientales avec notre magnifique <a href=\"\/collections\/canigo\" target=\"_blank\" title=\"Canigó\">Canigó<\/a>, les bons moments passés avec nos proches ont été mis à l'honneur dans celle-ci !<br\/><br\/> Olivier a beaucoup de cordes à son arc...ou plutôt à sa semelle. Sans plus tarder, il partit dans la <strong>fulgurante aventure de la chanson estivale<\/strong> ! Bien qu'il adore les karaokés, ses compétences de chanteur pourraient bien rendre jalou Pérun le Dieu du tonnerre et des orages…<\/p>","text_color":"#21306b","text_style":"classic","text_size":"small"}}},"block_order":["heading_FHjzPm","text_Gxykhi"],"settings":{"desktop_content_position":"center","content_alignment":"center","color_scheme":"background-1","full_width":true,"reductible":false,"max_width":100,"padding_top":40,"padding_bottom":52}},"image_with_text_63qNkJ":{"type":"image-with-text","blocks":{"heading_xgegcJ":{"type":"heading","settings":{"heading":"\"Vous chantez ?\", demanda Olivier","heading_size":"h2","heading_color":"#21306b","img_replacement":false,"heading_alignment":"left"}},"text_jze88c":{"type":"text","settings":{"text":"<p>En ce début de mois de février, Olivier curieux d'écouter ses paroles minutieusement écrites avec ses copains, décida de faire un<strong> appel aux talents sur les réseaux sociaux<\/strong>. <br\/><\/p><p>Il publia le 4 février, une story de 24h sur Instagram et Facebook avec un message d'apparence simple : <br\/><br\/><em>\"A la recherche d'une chanteuse ou d'un chanteur pour un nouveau spot pub pour cet été !\" <\/em><\/p><p>S'en suivi dans la soirée de <strong>dizaines de propositions venant de toute la France<\/strong> ! <br\/><br\/>Un engouement qui a su émouvoir le fondateur de Payote, pour qui, ces paroles représentent l'amour pour sa belle région.<\/p>","text_style":"body","text_column":1,"text_color":"#21306b","img_replacement":false,"text_alignment":"left"}}},"block_order":["heading_xgegcJ","text_jze88c"],"settings":{"image":"shopify:\/\/shop_images\/Screenshot_20240221_125432_Instagram_1_c08a751f-0ce7-404c-84cd-9a467b39e19c.webp","height":"adapt","desktop_image_width":"medium","layout":"image_first","full_width":false,"side_side":false,"desktop_content_position":"middle","desktop_content_alignment":"left","content_layout":"no-overlap","no_color":true,"color_scheme":"background-1","background_color":"#ffffff","mobile_content_alignment":"left","padding_top":36,"padding_bottom":36}},"rich_text_DMigAx":{"type":"rich-text","blocks":{"heading_mNFikC":{"type":"heading","settings":{"heading":"<p>Plus de 60 artistes en 24H !<\/p>","heading_size":"h2","heading_color_part1":"#21306b","heading_color_part2":"#ef6a20","no_color":false,"animate":true}}},"block_order":["heading_mNFikC"],"settings":{"desktop_content_position":"center","content_alignment":"center","color_scheme":"background-1","full_width":false,"reductible":false,"max_width":70,"padding_top":40,"padding_bottom":52}},"image_with_text_83F6pc":{"type":"image-with-text","blocks":{"heading_zhbNy4":{"type":"heading","settings":{"heading":"A la recherche des candidats parfaits !","heading_size":"h2","heading_color":"#21306b","img_replacement":false,"heading_alignment":"left"}},"text_t9jwC8":{"type":"text","settings":{"text":"<p>Sans attendre, l'équipe Payote est entrée dans l'investigation des chanteur.euse.s parfait.e.s !<br\/><br\/>Pour répondre à cet enthousiasme, nous avons ouvert une adresse mail pour recevoir les multiples candidatures.<br\/><br\/>Et tel le jury de The Voice, nous avons commencé à écouter vos plus belles reprises tous les jours !<br\/><\/p><p><strong>Mais comment candidater ducoup ? <\/strong><\/p><p>Si vous avez envie de poser votre voix sur l'entrainant rythme de \"Sara perche ti amo\" avec des paroles qui respirent le sud et l'amitié alors c'est votre moment pour briller ! <br\/><br\/>Envoyez-nous un mail sur l'adresse : <strong>casting@payote.fr <\/strong>avec un extrait de la chanson !<\/p>","text_style":"body","text_column":1,"text_color":"#21306b","img_replacement":false,"text_alignment":"left"}},"button_tc8Wcm":{"type":"button","settings":{"button_label":"LES PAROLES","button_link":"https:\/\/docs.google.com\/document\/d\/1qRqGgishWyM-mjLEIGmVWIVuxi3yMujep1mvcH42GHI\/edit?usp=sharing","icon":"none","button_color":"#21306b","button_text_color":"#ffffff","img_replacement":false}}},"block_order":["heading_zhbNy4","text_t9jwC8","button_tc8Wcm"],"settings":{"video":"shopify:\/\/files\/videos\/Snapinsta.app_video_10000000_7126200780790780_6405887097657553668_n.mp4","video_mobile":"shopify:\/\/files\/videos\/Snapinsta.app_video_10000000_7126200780790780_6405887097657553668_n.mp4","height":"adapt","desktop_image_width":"medium","layout":"text_first","full_width":false,"side_side":false,"desktop_content_position":"middle","desktop_content_alignment":"left","content_layout":"no-overlap","no_color":true,"color_scheme":"background-1","background_color":"#ffffff","mobile_content_alignment":"left","padding_top":36,"padding_bottom":36}},"rich_text_339RCp":{"type":"rich-text","blocks":{"heading_8iPNMY":{"type":"heading","settings":{"heading":"<p>A VOS MICROS, PRÊT.E... CHANTEZ !<\/p>","heading_size":"h1","heading_color_part1":"#21306b","heading_color_part2":"#ef6a20","no_color":false,"animate":false}}},"block_order":["heading_8iPNMY"],"settings":{"desktop_content_position":"center","content_alignment":"center","color_scheme":"background-1","full_width":true,"reductible":false,"max_width":100,"padding_top":40,"padding_bottom":52}},"main":{"type":"main-article","custom_css":[],"settings":{}},"featured_product_list_hVh3RL":{"type":"featured_product_list","settings":{"title":"RECOMMANDATIONS","heading_size":"h1","description":"","show_description":false,"description_style":"body","products":["visite-de-latelier","espadrille-audrey","kit-fabrique-ton-espadrille-amandine-1"],"products_to_show":4,"columns_desktop":3,"full_width":false,"show_view_all":true,"view_all_style":"solid","enable_desktop_slider":false,"slider_visual":"counter","auto_rotate":false,"change_slides_speed":5,"change_slides_per_page":1,"color_scheme":"background-1","image_ratio":"adapt","show_secondary_image":false,"show_vendor":false,"show_rating":false,"enable_quick_add":false,"columns_mobile":"2","swipe_on_mobile":false,"padding_top":36,"padding_bottom":36}}},"order":["slideshow_brpfte","rich_text_nGJbza","image_with_text_63qNkJ","rich_text_DMigAx","image_with_text_83F6pc","rich_text_339RCp","main","featured_product_list_hVh3RL"]}