{"sections":{"slideshow_brpfte":{"type":"slideshow","blocks":{"slide_aeBPwb":{"type":"slide","settings":{"image":"shopify:\/\/shop_images\/IMG_5910.webp","image_mobile":"shopify:\/\/shop_images\/IMG_5910.webp","heading":"Payote x Ôbaba","heading_size":"h1","subheading":"","button_label":"","link":"","button_style_secondary":false,"link_on_slide":true,"box_align":"middle-center","show_text_box":false,"text_alignment":"center","image_overlay_opacity":0,"color_scheme":"background-1","text_alignment_mobile":"center","mobile_box_align":"middle-center"}}},"block_order":["slide_aeBPwb"],"settings":{"layout":"full_bleed","slide_height":"small","slider_visual":"counter","auto_rotate":false,"change_slides_speed":5,"change_slides_per_page":1,"change_slides_to_show":1,"show_text_below":true,"accessibility_info":"Slideshow about our brand"}},"rich_text_nGJbza":{"type":"rich-text","blocks":{"heading_FHjzPm":{"type":"heading","settings":{"heading":"<p>La collaboration qui respire l'été !<\/p>","heading_size":"h2","heading_color_part1":"#21306b","heading_color_part2":"#ef6a20","no_color":true,"animate":false}}},"block_order":["heading_FHjzPm"],"settings":{"desktop_content_position":"center","content_alignment":"center","color_scheme":"background-1","full_width":true,"reductible":false,"max_width":100,"padding_top":40,"padding_bottom":52}},"image_with_text_63qNkJ":{"type":"image-with-text","blocks":{"heading_xgegcJ":{"type":"heading","settings":{"heading":"Revenons sur nos pas, en 2016...","heading_size":"p","heading_color":"#21306b","img_replacement":false,"heading_alignment":"left"}},"text_jze88c":{"type":"text","settings":{"text":"<p>Et oui ! En <strong>2016<\/strong>, Olivier, Philippe et Mario avaient déjà échangé au sujet d'une <strong>éventuelle collaboration<\/strong> ! 🥰<\/p><p>Seulement, les deux marques étaient très jeunes et se lançaient à peine dans leur <strong>belle aventure<\/strong>...🤞<\/p><p>Alors quoi de mieux que de se dire <strong>rendez-vous dans 7 ans<\/strong> ? <\/p><p>Et oui ! C'est <strong>7 ans plus tard<\/strong> (coïncidence ou signe du destin? 😁), qu'ils se sont croisés sur le <strong>salon du Made In France<\/strong>, <strong>à Paris<\/strong>, et que l'idée de travailler ensemble s'est enfin concrétisée ! 😊<\/p>","text_style":"body","text_column":1,"text_color":"#21306b","img_replacement":false,"text_alignment":"left"}}},"block_order":["heading_xgegcJ","text_jze88c"],"settings":{"image":"shopify:\/\/shop_images\/image00001-_7__1.webp","height":"adapt","desktop_image_width":"medium","layout":"image_first","full_width":false,"side_side":false,"desktop_content_position":"middle","desktop_content_alignment":"left","content_layout":"no-overlap","no_color":true,"color_scheme":"background-1","background_color":"#ffffff","mobile_content_alignment":"left","padding_top":36,"padding_bottom":36}},"image_with_text_w4AnmU":{"type":"image-with-text","blocks":{"heading_ymMHTe":{"type":"heading","settings":{"heading":"Une collaboration solaire aux valeurs communes !","heading_size":"p","heading_color":"#21306b","img_replacement":false,"heading_alignment":"left"}},"text_tTPFTm":{"type":"text","settings":{"text":"<p>Il faut dire que nous nous sommes parfaitement retrouvés autour de <strong>valeurs communes<\/strong>, de <strong>convivialité<\/strong> et d'<strong>ambiance estivale<\/strong> ! ☀️<\/p><p>Alors quoi de mieux que de vous faire plaisir cet été en vous proposant <strong>LE pack PARFAIT<\/strong> pour vos escapades à la <strong>plage<\/strong> ou encore pour vos <strong>pique-niques<\/strong> en plein air ? 😍<\/p><p>Une <strong>offre exclusive<\/strong> été 2024 !<strong> <\/strong>🔥<\/p><p>C'est le moment de vous laisser tenter par ce <strong>pack original<\/strong> composé d'un <strong>Ôbaba XXL<\/strong> et d'une <strong>paire ROMY<\/strong> pour faire face à l'été ! ✨<\/p>","text_style":"body","text_column":1,"text_color":"#21306b","img_replacement":false,"text_alignment":"left"}}},"block_order":["heading_ymMHTe","text_tTPFTm"],"settings":{"image":"shopify:\/\/shop_images\/IMG_5870.webp","height":"adapt","desktop_image_width":"medium","layout":"text_first","full_width":true,"side_side":false,"desktop_content_position":"middle","desktop_content_alignment":"left","content_layout":"no-overlap","no_color":true,"color_scheme":"background-1","background_color":"#ffffff","mobile_content_alignment":"left","padding_top":36,"padding_bottom":36}},"image_banner_jdhDip":{"type":"image-banner","blocks":{"heading_KUcGNR":{"type":"heading","settings":{"heading":"Payote x Ôbaba, pour se préparer à l'été en toute sérénité...","heading_size":"h2"}},"buttons_NQaHnq":{"type":"buttons","disabled":true,"settings":{"button_label_1":"à moi le drap de plage qui ne s'envole pas !","button_link_1":"https:\/\/www.foiredetoulouse.com\/fr\/infos-pratiques","button_style_secondary_1":false,"button_label_2":"Je prends mon pied avec le pack complet !","button_link_2":"https:\/\/www.foiredetoulouse.com\/fr\/billetterie","button_style_secondary_2":false}}},"block_order":["heading_KUcGNR","buttons_NQaHnq"],"settings":{"image":"shopify:\/\/shop_images\/drap-plage-obaba-xxl-moorea-situation.webp","image_2":"shopify:\/\/shop_images\/drap-plage-obaba-xxl-mykonos-2-filles.webp","image_overlay_opacity":0,"image_height":"medium","adapt_height_first_image":false,"desktop_content_position":"middle-center","show_text_box":true,"desktop_content_alignment":"center","color_scheme":"background-1","mobile_content_alignment":"center","mobile_content_position":"middle-center","stack_images_on_mobile":true,"show_text_below":true}},"rich_text_339RCp":{"type":"rich-text","blocks":{"heading_8iPNMY":{"type":"heading","settings":{"heading":"<p>Merci de nous permettre de grandir, d'oser et surtout, de rêver !<\/p>","heading_size":"h1","heading_color_part1":"#21306b","heading_color_part2":"#ef6a20","no_color":true,"animate":false}}},"block_order":["heading_8iPNMY"],"settings":{"desktop_content_position":"center","content_alignment":"center","color_scheme":"background-1","full_width":true,"reductible":false,"max_width":100,"padding_top":40,"padding_bottom":52}},"main":{"type":"main-article","custom_css":[],"settings":{}},"featured_product_list_hVh3RL":{"type":"featured_product_list","settings":{"title":"RECOMMANDATIONS","heading_size":"h1","description":"","show_description":false,"description_style":"body","products":["visite-de-latelier","espadrille-audrey","kit-fabrique-ton-espadrille-amandine-1"],"products_to_show":4,"columns_desktop":3,"full_width":false,"show_view_all":true,"view_all_style":"solid","enable_desktop_slider":false,"slider_visual":"counter","auto_rotate":false,"change_slides_speed":5,"change_slides_per_page":1,"color_scheme":"background-1","image_ratio":"adapt","show_secondary_image":false,"show_vendor":false,"show_rating":false,"enable_quick_add":false,"columns_mobile":"2","swipe_on_mobile":false,"padding_top":36,"padding_bottom":36}}},"order":["slideshow_brpfte","rich_text_nGJbza","image_with_text_63qNkJ","image_with_text_w4AnmU","image_banner_jdhDip","rich_text_339RCp","main","featured_product_list_hVh3RL"]}