{"sections":{"slideshow_brpfte":{"type":"slideshow","blocks":{"slide_aeBPwb":{"type":"slide","settings":{"image":"shopify:\/\/shop_images\/image00001_1.webp","heading":"","heading_size":"h1","subheading":"","button_label":"","link":"","button_style_secondary":false,"link_on_slide":true,"box_align":"middle-center","show_text_box":false,"text_alignment":"center","image_overlay_opacity":0,"color_scheme":"background-1","text_alignment_mobile":"center","mobile_box_align":"middle-center"}}},"block_order":["slide_aeBPwb"],"settings":{"layout":"full_bleed","slide_height":"small","slider_visual":"counter","auto_rotate":false,"change_slides_speed":5,"change_slides_per_page":1,"change_slides_to_show":1,"show_text_below":true,"accessibility_info":"Slideshow about our brand"}},"rich_text_nGJbza":{"type":"rich-text","blocks":{"heading_FHjzPm":{"type":"heading","settings":{"heading":"<p>Aviez-vous déjà vu une Payote à roulettes ?<\/p>","heading_size":"h2","heading_color_part1":"#21306b","heading_color_part2":"#ef6a20","no_color":true,"animate":false}},"text_Gxykhi":{"type":"text","settings":{"text":"<p>Cette année, la team Payote est fière d'avoir participé, pour la deuxième fois consécutive, à la descente de caisses à savon en plein coeur d'Opoul, dans le 66  !<\/p>","text_color":"#21306b","text_style":"classic","text_size":"small"}}},"block_order":["heading_FHjzPm","text_Gxykhi"],"settings":{"desktop_content_position":"center","content_alignment":"center","color_scheme":"background-1","full_width":true,"reductible":false,"max_width":100,"padding_top":40,"padding_bottom":52}},"image_with_text_63qNkJ":{"type":"image-with-text","blocks":{"heading_xgegcJ":{"type":"heading","settings":{"heading":"Retour 1 an auparavant...","heading_size":"p","heading_color":"#21306b","img_replacement":false,"heading_alignment":"left"}},"text_jze88c":{"type":"text","settings":{"text":"<p>Il y a de ça 1 an, Tonton Payote nous a fait la chouette surprise de nous fabriquer une caisse à savon à partir de matériaux récupérés à la déchetterie !<\/p><p>Entre vieilles armoires, bidons, sommier et châssis de mini quad, nous avions là de quoi dévaler les plus belles pentes de la région !<\/p><p>Et le tout ajouté à quoi ? À nos chutes de toiles d'espadrilles, toujours dans une logique de production éthique et responsable.♻️ <\/p><p>Alors ça y est, une espadrille géante à roulettes était prête à débarquer sur le bitume occitan ! Enfin presque...😁<\/p>","text_style":"body","text_column":1,"text_color":"#21306b","img_replacement":false,"text_alignment":"left"}}},"block_order":["heading_xgegcJ","text_jze88c"],"settings":{"image":"shopify:\/\/shop_images\/image00001-_6.webp","height":"adapt","desktop_image_width":"medium","layout":"image_first","full_width":false,"side_side":false,"desktop_content_position":"middle","desktop_content_alignment":"left","content_layout":"no-overlap","no_color":true,"color_scheme":"background-1","background_color":"#ffffff","mobile_content_alignment":"left","padding_top":36,"padding_bottom":36}},"image_with_text_w4AnmU":{"type":"image-with-text","blocks":{"heading_ymMHTe":{"type":"heading","settings":{"heading":"QUOI DE MIEUX QUE \"PAT'PAYOTE\" ?","heading_size":"p","heading_color":"#21306b","img_replacement":false,"heading_alignment":"left"}},"text_tTPFTm":{"type":"text","settings":{"text":"<p>Mais quel joli nom allions-nous donner à cette superbe caisse à savon ?<\/p><p>Comme pour chaque nouvelle aventure, nous avions besoin de vous ! Alors votre mission était la suivante : trouver le nom parfait pour notre nouveau bolide. 👌<\/p><p>MERCI à tous pour vos nombreux retours créatifs et pour le super nom que vous avez fini par choisir : PAT'PAYOTE.<\/p><p>Et bien sûr, cette année, casquette à l'envers, tablier et espadrilles aux pieds, la team Payote a participé à sa deuxième descente de caisses à savon dans le 66 ! 🤩<\/p>","text_style":"body","text_column":1,"text_color":"#21306b","img_replacement":false,"text_alignment":"left"}}},"block_order":["heading_ymMHTe","text_tTPFTm"],"settings":{"image":"shopify:\/\/shop_images\/image00001-_5.webp","height":"adapt","desktop_image_width":"medium","layout":"text_first","full_width":true,"side_side":false,"desktop_content_position":"middle","desktop_content_alignment":"left","content_layout":"no-overlap","no_color":true,"color_scheme":"background-1","background_color":"#ffffff","mobile_content_alignment":"left","padding_top":36,"padding_bottom":36}},"rich_text_339RCp":{"type":"rich-text","blocks":{"heading_8iPNMY":{"type":"heading","settings":{"heading":"<p>Merci de nous permettre de grandir, d'oser et surtout, de rêver !<\/p>","heading_size":"h1","heading_color_part1":"#21306b","heading_color_part2":"#ef6a20","no_color":true,"animate":false}}},"block_order":["heading_8iPNMY"],"settings":{"desktop_content_position":"center","content_alignment":"center","color_scheme":"background-1","full_width":true,"reductible":false,"max_width":100,"padding_top":40,"padding_bottom":52}},"main":{"type":"main-article","custom_css":[],"settings":{}},"featured_product_list_hVh3RL":{"type":"featured_product_list","settings":{"title":"RECOMMANDATIONS","heading_size":"h1","description":"","show_description":false,"description_style":"body","products":["visite-de-latelier","espadrille-audrey","kit-fabrique-ton-espadrille-amandine-1"],"products_to_show":4,"columns_desktop":3,"full_width":false,"show_view_all":true,"view_all_style":"solid","enable_desktop_slider":false,"slider_visual":"counter","auto_rotate":false,"change_slides_speed":5,"change_slides_per_page":1,"color_scheme":"background-1","image_ratio":"adapt","show_secondary_image":false,"show_vendor":false,"show_rating":false,"enable_quick_add":false,"columns_mobile":"2","swipe_on_mobile":false,"padding_top":36,"padding_bottom":36}}},"order":["slideshow_brpfte","rich_text_nGJbza","image_with_text_63qNkJ","image_with_text_w4AnmU","rich_text_339RCp","main","featured_product_list_hVh3RL"]}