{"sections":{"slideshow_brpfte":{"type":"slideshow","blocks":{"slide_aeBPwb":{"type":"slide","settings":{"image":"shopify:\/\/shop_images\/languedoc-roussillon-collioure.1543013.webp","image_mobile":"shopify:\/\/shop_images\/languedoc-roussillon-collioure.1543013.webp","heading":"Notre belle région à vos pieds","heading_size":"h1","subheading":"","button_label":"","link":"","button_style_secondary":false,"link_on_slide":true,"box_align":"middle-center","show_text_box":false,"text_alignment":"center","image_overlay_opacity":0,"color_scheme":"background-1","text_alignment_mobile":"center","mobile_box_align":"middle-center"}}},"block_order":["slide_aeBPwb"],"settings":{"layout":"full_bleed","slide_height":"small","slider_visual":"counter","auto_rotate":false,"change_slides_speed":5,"change_slides_per_page":1,"change_slides_to_show":1,"show_text_below":true,"accessibility_info":"Slideshow about our brand"}},"rich_text_piymKp":{"type":"rich-text","blocks":{"text_96eGe6":{"type":"text","settings":{"text":"<p>Chez Payote, chaque paire d'espadrilles raconte une histoire. Ici, c'est celle de notre belle région que l'on a voulu représenter ! Des lieux ont été pour nous une ode à l'inspiration, puisqu'ils incarnent parfaitement l'âme du Sud-Ouest de la France...<\/p>","text_color":"#21306b","text_style":"classic","text_size":"small"}}},"block_order":["text_96eGe6"],"settings":{"desktop_content_position":"center","content_alignment":"center","color_scheme":"background-1","full_width":true,"reductible":false,"max_width":100,"padding_top":40,"padding_bottom":52}},"image_with_text_63qNkJ":{"type":"image-with-text","blocks":{"heading_xgegcJ":{"type":"heading","settings":{"heading":"Un hommage à la Côte Vermeille","heading_size":"h2","heading_color":"#21306b","img_replacement":false,"heading_alignment":"left"}},"text_jze88c":{"type":"text","settings":{"text":"<p><strong>Collioure<\/strong> est un joyau de la Méditerranée, un village côtier dont les couleurs éclatantes ont inspiré des générations d’artistes !<\/p><p><strong>L’espadrille Collioure<\/strong>, avec ses nuances de bleu et de sable doré, capture l’essence de cette <strong>ville ensoleillée<\/strong>. <\/p><p>Porter une <strong>paire de Collioure<\/strong>, c’est emporter un morceau de cette côte magnifique avec soi, ressentir <strong>la<\/strong> <strong>douceur des vagues<\/strong> et <strong>l’éclat du soleil<\/strong> à chaque pas. <\/p><p>Que ce soit pour flâner le long des plages ou explorer les ruelles pavées de Collioure, cette espadrille est une <strong>invitation à la détente et à l’évasion<\/strong>.<\/p>","text_style":"body","text_column":1,"text_color":"#21306b","img_replacement":false,"text_alignment":"left"}},"button_kUeAhq":{"type":"button","settings":{"button_label":"Direction Collioure ! 🥰","button_link":"shopify:\/\/products\/espadrille-collioure","icon":"none","button_color":"#21306b","button_text_color":"#ffffff","img_replacement":false}}},"block_order":["heading_xgegcJ","text_jze88c","button_kUeAhq"],"settings":{"image":"shopify:\/\/shop_images\/espdrille-collioure-payote_526adec8-81cd-46fd-b448-92864b2cf3ad.webp","height":"adapt","desktop_image_width":"medium","layout":"text_first","full_width":false,"side_side":false,"desktop_content_position":"middle","desktop_content_alignment":"left","content_layout":"no-overlap","no_color":true,"color_scheme":"background-1","background_color":"#ffffff","mobile_content_alignment":"left","padding_top":36,"padding_bottom":36}},"image_with_text_w4AnmU":{"type":"image-with-text","blocks":{"heading_ymMHTe":{"type":"heading","settings":{"heading":"Une escapade montagnarde","heading_size":"h2","heading_color":"#21306b","img_replacement":false,"heading_alignment":"left"}},"text_tTPFTm":{"type":"text","settings":{"text":"<p><strong>Le Canigо́<\/strong>, ce sommet majestueux qui domine les Pyrénées-Orientales, est <strong>bien plus qu’une montagne<\/strong> ! <\/p><p>C’est un symbole de <strong>liberté<\/strong>, de <strong>force<\/strong> et d’<strong>histoire<\/strong>. <\/p><p><strong>L’espadrille Canigо́<\/strong> est notre hommage à cette nature sauvage et grandiose. <\/p><p>Elle est la paire parfaite pour ceux qui aiment <strong>l’aventure<\/strong> et <strong>la connexion avec la nature<\/strong>. <\/p><p>Chaque paire de <strong>Canigо́<\/strong> vous transporte dans ces paysages montagnards, où l’air est pur et le temps semble suspendu. <\/p><p>Porter cette espadrille, c’est se rappeler <strong>la grandeur de nos montagnes, même en pleine ville<\/strong>.<br\/><br\/><a href=\"\/products\/espadrille-canigo\" target=\"_blank\" title=\"Espadrille Canigó\"><strong>Je grimpe au sommet ! ⛰️<\/strong><\/a><\/p>","text_style":"body","text_column":1,"text_color":"#21306b","img_replacement":false,"text_alignment":"left"}}},"block_order":["heading_ymMHTe","text_tTPFTm"],"settings":{"image":"shopify:\/\/shop_images\/mountain_1.webp","height":"adapt","desktop_image_width":"medium","layout":"image_first","full_width":true,"side_side":false,"desktop_content_position":"middle","desktop_content_alignment":"left","content_layout":"no-overlap","no_color":true,"color_scheme":"background-1","background_color":"#ffffff","mobile_content_alignment":"left","padding_top":36,"padding_bottom":36}},"image_with_text_BV96rh":{"type":"image-with-text","blocks":{"heading_wycerK":{"type":"heading","settings":{"heading":"Le charme de la Ville Rose","heading_size":"h2","heading_color":"#21306b","img_replacement":false,"heading_alignment":"left"}},"text_4eQqMb":{"type":"text","settings":{"text":"<p><strong>Toulouse<\/strong>, la Ville Rose, est connue pour son architecture en briques roses, son ambiance chaleureuse et sa culture vibrante !<\/p><p><strong>L’espadrille Toulouse<\/strong> reflète ce charme unique avec ses nuances rosées et ses détails délicats. Elle est idéale <strong>pour les amoureux du dynamisme urbain<\/strong> tout en gardant une touche d’élégance décontractée. <\/p><p>Que vous déambuliez dans les <strong>rues animées de Toulouse<\/strong> ou que vous profitiez d’une <strong>terrasse ensoleillée<\/strong>, la Toulouse est la compagne parfaite pour allier <strong>confort et style<\/strong>. <\/p><p>Porter cette espadrille, c’est ressentir <strong>l’énergie et la convivialité de cette ville emblématique<\/strong>.<br\/><br\/><a href=\"\/products\/espadrille-toulouse\" target=\"_blank\" title=\"Espadrille Toulouse\">Je mets Toulouse à mes pieds 🩷<\/a><\/p>","text_style":"body","text_column":1,"text_color":"#21306b","img_replacement":false,"text_alignment":"left"}}},"block_order":["heading_wycerK","text_4eQqMb"],"settings":{"image":"shopify:\/\/shop_images\/haut-espadrille-toulouse_10ae268e-8daf-4054-aaa7-f4f6a1f14310.webp","height":"adapt","desktop_image_width":"medium","layout":"text_first","full_width":true,"side_side":false,"desktop_content_position":"middle","desktop_content_alignment":"left","content_layout":"no-overlap","no_color":true,"color_scheme":"background-1","background_color":"#ffffff","mobile_content_alignment":"left","padding_top":36,"padding_bottom":36}},"rich_text_339RCp":{"type":"rich-text","blocks":{"text_EpCgGb":{"type":"text","settings":{"text":"<p>Chaque paire de Payote incarne l’essence de notre région, vous permettant de porter un morceau de nos terres à vos pieds. <\/p><p>Que ce soit pour l’évasion, l’aventure ou l’élégance, nos modèles portent la beauté de notre patrimoine !<\/p>","text_color":"#21306b","text_style":"classic","text_size":"small"}}},"block_order":["text_EpCgGb"],"settings":{"desktop_content_position":"center","content_alignment":"center","color_scheme":"background-1","full_width":true,"reductible":false,"max_width":100,"padding_top":40,"padding_bottom":52}},"main":{"type":"main-article","custom_css":[],"settings":{}},"featured_blog_bWe7yQ":{"type":"featured-blog","settings":{"heading":"Autres articles qui pourraient vous intéresser...","heading_size":"h1","blog":"le-blog","post_limit":3,"columns_desktop":3,"color_scheme":"background-1","show_image":true,"show_date":false,"show_author":false,"show_view_all":true,"padding_top":36,"padding_bottom":36}}},"order":["slideshow_brpfte","rich_text_piymKp","image_with_text_63qNkJ","image_with_text_w4AnmU","image_with_text_BV96rh","rich_text_339RCp","main","featured_blog_bWe7yQ"]}