{"sections":{"main":{"type":"main-article","disabled":true,"settings":{}},"image_banner_869RWB":{"type":"image-banner","blocks":{"heading_nL6CXB":{"type":"heading","settings":{"heading":"5 tenues pour sublimer vos espadrilles unies ✨","heading_size":"h1"}},"text_zrmhHm":{"type":"text","settings":{"text":"Les espadrilles unies sont un incontournable de la garde-robe estivale. Polyvalentes et confortables, elles se marient parfaitement avec une multitude de tenues. Voici cinq idées de looks pour mettre en valeur vos espadrilles unies.","text_style":"body"}}},"block_order":["heading_nL6CXB","text_zrmhHm"],"settings":{"image":"shopify:\/\/shop_images\/model-laughs-barefoot.webp","image_overlay_opacity":0,"image_height":"small","adapt_height_first_image":false,"desktop_content_position":"middle-center","show_text_box":false,"desktop_content_alignment":"center","color_scheme":"background-1","mobile_content_alignment":"center","mobile_content_position":"middle-center","stack_images_on_mobile":true,"show_text_below":true}},"image_with_text_LqQzGL":{"type":"image-with-text","blocks":{"heading_zBt6dW":{"type":"heading","settings":{"heading":"1. Le look bohème chic","heading_size":"h2","heading_color":"#21306b","img_replacement":false,"heading_alignment":"left"}},"text_F9zhFE":{"type":"text","settings":{"text":"<p>Pour un style <strong>bohème et décontracté<\/strong>, optez pour une robe longue fluide imprimée ou unie dans des tons neutres ou pastel. Les espadrilles apporteront une touche de simplicité élégante. 👒Pour compléter ce <strong>look estival<\/strong>, ajoutez un chapeau de paille  et des bracelets en bois. 👒<br\/><br\/>Pour une ensemble fluide et agréable, vous pouvez opter pour une espadrille légère en coton aux couleurs pastels qui se marieront très bien avec votre tenue !<\/p>","text_style":"body","text_column":1,"text_color":"#21306b","img_replacement":false,"text_alignment":"left"}},"button_GJypig":{"type":"button","settings":{"button_label":"Nos espadrilles Pastel","button_link":"https:\/\/payote.fr\/collections\/espadrilles-unies-femme?filter.v.option.couleur=Beige&filter.v.option.couleur=Blanc&filter.v.option.couleur=Bleu+ciel&filter.v.option.couleur=Bleu+Lagon&filter.v.option.couleur=Bleu+pastel&filter.v.option.couleur=Jaune&filter.v.option.couleur=Lilas&filter.v.option.couleur=Rose+p%C3%A2le&filter.v.price.gte=&filter.v.price.lte=&sort_by=manual","icon":"heart","button_color":"#21306b","button_text_color":"#ffffff","img_replacement":false}}},"block_order":["heading_zBt6dW","text_F9zhFE","button_GJypig"],"settings":{"image":"shopify:\/\/shop_images\/stylish-summer-necklace.webp","height":"adapt","desktop_image_width":"medium","layout":"image_first","full_width":true,"side_side":false,"desktop_content_position":"top","desktop_content_alignment":"left","content_layout":"no-overlap","no_color":true,"color_scheme":"background-1","background_color":"#ffffff","mobile_content_alignment":"left","padding_top":36,"padding_bottom":36}},"image_with_text_YxKqh6":{"type":"image-with-text","blocks":{"heading_iBxERa":{"type":"heading","settings":{"heading":"2. Look Casual avec Jean","heading_size":"h2","heading_color":"#21306b","img_replacement":false,"heading_alignment":"left"}},"text_eVXR8V":{"type":"text","settings":{"text":"<p>Pour un style<strong> décontracté mais soigné<\/strong>, associez vos espadrilles avec un jean boyfriend ou un short. <br\/>Repliez légèrement le bas du jean pour mettre en valeur vos espadrilles. Un t-shirt basique ou une blouse fluide fonctionnent à merveille, tout comme une chemise en lin. <br\/><br\/>Complétez le tout avec un sac à main en cuir pour une touche d'élégance. Niveau espadrille, une paire dans les tons bleus est la parfaite option pour compléter et dynamiser le look !<\/p>","text_style":"body","text_column":1,"text_color":"#21306b","img_replacement":false,"text_alignment":"left"}},"button_PQb7x7":{"type":"button","settings":{"button_label":"Nos espadrilles bleues","button_link":"https:\/\/payote.fr\/collections\/espadrilles-unies-femme?filter.v.option.couleur=Bleu+ciel&filter.v.option.couleur=Bleu+Lagon&filter.v.option.couleur=Bleu+marine&filter.v.option.couleur=Bleu+pastel&filter.v.option.couleur=Bleu+roi&filter.v.option.couleur=Bleu+turquoise&filter.v.option.couleur=Jeans&filter.v.price.gte=&filter.v.price.lte=&sort_by=manual","icon":"heart","button_color":"#21306b","button_text_color":"#ffffff","img_replacement":false}}},"block_order":["heading_iBxERa","text_eVXR8V","button_PQb7x7"],"settings":{"image":"shopify:\/\/shop_images\/womens-fashion-woman-denim-shorts-holding-pockets.webp","height":"adapt","desktop_image_width":"medium","layout":"text_first","full_width":true,"side_side":false,"desktop_content_position":"top","desktop_content_alignment":"left","content_layout":"no-overlap","no_color":true,"color_scheme":"background-1","background_color":"#ffffff","mobile_content_alignment":"left","padding_top":36,"padding_bottom":36}},"image_with_text_DxbP3q":{"type":"image-with-text","blocks":{"heading_ABmxBV":{"type":"heading","settings":{"heading":"3. Look de Plage","heading_size":"h2","heading_color":"#21306b","img_replacement":false,"heading_alignment":"left"}},"text_TKqziz":{"type":"text","settings":{"text":"<p>Pour un<strong> look estival parfait pour la plage<\/strong>, choisissez un short en lin ou en coton léger, idéal pour une journée ensoleillée. ☀️<br\/>Associez le avec un haut crop pour une touche moderne et aérée. N'oubliez pas votre chapeau et votre sac de plage pour un ensemble harmonieux.<br\/><br\/>Pour un sac plus minimaliste mais tout aussi pratique pour emporter ses indispensables, accordez votre tenue à un de nos <a href=\"\/collections\/sacs\" target=\"_blank\" title=\"Sacs\">sacs espadrilles ou tote bags à motifs originaux<\/a>. 👜<br\/><br\/>Pour harmoniser le tout, une espadrille avec une couleur détonante sera en parfait accord avec votre bronzage estival !<\/p>","text_style":"body","text_column":1,"text_color":"#21306b","img_replacement":false,"text_alignment":"left"}},"button_66kpMh":{"type":"button","settings":{"button_label":"Nos espadrilles flashys","button_link":"https:\/\/payote.fr\/collections\/espadrilles-unies-femme?filter.v.option.couleur=Jaune&filter.v.option.couleur=Orange&filter.v.option.couleur=Rose&filter.v.option.couleur=Vert&filter.v.option.couleur=Vert+Prairie&filter.v.price.gte=&filter.v.price.lte=&sort_by=manual","icon":"heart","button_color":"#21306b","button_text_color":"#ffffff","img_replacement":false}}},"block_order":["heading_ABmxBV","text_TKqziz","button_66kpMh"],"settings":{"image":"shopify:\/\/shop_images\/model-in-sunglasses-and-summer-clothes_b420cf28-84ac-4b65-8c65-4ee3531fcf38.webp","height":"adapt","desktop_image_width":"medium","layout":"image_first","full_width":true,"side_side":false,"desktop_content_position":"top","desktop_content_alignment":"left","content_layout":"no-overlap","no_color":true,"color_scheme":"background-1","background_color":"#ffffff","mobile_content_alignment":"left","padding_top":36,"padding_bottom":36}},"image_with_text_w6DtRm":{"type":"image-with-text","blocks":{"heading_m3Uae8":{"type":"heading","settings":{"heading":"4. Look Élégant pour le Bureau","heading_size":"h2","heading_color":"#21306b","img_replacement":false,"heading_alignment":"left"}},"text_ym3pFc":{"type":"text","settings":{"text":"<p>Pour un<strong> look professionnel et confortable<\/strong>, portez vos espadrilles avec un pantalon chino ou un pantalon carotte élégant mais confortable. Une blouse en soie ou un chemisier structuré apportera une touche professionnelle. 🌸<br\/><br\/>Pour les journées plus fraîches ou les bureaux climatisés, une veste légère sera parfaite. Une espadrille dans des tons assez discrets peuvent largement convenir à plusieurs tenues !<\/p>","text_style":"body","text_column":1,"text_color":"#21306b","img_replacement":false,"text_alignment":"left"}},"button_fG8nWE":{"type":"button","settings":{"button_label":"Nos espadrilles classiques","button_link":"https:\/\/payote.fr\/collections\/espadrilles-unies-femme?filter.v.option.couleur=Beige&filter.v.option.couleur=Bleu+marine&filter.v.option.couleur=Bordeaux&filter.v.option.couleur=Gris&filter.v.option.couleur=Jeans&filter.v.option.couleur=Kaki&filter.v.option.couleur=Marron&filter.v.option.couleur=Noir&filter.v.price.gte=&filter.v.price.lte=&sort_by=manual","icon":"heart","button_color":"#21306b","button_text_color":"#ffffff","img_replacement":false}}},"block_order":["heading_m3Uae8","text_ym3pFc","button_fG8nWE"],"settings":{"image":"shopify:\/\/shop_images\/a-model-in-khakis-holding-orchids_018a165a-2587-432d-b863-3e83bcbc60e7.webp","height":"adapt","desktop_image_width":"medium","layout":"text_first","full_width":true,"side_side":false,"desktop_content_position":"top","desktop_content_alignment":"left","content_layout":"no-overlap","no_color":true,"color_scheme":"background-1","background_color":"#ffffff","mobile_content_alignment":"left","padding_top":36,"padding_bottom":36}},"image_with_text_TQiz8b":{"type":"image-with-text","blocks":{"heading_hkmbXi":{"type":"heading","settings":{"heading":"5. Look élégant en cuir","heading_size":"h2","heading_color":"#21306b","img_replacement":false,"heading_alignment":"left"}},"text_4kU3dB":{"type":"text","settings":{"text":"<p>Pour un look<strong> élégant mais audacieux<\/strong>, associez vos espadrilles avec un pantalon en cuir ou un legging en simili cuir, parfait pour une tenue raffinée. Portez une blouse en soie ou un haut élégant pour une allure sophistiquée. <br\/><br\/>Complétez cette tenue avec une veste en cuir ajustée pour une touche chic. Un sac à main structuré et des bijoux discrets mais élégants finaliseront ce look, vous permettant de rester à la fois confortable et stylée.<br\/><br\/>Pour finaliser ce look, tous les coloris d'espadrilles peuvent faire l'affaire, de la plus sobre à la plus colorée, libre à vous !<\/p>","text_style":"body","text_column":1,"text_color":"#21306b","img_replacement":false,"text_alignment":"left"}},"button_eeyb7P":{"type":"button","settings":{"button_label":"Toutes nos espadrilles unies","button_link":"shopify:\/\/collections\/espadrilles-unies","icon":"heart","button_color":"#21306b","button_text_color":"#ffffff","img_replacement":false}}},"block_order":["heading_hkmbXi","text_4kU3dB","button_eeyb7P"],"settings":{"image":"shopify:\/\/shop_images\/model-with-leather-jacket-over-shoulders_1.webp","height":"adapt","desktop_image_width":"medium","layout":"image_first","full_width":true,"side_side":false,"desktop_content_position":"top","desktop_content_alignment":"left","content_layout":"no-overlap","no_color":true,"color_scheme":"background-1","background_color":"#ffffff","mobile_content_alignment":"left","padding_top":36,"padding_bottom":36}},"rich_text_HeCHRr":{"type":"rich-text","blocks":{"heading_pV3TJA":{"type":"heading","settings":{"heading":"<p>Mettez la france à vos pieds !<\/p>","heading_size":"h2","heading_color_part1":"#21306b","heading_color_part2":"#ef6a20","no_color":false,"animate":false}},"text_G74nRb":{"type":"text","settings":{"text":"<p>Avec ces cinq tenues, vos<strong> espadrilles unies<\/strong> deviendront un élément central de votre garde-robe estivale, vous permettant de rester à la fois confortable et stylée. N'hésitez pas à adapter ces idées à votre style personnel pour créer des looks qui vous ressemblent.<\/p>","text_color":"#21306b","text_style":"classic","text_size":"small"}}},"block_order":["heading_pV3TJA","text_G74nRb"],"settings":{"desktop_content_position":"center","content_alignment":"center","color_scheme":"background-1","full_width":true,"reductible":false,"max_width":100,"padding_top":40,"padding_bottom":52}}},"order":["main","image_banner_869RWB","image_with_text_LqQzGL","image_with_text_YxKqh6","image_with_text_DxbP3q","image_with_text_w6DtRm","image_with_text_TQiz8b","rich_text_HeCHRr"]}