{"sections":{"slideshow_brpfte":{"type":"slideshow","blocks":{"slide_aeBPwb":{"type":"slide","settings":{"image":"shopify:\/\/shop_images\/toulouse-garonne.webp","image_mobile":"shopify:\/\/shop_images\/toulouse-garonne_08e8b471-4bba-4dca-9f09-a0fea8b9b573.webp","heading":"Un pied dans la ville rose","heading_size":"h1","subheading":"","button_label":"","link":"","button_style_secondary":false,"link_on_slide":true,"box_align":"middle-center","show_text_box":false,"text_alignment":"center","image_overlay_opacity":0,"color_scheme":"background-1","text_alignment_mobile":"center","mobile_box_align":"middle-center"}}},"block_order":["slide_aeBPwb"],"settings":{"layout":"full_bleed","slide_height":"small","slider_visual":"counter","auto_rotate":false,"change_slides_speed":5,"change_slides_per_page":1,"change_slides_to_show":1,"show_text_below":true,"accessibility_info":"Slideshow about our brand"}},"rich_text_piymKp":{"type":"rich-text","blocks":{"text_96eGe6":{"type":"text","settings":{"text":"<p>Chaque étape de notre aventure est une occasion de célébrer notre passion pour le savoir-faire français et de partager notre amour du sud de la France ! En mai 2022, un nouveau cap est franchi avec l'ouverture d'une boutique en plein cœur de Toulouse...<\/p>","text_color":"#21306b","text_style":"classic","text_size":"small"}}},"block_order":["text_96eGe6"],"settings":{"desktop_content_position":"center","content_alignment":"center","color_scheme":"background-1","full_width":true,"reductible":false,"max_width":100,"padding_top":40,"padding_bottom":52}},"image_with_text_63qNkJ":{"type":"image-with-text","blocks":{"heading_xgegcJ":{"type":"heading","settings":{"heading":"Pourquoi Toulouse ?","heading_size":"h2","heading_color":"#21306b","img_replacement":false,"heading_alignment":"left"}},"text_jze88c":{"type":"text","settings":{"text":"<p>Mettre un <strong>pied à terre au coeur de la Ville Rose<\/strong> <strong>au printemps 2022<\/strong> a été bien plus qu'un simple emplacement pour notre nouvelle boutique ! <\/p><p>Ce nouveau tournant de notre belle aventure représente notre <strong>évasion artistique depuis Perpignan<\/strong>, offrant une toile urbaine différente où notre aventure Payote peut s'épanouir pleinement.<\/p><p>Sur notre boutique en ligne, <strong>Toulouse<\/strong> s'illustre fièrement comme la <strong>troisième ville française où nos espadrilles trouvent leur place<\/strong>, tissant ainsi des liens uniques avec les Toulousains.<\/p><p>Cette ouverture marque <strong>un nouveau chapitre<\/strong>, rempli de créativité et d'authenticité, <strong>dans l'histoire de Payote<\/strong>.<\/p>","text_style":"body","text_column":1,"text_color":"#21306b","img_replacement":false,"text_alignment":"left"}}},"block_order":["heading_xgegcJ","text_jze88c"],"settings":{"image":"shopify:\/\/shop_images\/image00002_1bb5dc4a-e613-4b53-a44f-fe192cc6557b.webp","height":"adapt","desktop_image_width":"medium","layout":"text_first","full_width":false,"side_side":false,"desktop_content_position":"middle","desktop_content_alignment":"left","content_layout":"no-overlap","no_color":true,"color_scheme":"background-1","background_color":"#ffffff","mobile_content_alignment":"left","padding_top":36,"padding_bottom":36}},"image_with_text_w4AnmU":{"type":"image-with-text","blocks":{"heading_ymMHTe":{"type":"heading","settings":{"heading":"Comment ?","heading_size":"h2","heading_color":"#21306b","img_replacement":false,"heading_alignment":"left"}},"text_tTPFTm":{"type":"text","settings":{"text":"<p>L’essence même de nos espadrilles Payote prend racine à <strong>Mauléon-Licharre<\/strong>, près de Pau, où notre <strong>lien profond avec l'artisanat local <\/strong>se manifeste pleinement. <\/p><p>Cette proximité géographique renforce l'<strong>authenticité <\/strong>de nos produits, ajoutant une <strong>dimension unique<\/strong> à chaque paire que nous fabriquons. <\/p><p>Pour célébrer cette ouverture exceptionnelle, la <strong>région Occitanie<\/strong> nous a offert l’opportunité de participer à une initiative d’épargne citoyenne via une plateforme de financement participatif. <\/p><p>Chaque pas que nous faisons à Toulouse nous rapproche un peu plus de<strong> notre épanouissement<\/strong> et de <strong>notre mission d’authenticité et de qualité<\/strong>.<\/p>","text_style":"body","text_column":1,"text_color":"#21306b","img_replacement":false,"text_alignment":"left"}}},"block_order":["heading_ymMHTe","text_tTPFTm"],"settings":{"image":"shopify:\/\/shop_images\/image00001_bd4965ee-e80e-4789-8c8d-1d349db4ddcf.webp","height":"adapt","desktop_image_width":"medium","layout":"image_first","full_width":true,"side_side":false,"desktop_content_position":"middle","desktop_content_alignment":"left","content_layout":"no-overlap","no_color":true,"color_scheme":"background-1","background_color":"#ffffff","mobile_content_alignment":"left","padding_top":36,"padding_bottom":36}},"image_with_text_BV96rh":{"type":"image-with-text","blocks":{"heading_wycerK":{"type":"heading","settings":{"heading":"La Ville Rose à vos pieds !","heading_size":"h2","heading_color":"#21306b","img_replacement":false,"heading_alignment":"left"}},"text_4eQqMb":{"type":"text","settings":{"text":"<p>Vous ne croyiez tout de même pas que l'on allait poser le pied à<strong> Toulouse <\/strong>sans la paire qui va avec ?<\/p><p><strong>L’espadrille Toulouse<\/strong> reflète ce charme unique avec ses nuances rosées et ses détails délicats. Elle est idéale <strong>pour les amoureux du dynamisme urbain<\/strong> tout en gardant une touche d’élégance décontractée. <\/p><p>Que vous déambuliez dans les <strong>rues animées de Toulouse<\/strong> ou que vous profitiez d’une <strong>terrasse ensoleillée<\/strong>, la Toulouse est la compagne parfaite pour allier <strong>confort et style<\/strong>. <\/p><p>Porter cette espadrille, c’est ressentir <strong>l’énergie et la convivialité de cette ville emblématique<\/strong>.<br\/><br\/><a href=\"\/products\/espadrille-toulouse\" target=\"_blank\" title=\"Espadrille Toulouse\">Je mets Toulouse à mes pieds 🩷<\/a><\/p>","text_style":"body","text_column":1,"text_color":"#21306b","img_replacement":false,"text_alignment":"left"}}},"block_order":["heading_wycerK","text_4eQqMb"],"settings":{"image":"shopify:\/\/shop_images\/haut-espadrille-toulouse_10ae268e-8daf-4054-aaa7-f4f6a1f14310.webp","height":"adapt","desktop_image_width":"medium","layout":"text_first","full_width":true,"side_side":false,"desktop_content_position":"middle","desktop_content_alignment":"left","content_layout":"no-overlap","no_color":true,"color_scheme":"background-1","background_color":"#ffffff","mobile_content_alignment":"left","padding_top":36,"padding_bottom":36}},"rich_text_339RCp":{"type":"rich-text","blocks":{"text_EpCgGb":{"type":"text","settings":{"text":"<p>Cette histoire de semelles nous emmène bien au-delà des frontières de Perpignan, laissant dans chaque ruelle toulousaine une empreinte joyeuse de l'élégance décontractée à la française, signée Payote.<\/p><p>Alors MERCI à vous, MERCI de rendre tout cela possible ❤️<\/p>","text_color":"#21306b","text_style":"classic","text_size":"small"}}},"block_order":["text_EpCgGb"],"settings":{"desktop_content_position":"center","content_alignment":"center","color_scheme":"background-1","full_width":true,"reductible":false,"max_width":100,"padding_top":40,"padding_bottom":52}},"main":{"type":"main-article","custom_css":[],"settings":{}},"featured_blog_bWe7yQ":{"type":"featured-blog","settings":{"heading":"Autres articles qui pourraient vous intéresser...","heading_size":"h1","blog":"le-blog","post_limit":3,"columns_desktop":3,"color_scheme":"background-1","show_image":true,"show_date":false,"show_author":false,"show_view_all":true,"padding_top":36,"padding_bottom":36}}},"order":["slideshow_brpfte","rich_text_piymKp","image_with_text_63qNkJ","image_with_text_w4AnmU","image_with_text_BV96rh","rich_text_339RCp","main","featured_blog_bWe7yQ"]}