{"sections":{"image_banner_RtJaWX":{"type":"image-banner","blocks":{"heading_6q7aCB":{"type":"heading","settings":{"heading":"Comment parfaitement nettoyer ses espadrilles en corde ?","heading_size":"h2"}}},"block_order":["heading_6q7aCB"],"settings":{"image":"shopify:\/\/shop_images\/Banniere-Payote-2024_5bd4980f-1689-41bc-93d5-163e87e091ad.webp","image_overlay_opacity":0,"image_height":"medium","adapt_height_first_image":false,"desktop_content_position":"middle-center","show_text_box":true,"desktop_content_alignment":"center","color_scheme":"background-1","mobile_content_alignment":"center","mobile_content_position":"middle-center","stack_images_on_mobile":true,"show_text_below":true}},"image_with_text_A8aJxj":{"type":"image-with-text","blocks":{"heading_nGfdAA":{"type":"heading","settings":{"heading":"Un guide simple et efficace !","heading_size":"h2","heading_color":"#21306b","img_replacement":false,"heading_alignment":"left"}},"text_y4YEh3":{"type":"text","settings":{"text":"<p>Les espadrilles, avec leur toile légère et leur semelle de corde, sont les compagnons parfaits pour affronter la chaleur estivale. <br\/>Cependant, leur entretien peut parfois s'avérer délicat. <br\/><br\/>Pour préserver leur charme tout au long de la saison, il est essentiel d'adopter les bonnes pratiques de nettoyage. Voici un <strong>guide simple pour prendre soin de vos espadrilles<\/strong> sans compromettre leur élégance.<\/p>","text_style":"body","text_column":1,"text_color":"#21306b","img_replacement":false,"text_alignment":"left"}}},"block_order":["heading_nGfdAA","text_y4YEh3"],"settings":{"video":"shopify:\/\/files\/videos\/gif nettoyage espadrilles.mp4","video_mobile":"shopify:\/\/files\/videos\/Design sans titre.mp4","height":"adapt","desktop_image_width":"small","layout":"image_first","full_width":false,"side_side":true,"desktop_content_position":"top","desktop_content_alignment":"left","content_layout":"no-overlap","no_color":true,"color_scheme":"background-1","background_color":"#ffffff","mobile_content_alignment":"left","padding_top":36,"padding_bottom":36}},"main":{"type":"main-article","disabled":true,"settings":{}},"multicolumn_3U3UcU":{"type":"multicolumn","blocks":{"column_N8YxMm":{"type":"column","settings":{"title":"Nettoyer la toile","text":"<p>Il est important d'opter pour une approche délicate afin d'éviter d'endommager le tissu.<\/p>","link_label":"","link":"","block_color":"#21306b","show_text_box":true,"animate":false}},"column_DUMid3":{"type":"column","settings":{"title":"Evitez la corde","text":"<p>La corde, délicate mais distinctive, nécessite une attention particulière. <br\/><\/p>","link_label":"","link":"","block_color":"#21306b","show_text_box":true,"animate":false}},"column_8xWhkJ":{"type":"column","settings":{"title":"Séchage parfait","text":"<p>Après le nettoyage, assurez-vous de faire sécher vos espadrilles correctement<\/p>","link_label":"","link":"","block_color":"#21306b","show_text_box":true,"animate":false}}},"block_order":["column_N8YxMm","column_DUMid3","column_8xWhkJ"],"settings":{"title":"3 étapes pour nettoyer ses espadrilles :","heading_size":"h1","image_width":"full","image_ratio":"adapt","columns_desktop":3,"full_width":true,"column_alignment":"left","background_style":"primary","button_label":"","button_link":"","color_scheme":"background-1","columns_mobile":"1","swipe_on_mobile":false,"padding_top":36,"padding_bottom":36}},"rich_text_d7AaMx":{"type":"rich-text","blocks":{"heading_9dajB7":{"type":"heading","settings":{"heading":"<p>Le guide simple pour nettoyer ses espadrilles parfaitement<\/p>","heading_size":"h2","heading_color_part1":"#21306b","heading_color_part2":"#ef6a20","no_color":true,"animate":false}},"text_aBUq8d":{"type":"text","settings":{"text":"<p><strong>1. Nettoyer la toile : <\/strong><\/p><p>Brossez délicatement la toile pour éliminer la saleté.<br\/>Utilisez un linge humide avec une solution à base de savon de Marseille ou\/et de terre de sommière.<br\/>Essuyez ensuite vos espadrilles à l'aide d'un linge humide neutre.<br\/><br\/><\/p>","text_color":"#21306b","text_style":"classic","text_size":"small"}},"text_n36NGB":{"type":"text","settings":{"text":"<p><strong>2. Prenez vos précautions avec la corde : <\/strong><\/p><p>Utilisez une petite brosse, brosse à dent usagée par exemple ou éponge sèche.<br\/>Exercez un nettoyage circulaire sur l'intérieur ou l'extérieur de la semelle en corde.<br\/><br\/><\/p>","text_color":"#21306b","text_style":"classic","text_size":"small"}},"text_Gk8cQB":{"type":"text","settings":{"text":"<p><strong>3. Faites sécher vos espadrilles : <\/strong><\/p><p>Laissez vos espadrilles dans un espace sec et à l'ombre jusqu'à ce que la toile soit entièrement sèche.<br\/>Utilisez un sèche-cheveux à chaleur douce pour accélérer le processus.<br\/>Évitez de les exposer directement au soleil, car cela pourrait entraîner un effet délavé.<br\/><br\/><\/p>","text_color":"#21306b","text_style":"classic","text_size":"small"}}},"block_order":["heading_9dajB7","text_aBUq8d","text_n36NGB","text_Gk8cQB"],"settings":{"desktop_content_position":"center","content_alignment":"center","color_scheme":"background-1","full_width":true,"reductible":false,"max_width":100,"padding_top":40,"padding_bottom":52}},"collage_DPKLmi":{"type":"collage","blocks":{"image_jVR84j":{"type":"image","settings":{"video":"shopify:\/\/files\/videos\/vidéo espaclean.mp4","video_mobile":"shopify:\/\/files\/videos\/vidéo espaclean.mp4","image_padding":false}},"product_n3CJtK":{"type":"product","settings":{"product":"espaclean-de-nettoyage","second_image":false}},"image_chihNM":{"type":"image","settings":{"image":"shopify:\/\/shop_images\/Espakit-4.webp","image_padding":false}},"image_k8kfHd":{"type":"image","settings":{"image":"shopify:\/\/shop_images\/Espakit-1.webp","image_padding":false}}},"block_order":["image_jVR84j","product_n3CJtK","image_chihNM","image_k8kfHd"],"settings":{"heading":"Avec quoi nettoyer mes espadrilles ?","heading_size":"h1","desktop_layout":"left","mobile_layout":"collage","card_styles":"product-card-wrapper","color_scheme":"background-1","padding_top":36,"padding_bottom":36}},"rich_text_XfjVBD":{"type":"rich-text","blocks":{"heading_dkMrr3":{"type":"heading","settings":{"heading":"<p><strong>Le kit parfait pour nettoyer ses espadrilles<\/strong><\/p>","heading_size":"h3","heading_color_part1":"#21306b","heading_color_part2":"#ef6a20","no_color":true,"animate":true}},"text_fihkyY":{"type":"text","settings":{"text":"<p><br\/>De quoi est composé l'Espaclean ? <br\/><br\/><strong>Un stick détachant <\/strong>: savon de Marseille, terre de Sommières<\/p><p><strong>Une éponge réutilisable <\/strong>: jute naturel et tissu éponge<\/p><p><strong>Un pochon d'emballage<\/strong> : coton biologique<\/p><p><strong>Un marque-page<\/strong> : papier biodégradable et graines d'aromates (soit menthe poivrée, basilic ou lavande)<\/p><p>Notre Kit \"Espaclean\" a été fabriqué en partenariat avec une marque française qui partage nos valeurs environnementales. Ce partenaire hors pair, c'est <a href=\"https:\/\/simplethings.fr\/\" target=\"_blank\" title=\"Simple Things propose des produits écoresponsables\">Simple Things<\/a>. Cette jeune marque basée à Montpellier a pour mission de vous proposer des <strong>produits de nettoyage naturels et respectueux <\/strong>de la planète.<br\/><br\/><\/p>","text_color":"#21306b","text_style":"classic","text_size":"small"}},"button_fkyHth":{"type":"button","settings":{"button_label":"En savoir plus...","button_link":"shopify:\/\/products\/espaclean-de-nettoyage","button_style_secondary":false,"button_label_2":"","button_link_2":"","button_style_secondary_2":false,"button_color":"#21306b","button_text_color":"#ffffff"}}},"block_order":["heading_dkMrr3","text_fihkyY","button_fkyHth"],"settings":{"desktop_content_position":"center","content_alignment":"center","color_scheme":"background-1","full_width":true,"reductible":false,"max_width":100,"padding_top":40,"padding_bottom":52}}},"order":["image_banner_RtJaWX","image_with_text_A8aJxj","main","multicolumn_3U3UcU","rich_text_d7AaMx","collage_DPKLmi","rich_text_XfjVBD"]}