{"sections":{"slideshow_brpfte":{"type":"slideshow","blocks":{"slide_aeBPwb":{"type":"slide","settings":{"image":"shopify:\/\/shop_images\/banniere_octobrerose_Bonne.webp","image_mobile":"shopify:\/\/shop_images\/banniere_octobrerose_Bonne.webp","heading":"","heading_size":"h1","subheading":"","button_label":"","link":"","button_style_secondary":false,"link_on_slide":true,"box_align":"middle-center","show_text_box":false,"text_alignment":"center","image_overlay_opacity":0,"color_scheme":"background-1","text_alignment_mobile":"center","mobile_box_align":"middle-center"}}},"block_order":["slide_aeBPwb"],"settings":{"layout":"full_bleed","slide_height":"small","slider_visual":"counter","auto_rotate":false,"change_slides_speed":5,"change_slides_per_page":1,"change_slides_to_show":1,"show_text_below":true,"accessibility_info":"Slideshow about our brand"}},"rich_text_piymKp":{"type":"rich-text","blocks":{"text_96eGe6":{"type":"text","settings":{"text":"<p>Chez Payote, nous croyons que chaque geste compte. <\/p><p>Octobre Rose est l’occasion de montrer notre solidarité envers toutes les personnes touchées par le cancer du sein, une cause qui nous tient particulièrement à 🩷.<\/p>","text_color":"#21306b","text_style":"classic","text_size":"small"}}},"block_order":["text_96eGe6"],"settings":{"desktop_content_position":"center","content_alignment":"center","color_scheme":"background-1","full_width":true,"reductible":false,"max_width":100,"padding_top":40,"padding_bottom":52}},"image_with_text_63qNkJ":{"type":"image-with-text","blocks":{"heading_xgegcJ":{"type":"heading","settings":{"heading":"Une cause qui nous touche tous","heading_size":"h2","heading_color":"#21306b","img_replacement":false,"heading_alignment":"left"}},"text_jze88c":{"type":"text","settings":{"text":"<p>Nous avons décidé de nous engager aux côtés de l'association <strong>Ruban Rose<\/strong>. Pour chaque paire d’espadrilles achetée, <strong>5 euros<\/strong> seront reversés pour soutenir la prévention, la recherche et l'accompagnement des personnes concernées par cette maladie.<\/p><p>Ce geste, bien plus qu’une simple action, représente notre désir de faire la différence, <strong>Ensemble<\/strong> 🤝🏻.<\/p><p>Le cancer du sein touche <strong>près de 60 000 femmes<\/strong> chaque année en France. Ces statistiques représentent des vies bouleversées, des familles qui se battent et des histoires de <strong>courage<\/strong>. <\/p><p>C'est pourquoi, chez Payote, nous avons voulu agir concrètement en soutenant <strong>Ruban Rose<\/strong>.<\/p><p>Chaque paire d’espadrilles que vous achetez devient un <strong>symbole d’espoir<\/strong>, de <strong>solidarité<\/strong> et de <strong>soutien<\/strong> pour toutes ces personnes qui traversent l’épreuve du cancer.<\/p>","text_style":"body","text_column":1,"text_color":"#21306b","img_replacement":false,"text_alignment":"left"}}},"block_order":["heading_xgegcJ","text_jze88c"],"settings":{"image":"shopify:\/\/shop_images\/Image_soutien_cancer_du_sein.webp","autoplay":false,"height":"adapt","desktop_image_width":"medium","layout":"text_first","full_width":false,"side_side":false,"desktop_content_position":"middle","desktop_content_alignment":"left","content_layout":"no-overlap","no_color":true,"color_scheme":"background-1","background_color":"#ffffff","mobile_content_alignment":"left","padding_top":36,"padding_bottom":36}},"image_with_text_w4AnmU":{"type":"image-with-text","blocks":{"heading_ymMHTe":{"type":"heading","settings":{"heading":"Votre geste, leur espoir","heading_size":"h2","heading_color":"#21306b","img_replacement":false,"heading_alignment":"left"}},"text_tTPFTm":{"type":"text","settings":{"text":"<p>En achetant une paire d’espadrilles Octobre Rose, vous participez à une action solidaire. <\/p><p><strong>Ensemble<\/strong>, nous pouvons faire bouger les choses. Que vous offriez ces espadrilles ou que vous les portiez fièrement, vous faites partie d’un mouvement qui vise à sensibiliser et à apporter un réel soutien à celles et ceux qui en ont besoin. <\/p><p>Nous sommes convaincus que chaque petit geste peut contribuer à de grandes avancées. Alors, rejoignez-nous dans ce combat, et faisons d’Octobre Rose un mois d’espoir, de solidarité et de victoires futures.<\/p>","text_style":"body","text_column":1,"text_color":"#21306b","img_replacement":false,"text_alignment":"left"}},"button_akN9cE":{"type":"button","settings":{"button_label":"Collection Octobre rose","button_link":"shopify:\/\/collections\/octobre-rose","icon":"none","button_color":"#21306b","button_text_color":"#ffffff","img_replacement":false}}},"block_order":["heading_ymMHTe","text_tTPFTm","button_akN9cE"],"settings":{"image":"shopify:\/\/shop_images\/Espadrilles-octobre-rose-bleu-marine_rose.webp","autoplay":false,"height":"adapt","desktop_image_width":"medium","layout":"image_first","full_width":true,"side_side":false,"desktop_content_position":"middle","desktop_content_alignment":"left","content_layout":"no-overlap","no_color":true,"color_scheme":"background-1","background_color":"#ffffff","mobile_content_alignment":"left","padding_top":36,"padding_bottom":36}},"image_with_text_adEpB6":{"type":"image-with-text","blocks":{"heading_mmeLRR":{"type":"heading","settings":{"heading":"La banane qui protège vos melons","heading_size":"h2","heading_color":"#21306b","img_replacement":false,"heading_alignment":"left"}},"text_bLixpC":{"type":"text","settings":{"text":"<p>Cette année, en plus de nos espadrilles, nous avons décidé de lancer un <strong>sac banane en édition limitée<\/strong> spécialement conçu pour Octobre Rose ! Ce nouvel accessoire, aussi pratique que stylé, porte fièrement les couleurs de la solidarité. <\/p><p><strong>Rose ou bleu marine<\/strong>, il est le compagnon idéal pour accompagner vos tenues, tout en rappelant l’importance de la lutte contre le cancer du sein.<\/p><p>Pour chaque sac banane vendu, nous reversons également <strong>5 euros<\/strong> à l’association <strong>Ruban Rose<\/strong>. En l’ajoutant à votre garde-robe, vous faites bien plus que suivre une tendance : vous contribuez directement à soutenir la recherche et les initiatives de prévention. <\/p><p>Que ce soit avec nos espadrilles ou ce sac banane exclusif, chaque achat devient un geste concret pour la cause. Ensemble, faisons en sorte que ce mois d'octobre résonne comme un <strong>message de soutien et d’engagement<\/strong>.<\/p>","text_style":"body","text_column":1,"text_color":"#21306b","img_replacement":false,"text_alignment":"left"}},"button_AXKmyb":{"type":"button","settings":{"button_label":"Je le veux en bleu !","button_link":"shopify:\/\/products\/banane-octobre-rose-marine","icon":"none","button_color":"#21306b","button_text_color":"#ffffff","img_replacement":false}},"button_7jeJU7":{"type":"button","settings":{"button_label":"Je le veux en rose !","button_link":"shopify:\/\/products\/banane-octobre-rose-marine-copy","icon":"none","button_color":"#d634a1","button_text_color":"#ffffff","img_replacement":false}}},"block_order":["heading_mmeLRR","text_bLixpC","button_AXKmyb","button_7jeJU7"],"settings":{"image":"shopify:\/\/shop_images\/Banane-bleu-marine-et-rose.webp","autoplay":false,"height":"adapt","desktop_image_width":"medium","layout":"text_first","full_width":true,"side_side":false,"desktop_content_position":"top","desktop_content_alignment":"left","content_layout":"no-overlap","no_color":true,"color_scheme":"background-1","background_color":"#ffffff","mobile_content_alignment":"left","padding_top":36,"padding_bottom":36}},"image_with_text_JpXPeT":{"type":"image-with-text","blocks":{"heading_ArAECi":{"type":"heading","settings":{"heading":"La Rose Canétoise 🩷","heading_size":"h2","heading_color":"#21306b","img_replacement":false,"heading_alignment":"left"}},"text_aXtFhY":{"type":"text","settings":{"text":"<p>Cette année, la Rose Canétoise fête ses 10 ans ! 🎉<\/p><p>Chaque année, Olivier Gelly, fondateur de Payote, relève un défi à la fois <strong>symbolique <\/strong>et <strong>solidaire <\/strong>en participant à la course “La Rose Canétoise”, un événement organisé par l'association des commerçants de Canet-en-Roussillon au<strong> profit de la Ligue contre le cancer. <\/strong><\/p><p>Cette course de 5 km attire de nombreux participants, mais Olivier pour <strong>marquer son engagement<\/strong>, a choisi de courir avec une paire d'espadrilles unique, baptisée \"La paire de seins\",<strong> spécialement conçue pour Octobre Rose.<\/strong><br\/><br\/>“La Rose Canétoise” est un rendez-vous annuel qui<strong> unit les habitants<\/strong> de Canet-en-Roussillon dans la lutte contre le cancer du sein. Pour nous, cet événement est l'occasion idéale de démontrer que <strong>chaque geste compte<\/strong> dans la recherche et la sensibilisation. <\/p><p><br\/>Grâce à des initiatives comme celle-ci, Olivier <strong>espère encourager d'autres personnes à participer<\/strong> à Octobre Rose. Que ce soit en courant, en portant les espadrilles spéciales, ou en soutenant les diverses actions solidaires du mois, <strong>chaque geste contribue à la cause<\/strong> !<\/p>","text_style":"body","text_column":1,"text_color":"#21306b","img_replacement":false,"text_alignment":"left"}}},"block_order":["heading_ArAECi","text_aXtFhY"],"settings":{"image":"shopify:\/\/shop_images\/Course-Octobre-Rose-Olivier.png","autoplay":false,"height":"adapt","desktop_image_width":"medium","layout":"image_first","full_width":true,"side_side":false,"desktop_content_position":"top","desktop_content_alignment":"left","content_layout":"no-overlap","no_color":true,"color_scheme":"background-1","background_color":"#ffffff","mobile_content_alignment":"left","padding_top":36,"padding_bottom":36}},"rich_text_339RCp":{"type":"rich-text","blocks":{"text_EpCgGb":{"type":"text","settings":{"text":"<p>Si vous aussi vous voulez participer à cette course <\/p>","text_color":"#21306b","text_style":"classic","text_size":"small"}},"button_BJGmK9":{"type":"button","settings":{"button_label":"Toutes les informations sont ici 🏃","button_link":"https:\/\/www.canet-tourisme.com\/la-rose-canetoise\/","button_style_secondary":false,"button_label_2":"","button_link_2":"","button_style_secondary_2":false,"button_color":"#d634a1","button_text_color":"#ffffff"}}},"block_order":["text_EpCgGb","button_BJGmK9"],"settings":{"desktop_content_position":"center","content_alignment":"center","color_scheme":"background-1","full_width":true,"reductible":false,"max_width":100,"padding_top":40,"padding_bottom":52}},"main":{"type":"main-article","custom_css":[],"settings":{}},"featured_blog_bWe7yQ":{"type":"featured-blog","settings":{"heading":"Autres articles qui pourraient vous intéresser...","heading_size":"h1","blog":"le-blog","post_limit":3,"columns_desktop":3,"color_scheme":"background-1","show_image":true,"show_date":false,"show_author":false,"show_view_all":true,"padding_top":36,"padding_bottom":36}}},"order":["slideshow_brpfte","rich_text_piymKp","image_with_text_63qNkJ","image_with_text_w4AnmU","image_with_text_adEpB6","image_with_text_JpXPeT","rich_text_339RCp","main","featured_blog_bWe7yQ"]}