{"sections":{"slideshow_brpfte":{"type":"slideshow","blocks":{"slide_aeBPwb":{"type":"slide","settings":{"image":"shopify:\/\/shop_images\/image00006.webp","heading":"","heading_size":"h1","subheading":"","button_label":"","link":"","button_style_secondary":false,"link_on_slide":true,"box_align":"middle-center","show_text_box":false,"text_alignment":"center","image_overlay_opacity":0,"color_scheme":"background-1","text_alignment_mobile":"center","mobile_box_align":"middle-center"}}},"block_order":["slide_aeBPwb"],"settings":{"layout":"full_bleed","slide_height":"small","slider_visual":"counter","auto_rotate":false,"change_slides_speed":5,"change_slides_per_page":1,"change_slides_to_show":1,"show_text_below":true,"accessibility_info":"Slideshow about our brand"}},"rich_text_nGJbza":{"type":"rich-text","blocks":{"heading_FHjzPm":{"type":"heading","settings":{"heading":"<p>Avez-vous déjà pensé à personnaliser vos Payote ?<\/p>","heading_size":"h2","heading_color_part1":"#21306b","heading_color_part2":"#ef6a20","no_color":true,"animate":false}},"text_Gxykhi":{"type":"text","settings":{"text":"<p>Parce que le <strong>partage<\/strong> et l’<strong>échange<\/strong> sont deux choses que l’on adore faire avec vous, nous avons mis en place les <strong>ATELIERS CREATIFS<\/strong> !<\/p>","text_color":"#21306b","text_style":"classic","text_size":"small"}}},"block_order":["heading_FHjzPm","text_Gxykhi"],"settings":{"desktop_content_position":"center","content_alignment":"center","color_scheme":"background-1","full_width":true,"reductible":false,"max_width":100,"padding_top":40,"padding_bottom":52}},"image_with_text_63qNkJ":{"type":"image-with-text","blocks":{"heading_xgegcJ":{"type":"heading","settings":{"heading":"AU PROGRAMME : RIRES, ANECDOTES ET CRéATIVITé !","heading_size":"h2","heading_color":"#21306b","img_replacement":false,"heading_alignment":"left"}},"text_jze88c":{"type":"text","settings":{"text":"<p>Vous vous en doutez, un après-midi chez Payote sans <strong>rire<\/strong> ni <strong>anecdote délirante<\/strong> ne serait pas un véritable après-midi ! <\/p><p>Alors, entre une <strong>visite de nos locaux<\/strong> et <strong>quelques paires d’espadrilles<\/strong> ici et là, venez<br\/>passer un <strong>moment convivial<\/strong> où vous pourrez, à coup sûr, <strong>prendre votre pied<\/strong> !<\/p><p>Après une <strong>immersion totale<\/strong> dans nos bureaux puis dans notre pièce de stockage, choisissez votre propre paire, laissez libre cours à votre<br\/><strong>imagination<\/strong> en la personnalisant et repartez avec une <strong>création unique<\/strong> en son genre ! Tout ça, en discutant de nos exclus avec toute l’équipe 😊<br\/><\/p><p>Pas mal, non ?<\/p>","text_style":"body","text_column":1,"text_color":"#21306b","img_replacement":false,"text_alignment":"left"}}},"block_order":["heading_xgegcJ","text_jze88c"],"settings":{"image":"shopify:\/\/shop_images\/image00001.webp","height":"adapt","desktop_image_width":"medium","layout":"image_first","full_width":false,"side_side":false,"desktop_content_position":"middle","desktop_content_alignment":"left","content_layout":"no-overlap","no_color":true,"color_scheme":"background-1","background_color":"#ffffff","mobile_content_alignment":"left","padding_top":36,"padding_bottom":36}},"image_with_text_w4AnmU":{"type":"image-with-text","blocks":{"heading_ymMHTe":{"type":"heading","settings":{"heading":"Le matériel indispensable : bonne humeur et gourmandise !","heading_size":"h2","heading_color":"#21306b","img_replacement":false,"heading_alignment":"left"}},"text_tTPFTm":{"type":"text","settings":{"text":"<p>Le supplément Payote : <strong>sourires et douceurs sucrées<\/strong> !<\/p><p>C’est pourquoi, sans votre bonne humeur et votre gourmandise, il sera difficile de bien profiter. 😊<\/p><p>Et puis après tout, on est plus créatif le ventre plein, non ?<\/p><p>Ces moments de <strong>partage<\/strong> et d’<strong>échange<\/strong> sont précieux pour<br\/>nous : et oui, ces après-midis nous permettent aussi d’avoir vos retours sur nos différents <strong>projets<\/strong> en cours !<\/p><p>Et quoi de mieux que vos avis pour <strong>mettre la France à vos pieds<\/strong> ?<\/p>","text_style":"body","text_column":1,"text_color":"#21306b","img_replacement":false,"text_alignment":"left"}}},"block_order":["heading_ymMHTe","text_tTPFTm"],"settings":{"image":"shopify:\/\/shop_images\/image00002.webp","height":"adapt","desktop_image_width":"medium","layout":"text_first","full_width":false,"side_side":true,"desktop_content_position":"middle","desktop_content_alignment":"left","content_layout":"no-overlap","no_color":true,"color_scheme":"background-1","background_color":"#ffffff","mobile_content_alignment":"left","padding_top":36,"padding_bottom":36}},"rich_text_339RCp":{"type":"rich-text","blocks":{"heading_8iPNMY":{"type":"heading","settings":{"heading":"<p>On croise les pieds pour vous retrouver lors d’un prochain atelier !<\/p>","heading_size":"h1","heading_color_part1":"#21306b","heading_color_part2":"#ef6a20","no_color":true,"animate":false}}},"block_order":["heading_8iPNMY"],"settings":{"desktop_content_position":"center","content_alignment":"center","color_scheme":"background-1","full_width":true,"reductible":false,"max_width":100,"padding_top":40,"padding_bottom":52}},"main":{"type":"main-article","custom_css":[],"settings":{}},"featured_product_list_hVh3RL":{"type":"featured_product_list","settings":{"title":"RECOMMANDATIONS","heading_size":"h1","description":"","show_description":false,"description_style":"body","products":["visite-de-latelier","espadrille-audrey","kit-fabrique-ton-espadrille-amandine-1"],"products_to_show":4,"columns_desktop":3,"full_width":false,"show_view_all":true,"view_all_style":"solid","enable_desktop_slider":false,"slider_visual":"counter","auto_rotate":false,"change_slides_speed":5,"change_slides_per_page":1,"color_scheme":"background-1","image_ratio":"adapt","show_secondary_image":false,"show_vendor":false,"show_rating":false,"enable_quick_add":false,"columns_mobile":"2","swipe_on_mobile":false,"padding_top":36,"padding_bottom":36}}},"order":["slideshow_brpfte","rich_text_nGJbza","image_with_text_63qNkJ","image_with_text_w4AnmU","rich_text_339RCp","main","featured_product_list_hVh3RL"]}