{"sections":{"slideshow_brpfte":{"type":"slideshow","blocks":{"slide_aeBPwb":{"type":"slide","settings":{"image":"shopify:\/\/shop_images\/canards_carre_71a9217a-893d-451c-a481-7bda3957d246.webp","image_mobile":"shopify:\/\/shop_images\/canards_story.webp","heading":"TOP 5 espadrilles insolites","heading_size":"h1","subheading":"","button_label":"","link":"","button_style_secondary":false,"link_on_slide":true,"box_align":"middle-center","show_text_box":false,"text_alignment":"center","image_overlay_opacity":0,"color_scheme":"background-1","text_alignment_mobile":"center","mobile_box_align":"middle-center"}}},"block_order":["slide_aeBPwb"],"settings":{"layout":"full_bleed","slide_height":"small","slider_visual":"counter","auto_rotate":false,"change_slides_speed":5,"change_slides_per_page":1,"change_slides_to_show":1,"show_text_below":true,"accessibility_info":"Slideshow about our brand"}},"rich_text_piymKp":{"type":"rich-text","blocks":{"text_96eGe6":{"type":"text","settings":{"text":"<p>L'été est la saison idéale pour apporter une touche de fantaisie et de légèreté à votre garde-robe. Quoi de mieux que de le faire avec des <strong>espadrilles insolites et originales<\/strong> ? Cette chaussure iconique, à la fois confortable et stylée, se réinvente chaque année. Pour l'été 2024, nous vous proposons un<strong> TOP 5 des espadrilles les plus insolites<\/strong> et originales qui sauront attirer tous les regards et ajouter une dose d'<strong>originalité à vos tenues estivales<\/strong>.<\/p>","text_color":"#21306b","text_style":"classic","text_size":"small"}}},"block_order":["text_96eGe6"],"settings":{"desktop_content_position":"center","content_alignment":"center","color_scheme":"background-1","full_width":true,"reductible":false,"max_width":100,"padding_top":40,"padding_bottom":52}},"image_with_text_63qNkJ":{"type":"image-with-text","blocks":{"heading_xgegcJ":{"type":"heading","settings":{"heading":"1. L'espadrille \"Pétanque Club\"","heading_size":"h2","heading_color":"#21306b","img_replacement":false,"heading_alignment":"left"}},"text_jze88c":{"type":"text","settings":{"text":"<p>L'été en France ne serait pas complet sans une partie de pétanque entre amis ! <br\/><br\/>Ces espadrilles insolites rendent hommage à ce sport de détente emblématique avec un design inspiré par les terrains de boules. <br\/><br\/>Dotées de motifs de boules de pétanque et son cochonnet, elles seront parfaites pour vos après-midis ensoleillés passés à jouer sous les platanes.<\/p>","text_style":"body","text_column":1,"text_color":"#21306b","img_replacement":false,"text_alignment":"left"}},"button_kUeAhq":{"type":"button","settings":{"button_label":"Je tire ! 😎","button_link":"shopify:\/\/products\/espadrille-petanque-club","icon":"none","button_color":"#21306b","button_text_color":"#ffffff","img_replacement":false}}},"block_order":["heading_xgegcJ","text_jze88c","button_kUeAhq"],"settings":{"image":"shopify:\/\/shop_images\/espadrille-petanque-club_cc60f598-d02f-40cc-b563-1bba290dd0ac.webp","height":"adapt","desktop_image_width":"medium","layout":"text_first","full_width":false,"side_side":false,"desktop_content_position":"middle","desktop_content_alignment":"left","content_layout":"no-overlap","no_color":true,"color_scheme":"background-1","background_color":"#ffffff","mobile_content_alignment":"left","padding_top":36,"padding_bottom":36}},"image_with_text_w4AnmU":{"type":"image-with-text","blocks":{"heading_ymMHTe":{"type":"heading","settings":{"heading":"2. L'espadrille Apéro","heading_size":"h2","heading_color":"#21306b","img_replacement":false,"heading_alignment":"left"}},"text_tTPFTm":{"type":"text","settings":{"text":"<p>L'apéritif est une véritable institution en France, bien évidemment inévitable les soirs d'été  ! 🥳<br\/><br\/>Ces <strong>espadrilles originales <\/strong>célèbrent ce moment convivial avec des couleurs qui nous rappellent parfois notre boisson préférée. Enfilez ces espadrilles insolites pour vos soirées apéro et soyez sûr de faire sensation avec cette touche d'humour et de festivité à vos pieds ! 🍻<br\/><br\/><a href=\"\/products\/espadrille-apero\" target=\"_blank\" title=\"Espadrille Apéro\"><strong>Pour consommer sans modération c'est par ici !<\/strong><\/a><\/p>","text_style":"body","text_column":1,"text_color":"#21306b","img_replacement":false,"text_alignment":"left"}}},"block_order":["heading_ymMHTe","text_tTPFTm"],"settings":{"image":"shopify:\/\/shop_images\/apero_mobile_bis_536e3df2-823d-44cf-ab52-9452930a7c37.webp","height":"adapt","desktop_image_width":"medium","layout":"image_first","full_width":false,"side_side":false,"desktop_content_position":"middle","desktop_content_alignment":"left","content_layout":"no-overlap","no_color":true,"color_scheme":"background-1","background_color":"#ffffff","mobile_content_alignment":"left","padding_top":36,"padding_bottom":36}},"image_with_text_YK8VQQ":{"type":"image-with-text","blocks":{"heading_k4NwwW":{"type":"heading","settings":{"heading":"3. La collection \"basket\"","heading_size":"h2","heading_color":"#21306b","img_replacement":false,"heading_alignment":"left"}},"text_Ey3rA9":{"type":"text","settings":{"text":"<p>Pour les amateurs de sneakers, voici une espadrille originale qui marie le style casual des baskets avec le confort des espadrilles. Elles reprennent le design emblématique des célèbres baskets tout en étant légères et aérées, parfaites pour les journées chaudes.😁<br\/><br\/>Une fusion parfaite pour un look décontracté mais stylé !<\/p>","text_style":"body","text_column":1,"text_color":"#21306b","img_replacement":false,"text_alignment":"left"}},"button_7PXEQh":{"type":"button","settings":{"button_label":"Voir les baskets !","button_link":"shopify:\/\/products\/espadrille-basket-bleu-marine","icon":"none","button_color":"#21306b","button_text_color":"#ffffff","img_replacement":false}}},"block_order":["heading_k4NwwW","text_Ey3rA9","button_7PXEQh"],"settings":{"image":"shopify:\/\/shop_images\/espadrilles.gif","height":"adapt","desktop_image_width":"medium","layout":"text_first","full_width":false,"side_side":false,"desktop_content_position":"middle","desktop_content_alignment":"left","content_layout":"no-overlap","no_color":true,"color_scheme":"background-1","background_color":"#ffffff","mobile_content_alignment":"left","padding_top":36,"padding_bottom":36}},"image_with_text_tXhg9f":{"type":"image-with-text","blocks":{"heading_kmnk3R":{"type":"heading","settings":{"heading":"4. L'espadrille Joconde","heading_size":"h2","heading_color":"#21306b","img_replacement":false,"heading_alignment":"left"}},"text_C7z73N":{"type":"text","settings":{"text":"<p>Pourquoi ne pas apporter un peu d'art dans votre quotidien ?<br\/><br\/>Ces espadrilles insolites arborent une reproduction de la célèbre Joconde de Léonard de Vinci. 🖼️<br\/><br\/>En plus d'être un clin d'œil culturel, elles ajoutent une touche chic et sophistiquée à votre tenue. Idéales pour les amateurs d'art ou ceux qui veulent simplement un accessoire unique et élégant. <\/p>","text_style":"body","text_column":1,"text_color":"#21306b","img_replacement":false,"text_alignment":"left"}},"button_9DNrqC":{"type":"button","settings":{"button_label":"L'art, j'adore ! 🎨","button_link":"shopify:\/\/products\/espadrille-joconde","icon":"none","button_color":"#21306b","button_text_color":"#ffffff","img_replacement":false}}},"block_order":["heading_kmnk3R","text_C7z73N","button_9DNrqC"],"settings":{"image":"shopify:\/\/shop_images\/espadrille_originale_joconde_monalisa_1.webp","height":"adapt","desktop_image_width":"medium","layout":"image_first","full_width":false,"side_side":false,"desktop_content_position":"middle","desktop_content_alignment":"left","content_layout":"no-overlap","no_color":true,"color_scheme":"background-1","background_color":"#ffffff","mobile_content_alignment":"left","padding_top":36,"padding_bottom":36}},"image_with_text_BV96rh":{"type":"image-with-text","blocks":{"heading_wycerK":{"type":"heading","settings":{"heading":"5. L'espadrille Canard","heading_size":"h2","heading_color":"#21306b","img_replacement":false,"heading_alignment":"left"}},"text_4eQqMb":{"type":"text","settings":{"text":"<p>Enfin, pour ceux qui aiment les motifs ludiques et décalés, les espadrilles \"Canard\" sont un choix parfait. <br\/><br\/>Avec leurs motifs de canards rigolos, elles apportent une note de bonne humeur et d'insouciance. Ces <strong>espadrilles originales<\/strong> sont idéales pour les promenades en bord de mer ou pour ajouter une touche amusante à une tenue simple.<br\/><br\/><a href=\"\/products\/espadrille-canard\" target=\"_blank\" title=\"Espadrille Canard\">Une paire qui ne casse pas trois pattes à un canard ! <\/a>🦆<\/p>","text_style":"body","text_column":1,"text_color":"#21306b","img_replacement":false,"text_alignment":"left"}}},"block_order":["heading_wycerK","text_4eQqMb"],"settings":{"image":"shopify:\/\/shop_images\/canards_carre_71a9217a-893d-451c-a481-7bda3957d246.webp","height":"adapt","desktop_image_width":"medium","layout":"text_first","full_width":false,"side_side":false,"desktop_content_position":"middle","desktop_content_alignment":"left","content_layout":"no-overlap","no_color":true,"color_scheme":"background-1","background_color":"#ffffff","mobile_content_alignment":"left","padding_top":36,"padding_bottom":36}},"rich_text_339RCp":{"type":"rich-text","blocks":{"text_EpCgGb":{"type":"text","settings":{"text":"<p>Que vous soyez amateur de sports, de bonne boisson, d'art ou simplement en quête d'originalité, <strong>ces espadrilles insolites et originales pour l'été 2024<\/strong> sauront répondre à toutes vos envies. Elles vous promettent confort et style tout en faisant sourire ceux que vous croisez. Alors, n'hésitez plus et adoptez ces modèles uniques pour un été plein de caractère et de légèreté ! 🌞<\/p>","text_color":"#21306b","text_style":"classic","text_size":"small"}}},"block_order":["text_EpCgGb"],"settings":{"desktop_content_position":"center","content_alignment":"center","color_scheme":"background-1","full_width":true,"reductible":false,"max_width":100,"padding_top":40,"padding_bottom":52}},"main":{"type":"main-article","custom_css":[],"settings":{}},"featured_blog_bWe7yQ":{"type":"featured-blog","settings":{"heading":"Autres articles qui pourraient vous intéresser...","heading_size":"h1","blog":"le-blog","post_limit":3,"columns_desktop":3,"color_scheme":"background-1","show_image":false,"show_date":false,"show_author":false,"show_view_all":true,"padding_top":36,"padding_bottom":36}}},"order":["slideshow_brpfte","rich_text_piymKp","image_with_text_63qNkJ","image_with_text_w4AnmU","image_with_text_YK8VQQ","image_with_text_tXhg9f","image_with_text_BV96rh","rich_text_339RCp","main","featured_blog_bWe7yQ"]}