{"sections":{"main":{"type":"main-article","disabled":true,"settings":{}},"image_banner_869RWB":{"type":"image-banner","blocks":{"heading_nL6CXB":{"type":"heading","settings":{"heading":"Peut-on porter des espadrilles toute l'année ?","heading_size":"h1"}},"text_zrmhHm":{"type":"text","settings":{"text":"Les espadrilles, généralement portées en saison estivale, serait en effet une chaussure quatre saisons.","text_style":"body"}}},"block_order":["heading_nL6CXB","text_zrmhHm"],"settings":{"image":"shopify:\/\/shop_images\/amandine_b770b8cc-bcce-491d-858a-e4b15d2e734d.webp","image_overlay_opacity":0,"image_height":"medium","adapt_height_first_image":false,"desktop_content_position":"middle-center","show_text_box":true,"desktop_content_alignment":"center","color_scheme":"background-1","mobile_content_alignment":"center","mobile_content_position":"middle-center","stack_images_on_mobile":true,"show_text_below":true}},"image_with_text_zMnr6M":{"type":"image-with-text","blocks":{"heading_BVCgUC":{"type":"heading","settings":{"heading":"L'espadrille, d'abord une chaussure estivale !","heading_size":"h2","heading_color":"#21306b","img_replacement":false,"heading_alignment":"left"}},"text_hAEzf7":{"type":"text","settings":{"text":"<p>Dans un premier temps, tout le monde serait tenté de répondre que ce sont des <strong>chaussures qui se portent seulement en été<\/strong>. <br\/><br\/>Légères et confortables, les espadrilles traditionnelles sont immanquablement les stars de la collection printemps-été !<\/p>","text_style":"body","text_column":1,"text_color":"#21306b","img_replacement":false,"text_alignment":"left"}}},"block_order":["heading_BVCgUC","text_hAEzf7"],"settings":{"height":"small","desktop_image_width":"small","layout":"image_first","full_width":false,"side_side":false,"desktop_content_position":"top","desktop_content_alignment":"left","content_layout":"no-overlap","no_color":true,"color_scheme":"background-1","background_color":"#ffffff","mobile_content_alignment":"left","padding_top":36,"padding_bottom":36}},"collage_ttc7fr":{"type":"collage","blocks":{"collection_VCGkaR":{"type":"collection","settings":{"collection":"espadrilles-recyclees"}},"collection_GrHpR7":{"type":"collection","settings":{"collection":"espadrilles-marinieres-et-rayees"}},"collection_YQkVTW":{"type":"collection","settings":{"collection":"espadrilles-unies"}},"collection_q34MTy":{"type":"collection","settings":{"collection":"espadrilles-imprimees"}}},"block_order":["collection_VCGkaR","collection_GrHpR7","collection_YQkVTW","collection_q34MTy"],"settings":{"heading":"Il existe différents type d'espadrilles...","heading_size":"h1","desktop_layout":"left","mobile_layout":"collage","card_styles":"product-card-wrapper","color_scheme":"background-1","padding_top":36,"padding_bottom":36}},"multicolumn_QDwDCE":{"type":"multicolumn","blocks":{"column_GgL7Ej":{"type":"column","settings":{"title":"Leur résistance","text":"<p>Si vous optez pour un modèle léger, alors vous pouvez <strong>marcher avec des espadrilles toute l'année<\/strong>. Le tissu et la semelle sont conçus pour pouvoir marcher en intérieur et en extérieur selon vos préférences !<\/p>","link_label":"","link":"","block_color":"#21306b","show_text_box":true,"animate":false}},"column_PfUHFN":{"type":"column","settings":{"title":"La gamme de fourrées","text":"<p>Froid aux pieds qui l'hiver pointe le bout de son nez ? Il existe desormais les espadrilles fourrées autrement appelées les \"<a href=\"\/collections\/chaussons-espadrilles\" target=\"_blank\" title=\"Chaussons Espadrilles\">Chaussons espadrilles<\/a>\". Une raison de plus de ne pas quitter ses modèles favoris. <\/p>","link_label":"","link":"","block_color":"#21306b","show_text_box":true,"animate":false}}},"block_order":["column_GgL7Ej","column_PfUHFN"],"settings":{"title":"La réponse est OUI et pour deux raisons !","heading_size":"h1","image_width":"full","image_ratio":"adapt","columns_desktop":2,"full_width":true,"column_alignment":"left","background_style":"primary","button_label":"","button_link":"","color_scheme":"background-1","columns_mobile":"1","swipe_on_mobile":false,"padding_top":36,"padding_bottom":36}},"image_with_text_Qnyzzy":{"type":"image-with-text","blocks":{"heading_zzgG4K":{"type":"heading","settings":{"heading":"L'eau, ça me gonfle !","heading_size":"h2","heading_color":"#21306b","img_replacement":false,"heading_alignment":"left"}},"text_rnFtqX":{"type":"text","settings":{"text":"<p>Petite précaution tout de même !  La corde de l'espadrille ne fait pas bon ami avec l'eau. Que cela soit la pluie, la mer ou la machine à laver, tentez d'éviter tout contact avec la semelle de votre espadrille. (cf. <a href=\"\/blogs\/le-blog\/comment-parfaitement-nettoyer-ses-espadrilles-en-corde\" target=\"_blank\" title=\"Comment parfaitement nettoyer ses espadrilles en corde ?\">comment nettoyer mes espadrilles ?<\/a>)<\/p><p><br\/>La corde a un fort risque de gonfler au contact de l'eau, c'est pourquoi nous conseillons de l'éviter au maximum et de ce fait, minimiser l'usure de votre paire !<\/p>","text_style":"body","text_column":1,"text_color":"#21306b","img_replacement":false,"text_alignment":"left"}}},"block_order":["heading_zzgG4K","text_rnFtqX"],"settings":{"image":"shopify:\/\/shop_images\/situation-mer-dechainee.webp","height":"adapt","desktop_image_width":"medium","layout":"text_first","full_width":false,"side_side":false,"desktop_content_position":"middle","desktop_content_alignment":"left","content_layout":"no-overlap","no_color":true,"color_scheme":"background-1","background_color":"#ffffff","mobile_content_alignment":"left","padding_top":36,"padding_bottom":36}},"rich_text_6aqLz4":{"type":"rich-text","blocks":{"heading_6VerfU":{"type":"heading","settings":{"heading":"<p>Il n'y a pas que la dinde qui se fait fourrer à Noël !<\/p>","heading_size":"h3","heading_color_part1":"#21306b","heading_color_part2":"#ef6a20","no_color":false,"animate":true}}},"block_order":["heading_6VerfU"],"settings":{"desktop_content_position":"center","content_alignment":"center","color_scheme":"background-1","full_width":true,"reductible":false,"max_width":100,"padding_top":40,"padding_bottom":52}},"image_with_text_cPT3qh":{"type":"image-with-text","blocks":{"heading_D9dYR4":{"type":"heading","settings":{"heading":"...il y a aussi les chaussons !","heading_size":"h2","heading_color":"#21306b","img_replacement":false,"heading_alignment":"left"}},"text_g9B7cP":{"type":"text","settings":{"text":"<p>Ils ressemblent exactement à des espadrilles, seule différence : <strong>la toile doublée<\/strong> prête à réchauffer vos pieds !<br\/>La <strong>collection des chaussons espadrilles<\/strong> vous attend de pied ferme pour vous dorloter devant vos meilleures soirées devant la cheminée. Montantes, pantoufles, mules : trouvez la forme qui vous convient le mieux parmi + de 60 modèles !<\/p>","text_style":"body","text_column":1,"text_color":"#21306b","img_replacement":false,"text_alignment":"left"}},"button_Ai6bkJ":{"type":"button","settings":{"button_label":"Voir la collection","button_link":"shopify:\/\/collections\/chaussons-espadrilles-femme","icon":"none","button_color":"#21306b","button_text_color":"#ffffff","img_replacement":false}}},"block_order":["heading_D9dYR4","text_g9B7cP","button_Ai6bkJ"],"settings":{"image":"shopify:\/\/shop_images\/banniere_chaussons.webp","height":"adapt","desktop_image_width":"medium","layout":"image_first","full_width":true,"side_side":false,"desktop_content_position":"top","desktop_content_alignment":"left","content_layout":"no-overlap","no_color":true,"color_scheme":"background-1","background_color":"#ffffff","mobile_content_alignment":"left","padding_top":36,"padding_bottom":36}}},"order":["main","image_banner_869RWB","image_with_text_zMnr6M","collage_ttc7fr","multicolumn_QDwDCE","image_with_text_Qnyzzy","rich_text_6aqLz4","image_with_text_cPT3qh"]}