{"sections":{"slideshow_brpfte":{"type":"slideshow","blocks":{"slide_aeBPwb":{"type":"slide","settings":{"image":"shopify:\/\/shop_images\/situation_ville_panoramique.webp","image_mobile":"shopify:\/\/shop_images\/situation_ville_panoramique.webp","heading":"Nos foires d'avril 2024","heading_size":"h1","subheading":"","button_label":"","link":"","button_style_secondary":false,"link_on_slide":true,"box_align":"middle-center","show_text_box":false,"text_alignment":"center","image_overlay_opacity":0,"color_scheme":"background-1","text_alignment_mobile":"center","mobile_box_align":"middle-center"}}},"block_order":["slide_aeBPwb"],"settings":{"layout":"full_bleed","slide_height":"small","slider_visual":"counter","auto_rotate":false,"change_slides_speed":5,"change_slides_per_page":1,"change_slides_to_show":1,"show_text_below":true,"accessibility_info":"Slideshow about our brand"}},"rich_text_nGJbza":{"type":"rich-text","blocks":{"heading_FHjzPm":{"type":"heading","settings":{"heading":"<p>Toutes les informations pratiques pour nous retrouver !<\/p>","heading_size":"h2","heading_color_part1":"#21306b","heading_color_part2":"#ef6a20","no_color":true,"animate":false}}},"block_order":["heading_FHjzPm"],"settings":{"desktop_content_position":"center","content_alignment":"center","color_scheme":"background-1","full_width":true,"reductible":false,"max_width":100,"padding_top":40,"padding_bottom":52}},"image_with_text_63qNkJ":{"type":"image-with-text","blocks":{"heading_xgegcJ":{"type":"heading","settings":{"heading":"Notre rendez-vous annuel à Perpignan...","heading_size":"p","heading_color":"#21306b","img_replacement":false,"heading_alignment":"left"}},"text_jze88c":{"type":"text","settings":{"text":"<p>Qui dit arrivée du printemps, dit Foire Expo ! Et oui pour ne pas faire exception aux précédentes années, Payote vous attendra de pied ferme.<\/p><p>La Foire Expo de Perpignan se tiendra du:<br\/>- <strong>11 au 15 Avril 2024 inclus<\/strong> de 10h à 20h !<\/p><p><em>Vous travaillez la journée ? <\/em><\/p><p>Pas de panique ! <br\/>Cette année<strong> deux nocturnes <\/strong>sont prévues le vendredi et le samedi soir <strong>jusqu'à 23h.<\/strong>🤩<br\/><br\/>Retrouvez nous dans le<strong> Grand Hall Principal secteur mode et accessoires<\/strong> pour faire le plein de Payote à prix réduits pour bien commencer l'été ! <\/p>","text_style":"body","text_column":1,"text_color":"#21306b","img_replacement":false,"text_alignment":"left"}},"button_PQYpzT":{"type":"button","settings":{"button_label":"Pour en savoir plus sur l'événement","button_link":"https:\/\/www.congres-perpignan.com\/foirexposition-de-printemps-2024","icon":"none","button_color":"#21306b","button_text_color":"#ffffff","img_replacement":false}}},"block_order":["heading_xgegcJ","text_jze88c","button_PQYpzT"],"settings":{"image":"shopify:\/\/shop_images\/foire_perpignan.webp","height":"adapt","desktop_image_width":"medium","layout":"image_first","full_width":false,"side_side":false,"desktop_content_position":"middle","desktop_content_alignment":"left","content_layout":"no-overlap","no_color":true,"color_scheme":"background-1","background_color":"#ffffff","mobile_content_alignment":"left","padding_top":36,"padding_bottom":36}},"image_with_text_w4AnmU":{"type":"image-with-text","blocks":{"heading_ymMHTe":{"type":"heading","settings":{"heading":"Notre première foire à Toulouse !","heading_size":"p","heading_color":"#21306b","img_replacement":false,"heading_alignment":"left"}},"text_tTPFTm":{"type":"text","settings":{"text":"<p>Un pied en Catalogne et désormais, un pied dans la ville Rose ! <br\/><br\/>C'est avec un grand engouement que l'on avait envie de vous en parler... Notre arrivée à la <strong>Foire Internationale de Toulouse<\/strong> 🩷<\/p><p>Retrouvez nous sans plus attendre du<strong> 12 au 21 avril inclus <\/strong>au MEETT Parc des Expositions de Toulouse pour 10 jours de folie !<\/p><p>Pour les horaires :<em> <br\/><br\/><\/em>Tous les jours de <strong>10h à 19h<\/strong> sauf le  vendredi 12, le mardi 16 et le vendredi 19 avril 2024 : <strong>nocturnes jusqu'à 22h<\/strong>.<\/p><p>Maintenant que vous avez les informations générales...Où nous rencontrer ? C'est très simple ! <\/p><p>-&gt; <strong>Hall 2 secteur mode au Stand 2C17<\/strong> 😁<\/p><p><\/p>","text_style":"body","text_column":1,"text_color":"#21306b","img_replacement":false,"text_alignment":"left"}}},"block_order":["heading_ymMHTe","text_tTPFTm"],"settings":{"image":"shopify:\/\/shop_images\/payote_au_chocolat_ou_payotine.webp","height":"adapt","desktop_image_width":"medium","layout":"text_first","full_width":false,"side_side":false,"desktop_content_position":"middle","desktop_content_alignment":"left","content_layout":"no-overlap","no_color":true,"color_scheme":"background-1","background_color":"#ffffff","mobile_content_alignment":"left","padding_top":36,"padding_bottom":36}},"image_banner_jdhDip":{"type":"image-banner","blocks":{"heading_KUcGNR":{"type":"heading","settings":{"heading":"Les journées gratuites !","heading_size":"h2"}},"text_dJ4Tec":{"type":"text","settings":{"text":"Ouverture le vendredi 12 avril : Gratuit pour tous. Mardi 16 avril : Gratuit pour les lecteurs de la Dépêche du Midi. Mercredi 17 avril : Gratuit pour les femmes. Jeudi 18 avril : Gratuit pour les seniors.","text_style":"body"}},"buttons_NQaHnq":{"type":"buttons","settings":{"button_label_1":"Infos pratiques","button_link_1":"https:\/\/www.foiredetoulouse.com\/fr\/infos-pratiques","button_style_secondary_1":false,"button_label_2":"billetterie","button_link_2":"https:\/\/www.foiredetoulouse.com\/fr\/billetterie","button_style_secondary_2":false}}},"block_order":["heading_KUcGNR","text_dJ4Tec","buttons_NQaHnq"],"settings":{"image":"shopify:\/\/shop_images\/gift-card-envelopes.jpg","image_2":"shopify:\/\/shop_images\/gift-card-envelopes.jpg","image_overlay_opacity":0,"image_height":"medium","adapt_height_first_image":false,"desktop_content_position":"middle-center","show_text_box":true,"desktop_content_alignment":"center","color_scheme":"background-1","mobile_content_alignment":"center","mobile_content_position":"middle-center","stack_images_on_mobile":true,"show_text_below":true}},"rich_text_339RCp":{"type":"rich-text","blocks":{"heading_8iPNMY":{"type":"heading","settings":{"heading":"<p>Merci de nous permettre de grandir, d'oser et surtout, de rêver !<\/p>","heading_size":"h1","heading_color_part1":"#21306b","heading_color_part2":"#ef6a20","no_color":true,"animate":false}}},"block_order":["heading_8iPNMY"],"settings":{"desktop_content_position":"center","content_alignment":"center","color_scheme":"background-1","full_width":true,"reductible":false,"max_width":100,"padding_top":40,"padding_bottom":52}},"main":{"type":"main-article","custom_css":[],"settings":{}},"featured_product_list_hVh3RL":{"type":"featured_product_list","settings":{"title":"RECOMMANDATIONS","heading_size":"h1","description":"","show_description":false,"description_style":"body","products":["visite-de-latelier","espadrille-audrey","kit-fabrique-ton-espadrille-amandine-1"],"products_to_show":4,"columns_desktop":3,"full_width":false,"show_view_all":true,"view_all_style":"solid","enable_desktop_slider":false,"slider_visual":"counter","auto_rotate":false,"change_slides_speed":5,"change_slides_per_page":1,"color_scheme":"background-1","image_ratio":"adapt","show_secondary_image":false,"show_vendor":false,"show_rating":false,"enable_quick_add":false,"columns_mobile":"2","swipe_on_mobile":false,"padding_top":36,"padding_bottom":36}}},"order":["slideshow_brpfte","rich_text_nGJbza","image_with_text_63qNkJ","image_with_text_w4AnmU","image_banner_jdhDip","rich_text_339RCp","main","featured_product_list_hVh3RL"]}