{"sections":{"slideshow_brpfte":{"type":"slideshow","blocks":{"slide_aeBPwb":{"type":"slide","settings":{"image":"shopify:\/\/shop_images\/image00002_2.webp","image_mobile":"shopify:\/\/shop_images\/image00002_2.webp","heading":"Payote x Stade toulousain","heading_size":"h1","subheading":"","button_label":"","link":"","button_style_secondary":false,"link_on_slide":true,"box_align":"middle-center","show_text_box":false,"text_alignment":"center","image_overlay_opacity":0,"color_scheme":"background-1","text_alignment_mobile":"center","mobile_box_align":"middle-center"}}},"block_order":["slide_aeBPwb"],"settings":{"layout":"full_bleed","slide_height":"small","slider_visual":"counter","auto_rotate":false,"change_slides_speed":5,"change_slides_per_page":1,"change_slides_to_show":1,"show_text_below":true,"accessibility_info":"Slideshow about our brand"}},"rich_text_piymKp":{"type":"rich-text","blocks":{"text_96eGe6":{"type":"text","settings":{"text":"<p>Comme vous le savez ou peut-être pas, notre équipe est fan de rugby, et il est évident que les espadrilles sont un produit emblématique de notre belle région...  Alors quoi de mieux que de créer une collection exclusive d'<strong>espadrilles aux couleurs de ce club emblématique du Sud-Ouest<\/strong> ? ❤️🖤<\/p>","text_color":"#21306b","text_style":"classic","text_size":"small"}}},"block_order":["text_96eGe6"],"settings":{"desktop_content_position":"center","content_alignment":"center","color_scheme":"background-1","full_width":true,"reductible":false,"max_width":100,"padding_top":40,"padding_bottom":52}},"image_with_text_63qNkJ":{"type":"image-with-text","blocks":{"heading_xgegcJ":{"type":"heading","settings":{"heading":"Votre compagnon de la saison !","heading_size":"h2","heading_color":"#21306b","img_replacement":false,"heading_alignment":"left"}},"text_jze88c":{"type":"text","settings":{"text":"<p><strong>L'espadrille officielle du Stade Toulousain<\/strong> célèbre le palmarès du club avec ses couleurs emblématiques : le rouge et le noir.<\/p><p>Cette paire vise à <strong>partager les valeurs du sport<\/strong> sur un support made in France. Elle vous permettra de vivre chaque match avec enthousiasme, tout en soutenant le <strong>savoir-faire local<\/strong>. <\/p><p>En plus de son confort et de son style, elle incarne l'<strong>esprit du club et de ses supporters, <\/strong>et montre votre appartenance à la <strong>grande famille toulousaine <\/strong>!<\/p><p>Alors que ce soit pour un match à domicile ou à l'extérieur, quand choisirez-vous de chausser ce <strong>modèle unique<\/strong> ?<\/p>","text_style":"body","text_column":1,"text_color":"#21306b","img_replacement":false,"text_alignment":"left"}},"button_kUeAhq":{"type":"button","settings":{"button_label":"DROP ! 🏉","button_link":"shopify:\/\/products\/espadrille-stade-toulousain","icon":"none","button_color":"#21306b","button_text_color":"#ffffff","img_replacement":false}}},"block_order":["heading_xgegcJ","text_jze88c","button_kUeAhq"],"settings":{"image":"shopify:\/\/shop_images\/rn-image_picker_lib_temp_c5587891-c376-46b2-8ec2-fd57e0b62ca1-_1.webp","height":"adapt","desktop_image_width":"medium","layout":"text_first","full_width":false,"side_side":false,"desktop_content_position":"middle","desktop_content_alignment":"left","content_layout":"no-overlap","no_color":true,"color_scheme":"background-1","background_color":"#ffffff","mobile_content_alignment":"left","padding_top":36,"padding_bottom":36}},"image_with_text_w4AnmU":{"type":"image-with-text","blocks":{"heading_ymMHTe":{"type":"heading","settings":{"heading":"Une collaboration avec du sens...","heading_size":"h2","heading_color":"#21306b","img_replacement":false,"heading_alignment":"left"}},"text_tTPFTm":{"type":"text","settings":{"text":"<p>Chaque paire d'espadrilles nous rapproche de notre mission de rapatrier leur <strong>fabrication en France<\/strong>, notamment <strong>dans<\/strong> <strong>notre petit atelier perpignanais<\/strong>. <\/p><p>Cette proximité géographique renforce le lien entre nos produits et notre région, où l'espadrille est un<strong> véritable emblème du mode de vie sudiste<\/strong>. <\/p><p>Elle incarne l'<strong>art de vivre méditerranéen<\/strong>, mêlant <strong>tradition<\/strong> et <strong>modernité<\/strong>. <\/p><p>Notre collaboration avec le Stade Toulousain s'inscrit parfaitement dans cette vision, célébrant à la fois notre <strong>héritage régional<\/strong> et notre <strong>passion du sport<\/strong>. <\/p><p>Ensemble, nous mettons en avant les valeurs de <strong>qualité<\/strong>, de <strong>savoir-faire local<\/strong> et d'<strong>engagement sportif<\/strong>.<br\/><br\/><a href=\"\/products\/espadrille-stade-toulousain\" target=\"_blank\" title=\"Espadrille Stade Toulousain\"><strong>Pour encourager l'équipe, c'est par ici !<\/strong><\/a><\/p>","text_style":"body","text_column":1,"text_color":"#21306b","img_replacement":false,"text_alignment":"left"}}},"block_order":["heading_ymMHTe","text_tTPFTm"],"settings":{"image":"shopify:\/\/shop_images\/image00001_2.webp","height":"adapt","desktop_image_width":"medium","layout":"image_first","full_width":true,"side_side":false,"desktop_content_position":"middle","desktop_content_alignment":"left","content_layout":"no-overlap","no_color":true,"color_scheme":"background-1","background_color":"#ffffff","mobile_content_alignment":"left","padding_top":36,"padding_bottom":36}},"image_with_text_BV96rh":{"type":"image-with-text","blocks":{"heading_wycerK":{"type":"heading","settings":{"heading":"Parce que l'un ne va pas sans l'autre...","heading_size":"h2","heading_color":"#21306b","img_replacement":false,"heading_alignment":"left"}},"text_4eQqMb":{"type":"text","settings":{"text":"<p>Parce qu'ici, tous les ballons sont ovales et n'importe qui dans la foule aura toujours dans sa malle un cochonnet et des boules, nous avons créé (en dehors de cette collaboration) <strong>l'espadrille Pétanque Club<\/strong> !<\/p><p>Ce modèle célèbre <strong>l'art de vivre du Sud où le rugby et la pétanque sont indissociables<\/strong>. Que vous soyez sur le terrain de rugby ou autour d'un terrain de pétanque, ces espadrilles sont faites pour vous accompagner avec style et confort. <\/p><p>Avec leur design inspiré des traditions locales, elles incarnent <strong>l'esprit festif et convivial de notre région<\/strong>. <\/p><p>Adoptez-les pour afficher votre passion pour ces deux sports emblématiques et profiter pleinement des moments de partage entre amis.<br\/><br\/><a href=\"\/products\/espadrille-petanque-club\" target=\"_blank\" title=\"Espadrille Pétanque Club\">Je tire ! 😎<\/a><\/p>","text_style":"body","text_column":1,"text_color":"#21306b","img_replacement":false,"text_alignment":"left"}}},"block_order":["heading_wycerK","text_4eQqMb"],"settings":{"image":"shopify:\/\/shop_images\/espadrille-petanque-club_cc60f598-d02f-40cc-b563-1bba290dd0ac.webp","height":"adapt","desktop_image_width":"medium","layout":"text_first","full_width":true,"side_side":false,"desktop_content_position":"middle","desktop_content_alignment":"left","content_layout":"no-overlap","no_color":true,"color_scheme":"background-1","background_color":"#ffffff","mobile_content_alignment":"left","padding_top":36,"padding_bottom":36}},"rich_text_339RCp":{"type":"rich-text","blocks":{"text_EpCgGb":{"type":"text","settings":{"text":"<p>Que vous soyez amateur de sports, ou simplement adepte du mode de vie sudiste, <strong>ces espadrilles <\/strong>devraient vous plaire. Attention, elles risquent de faire sourire ceux que vous croisez. Alors, n'hésitez plus et adoptez ces modèles uniques <strong>pour un été de passion et de légèreté<\/strong> !<\/p>","text_color":"#21306b","text_style":"classic","text_size":"small"}}},"block_order":["text_EpCgGb"],"settings":{"desktop_content_position":"center","content_alignment":"center","color_scheme":"background-1","full_width":true,"reductible":false,"max_width":100,"padding_top":40,"padding_bottom":52}},"main":{"type":"main-article","custom_css":[],"settings":{}},"featured_blog_bWe7yQ":{"type":"featured-blog","settings":{"heading":"Autres articles qui pourraient vous intéresser...","heading_size":"h1","blog":"le-blog","post_limit":3,"columns_desktop":3,"color_scheme":"background-1","show_image":true,"show_date":false,"show_author":false,"show_view_all":true,"padding_top":36,"padding_bottom":36}}},"order":["slideshow_brpfte","rich_text_piymKp","image_with_text_63qNkJ","image_with_text_w4AnmU","image_with_text_BV96rh","rich_text_339RCp","main","featured_blog_bWe7yQ"]}