{"sections":{"slideshow_brpfte":{"type":"slideshow","blocks":{"slide_aeBPwb":{"type":"slide","settings":{"image":"shopify:\/\/shop_images\/situation-nature-paysage.webp","heading":"Et si on osait porter des espadrilles à un mariage ?","heading_size":"h1","subheading":"Le jour du mariage, chaque détail compte, de la robe de mariée aux décorations de la salle. Alors, pourquoi ne pas bousculer les codes et apporter une touche d'audace avec une paire d'espadrilles personnalisées ?","button_label":"","link":"","button_style_secondary":false,"link_on_slide":true,"box_align":"middle-center","show_text_box":false,"text_alignment":"center","image_overlay_opacity":0,"color_scheme":"background-1","text_alignment_mobile":"center","mobile_box_align":"middle-center"}}},"block_order":["slide_aeBPwb"],"settings":{"layout":"full_bleed","slide_height":"small","slider_visual":"counter","auto_rotate":false,"change_slides_speed":5,"change_slides_per_page":1,"change_slides_to_show":1,"show_text_below":true,"accessibility_info":"Slideshow about our brand"}},"rich_text_nGJbza":{"type":"rich-text","blocks":{"heading_FHjzPm":{"type":"heading","settings":{"heading":"<h2>Et si on se mariait en espadrilles beiges ?<\/h2>","heading_size":"h2","heading_color_part1":"#21306b","heading_color_part2":"#ef6a20","no_color":true,"animate":false}},"text_Gxykhi":{"type":"text","settings":{"text":"<p>Le mariage, un moment magique où chaque détail compte. Si l'idée d'une célébration sans <strong>talons inconfortables et de soucis de taches<\/strong> sur des chaussures blanches traditionnelles vous séduit, alors l'aventure d'un mariage en espadrilles beiges pourrait bien être le chapitre idéal de <strong>votre histoire d'amour<\/strong>.<strong> <\/strong>Payote s'invite donc dans votre cérémonie, dans un esprit résolument chic\/décontracté avec des <strong>espadrilles beiges brodées.<\/strong><\/p>","text_color":"#21306b","text_style":"classic","text_size":"small"}}},"block_order":["heading_FHjzPm","text_Gxykhi"],"settings":{"desktop_content_position":"center","content_alignment":"center","color_scheme":"background-1","full_width":false,"reductible":false,"max_width":100,"padding_top":40,"padding_bottom":52}},"image_with_text_63qNkJ":{"type":"image-with-text","blocks":{"heading_xgegcJ":{"type":"heading","settings":{"heading":"Personnalisé : Vos Initiales, Votre Date, Mots d'Amour","heading_size":"h2","heading_color":"#21306b","img_replacement":false,"heading_alignment":"left"}},"text_jze88c":{"type":"text","settings":{"text":"<p>La personnalisation est la clé pour rendre vos espadrilles de mariage <strong>uniques<\/strong>. Imaginez vos initiales finement brodées, la date de votre union subtilement présente sur chaque paire. C'est bien plus qu'une simple chaussure, c'est une <strong>pièce maîtresse<\/strong> personnalisée de votre journée spéciale.<\/p>","text_style":"body","text_column":1,"text_color":"#21306b","img_replacement":false,"text_alignment":"left"}}},"block_order":["heading_xgegcJ","text_jze88c"],"settings":{"image":"shopify:\/\/shop_images\/Espadrilles_Brodees_Mariage_avec_Date_b25e4959-673b-4304-a0aa-76716fad1b07.webp","height":"adapt","desktop_image_width":"medium","layout":"image_first","full_width":false,"side_side":false,"desktop_content_position":"middle","desktop_content_alignment":"left","content_layout":"no-overlap","no_color":true,"color_scheme":"background-1","background_color":"#ffffff","mobile_content_alignment":"left","padding_top":36,"padding_bottom":36}},"image_with_text_83F6pc":{"type":"image-with-text","blocks":{"heading_zhbNy4":{"type":"heading","settings":{"heading":"Moins Salissant que le Blanc !","heading_size":"h2","heading_color":"#21306b","img_replacement":false,"heading_alignment":"left"}},"text_t9jwC8":{"type":"text","settings":{"text":"<p>Le <strong>beige<\/strong>, teinte sophistiquée par excellence, élimine les tracas liés au blanc. <strong>Moins salissant<\/strong>, il vous permet de profiter pleinement de chaque instant de votre journée sans craindre les inévitables taches. Que votre <strong>cérémonie soit en plein air ou animée<\/strong>, les espadrilles beiges vous offrent la tranquillité d'esprit nécessaire pour <strong>vivre l'instant présent<\/strong>.<\/p>","text_style":"body","text_column":1,"text_color":"#21306b","img_replacement":false,"text_alignment":"left"}}},"block_order":["heading_zhbNy4","text_t9jwC8"],"settings":{"image":"shopify:\/\/shop_images\/beige-1_8cec83ab-bf50-4faf-9995-d951ad3de27d.webp","height":"adapt","desktop_image_width":"medium","layout":"text_first","full_width":false,"side_side":false,"desktop_content_position":"middle","desktop_content_alignment":"left","content_layout":"no-overlap","no_color":true,"color_scheme":"background-1","background_color":"#ffffff","mobile_content_alignment":"left","padding_top":36,"padding_bottom":36}},"rich_text_339RCp":{"type":"rich-text","blocks":{"heading_8iPNMY":{"type":"heading","settings":{"heading":"<p>Quand le confort et le style disent 'OUI' sans chichis !\"<\/p>","heading_size":"h1","heading_color_part1":"#21306b","heading_color_part2":"#ef6a20","no_color":true,"animate":false}}},"block_order":["heading_8iPNMY"],"settings":{"desktop_content_position":"center","content_alignment":"center","color_scheme":"background-1","full_width":true,"reductible":false,"max_width":100,"padding_top":40,"padding_bottom":52}},"main":{"type":"main-article","custom_css":[],"settings":{}},"featured_product_list_hVh3RL":{"type":"featured_product_list","settings":{"title":"RECOMMANDATIONS","heading_size":"h1","description":"","show_description":false,"description_style":"body","products":["visite-de-latelier","espadrille-audrey","kit-fabrique-ton-espadrille-amandine-1"],"products_to_show":4,"columns_desktop":3,"full_width":false,"show_view_all":true,"view_all_style":"solid","enable_desktop_slider":false,"slider_visual":"counter","auto_rotate":false,"change_slides_speed":5,"change_slides_per_page":1,"color_scheme":"background-1","image_ratio":"adapt","show_secondary_image":false,"show_vendor":false,"show_rating":false,"enable_quick_add":false,"columns_mobile":"2","swipe_on_mobile":false,"padding_top":36,"padding_bottom":36}}},"order":["slideshow_brpfte","rich_text_nGJbza","image_with_text_63qNkJ","image_with_text_83F6pc","rich_text_339RCp","main","featured_product_list_hVh3RL"]}