{"sections":{"main":{"type":"main-article","disabled":true,"settings":{}},"image_banner_869RWB":{"type":"image-banner","blocks":{"heading_nL6CXB":{"type":"heading","settings":{"heading":"3 raisons de porter des chaussons espadrilles en hiver ❄️","heading_size":"h1"}}},"block_order":["heading_nL6CXB"],"settings":{"image":"shopify:\/\/shop_images\/situation-chaussons-espadrilles-fourres.webp","image_overlay_opacity":0,"image_height":"small","adapt_height_first_image":false,"desktop_content_position":"middle-center","show_text_box":false,"desktop_content_alignment":"center","color_scheme":"background-1","mobile_content_alignment":"center","mobile_content_position":"middle-center","stack_images_on_mobile":true,"show_text_below":true}},"rich_text_CLrnWH":{"type":"rich-text","blocks":{"text_WiptkH":{"type":"text","settings":{"text":"<p>L'hiver arrive à grand pas, et chez Payote, nous savons à quel point il est important de rester bien au chaud chez soi.  Découvrez pourquoi <strong>nos chaussons espadrilles<\/strong> sont le choix parfait pour passer les mois froids avec <strong>élégance et écoresponsabilité<\/strong>.🥰<\/p>","text_color":"#21306b","text_style":"classic","text_size":"small"}}},"block_order":["text_WiptkH"],"settings":{"desktop_content_position":"center","content_alignment":"center","color_scheme":"background-1","full_width":true,"reductible":false,"max_width":100,"padding_top":40,"padding_bottom":52}},"image_with_text_LqQzGL":{"type":"image-with-text","blocks":{"heading_zBt6dW":{"type":"heading","settings":{"heading":"1. Le confort thermique","heading_size":"h2","heading_color":"#21306b","img_replacement":false,"heading_alignment":"left"}},"text_F9zhFE":{"type":"text","settings":{"text":"<p>Nos chaussons espadrilles sont spécialement conçus pour offrir une isolation thermique de tous points de vue. Ils maintiennent vos pieds à une <strong>température agréable<\/strong>, même lorsque les températures extérieures chutent. <br\/><br\/>Grâce à une <strong>semelle en jute épaisse et un tissu doublé<\/strong>, vos pieds restent bien au chaud tout en évitant la surchauffe.<br\/><br\/><\/p>","text_style":"body","text_column":1,"text_color":"#21306b","img_replacement":false,"text_alignment":"left"}},"button_GJypig":{"type":"button","settings":{"button_label":"Nos espa'ntoufles","button_link":"shopify:\/\/collections\/chaussons-espadrilles-femme","icon":"snowflake","button_color":"#21306b","button_text_color":"#ffffff","img_replacement":false}}},"block_order":["heading_zBt6dW","text_F9zhFE","button_GJypig"],"settings":{"image":"shopify:\/\/shop_images\/banniere_chaussons.webp","height":"adapt","desktop_image_width":"medium","layout":"image_first","full_width":true,"side_side":false,"desktop_content_position":"top","desktop_content_alignment":"left","content_layout":"no-overlap","no_color":true,"color_scheme":"background-1","background_color":"#ffffff","mobile_content_alignment":"left","padding_top":36,"padding_bottom":36}},"image_with_text_YxKqh6":{"type":"image-with-text","blocks":{"heading_iBxERa":{"type":"heading","settings":{"heading":"2. 100% Made in France","heading_size":"h2","heading_color":"#21306b","img_replacement":false,"heading_alignment":"left"}},"text_eVXR8V":{"type":"text","settings":{"text":"<p>Nos jolis chaussons espadrilles, aussi appelés Espa'ntoufles, sont entièrement <strong>fabriquées en France<\/strong>, dans le respect de l’artisanat local. Chaque paire est le résultat d'un savoir-faire traditionnel, soutenant l'économie locale et garantissant une qualité irréprochable. <br\/><br\/>En choisissant Payote, vous optez pour des chaussons produits de manière responsable favorisant des <strong>conditions de travail décentes<\/strong>, avec un engagement fort pour des <strong>pratiques écologiques et durables<\/strong>.<\/p>","text_style":"body","text_column":1,"text_color":"#21306b","img_replacement":false,"text_alignment":"left"}},"button_PQb7x7":{"type":"button","settings":{"button_label":"Nos engagements","button_link":"shopify:\/\/pages\/nos-actions","icon":"leaf","button_color":"#21306b","button_text_color":"#ffffff","img_replacement":false}}},"block_order":["heading_iBxERa","text_eVXR8V","button_PQb7x7"],"settings":{"image":"shopify:\/\/shop_images\/baniere_fabrique_ta_paire.webp","height":"adapt","desktop_image_width":"medium","layout":"text_first","full_width":true,"side_side":false,"desktop_content_position":"top","desktop_content_alignment":"left","content_layout":"no-overlap","no_color":true,"color_scheme":"background-1","background_color":"#ffffff","mobile_content_alignment":"left","padding_top":36,"padding_bottom":36}},"image_with_text_DxbP3q":{"type":"image-with-text","blocks":{"heading_ABmxBV":{"type":"heading","settings":{"heading":"3. et des designs originaux","heading_size":"h2","heading_color":"#21306b","img_replacement":false,"heading_alignment":"left"}},"text_TKqziz":{"type":"text","settings":{"text":"<p>Nous proposons une<strong> vaste gamme de chaussons espadrilles<\/strong> avec des motifs uniques et variés, allant des motifs \"classiques\" aux créations modernes et audacieuses. Chaque paire est non seulement confortable mais aussi un véritable accessoire de mode, s'intégrant parfaitement à votre tenue hivernale ! <br\/><br\/>De plus, la diversité des matières utilisées, comme le <strong>velours côtelé, le coton et le synthétique<\/strong> (polaire), vous permet de choisir le chausson qui correspond le mieux à vos goûts et à vos besoins de la saison. <\/p>","text_style":"body","text_column":1,"text_color":"#21306b","img_replacement":false,"text_alignment":"left"}},"button_66kpMh":{"type":"button","settings":{"button_label":"tous nos modèles","button_link":"shopify:\/\/collections\/chaussons-espadrilles-femme","icon":"heart","button_color":"#21306b","button_text_color":"#ffffff","img_replacement":false}}},"block_order":["heading_ABmxBV","text_TKqziz","button_66kpMh"],"settings":{"image":"shopify:\/\/shop_images\/benniere_olaf.webp","height":"adapt","desktop_image_width":"medium","layout":"image_first","full_width":true,"side_side":false,"desktop_content_position":"top","desktop_content_alignment":"left","content_layout":"no-overlap","no_color":true,"color_scheme":"background-1","background_color":"#ffffff","mobile_content_alignment":"left","padding_top":36,"padding_bottom":36}},"featured_collection_HXnpQp":{"type":"featured-collection","settings":{"title":"Notre sélection pour vous !","heading_size":"h2","description":"","show_description":false,"description_style":"body","collection":"chaussons-espadrilles","products_to_show":12,"columns_desktop":4,"full_width":false,"show_view_all":true,"view_all_style":"link","enable_desktop_slider":true,"slider_visual":"counter","auto_rotate":true,"change_slides_speed":3,"change_slides_per_page":1,"color_scheme":"background-1","image_ratio":"adapt","show_secondary_image":false,"show_vendor":false,"show_rating":false,"enable_quick_add":false,"columns_mobile":"2","swipe_on_mobile":true,"padding_top":36,"padding_bottom":28}}},"order":["main","image_banner_869RWB","rich_text_CLrnWH","image_with_text_LqQzGL","image_with_text_YxKqh6","image_with_text_DxbP3q","featured_collection_HXnpQp"]}