{"sections":{"main":{"type":"main-article","disabled":true,"settings":{}},"image_banner_869RWB":{"type":"image-banner","blocks":{"heading_nL6CXB":{"type":"heading","settings":{"heading":"Comment bien choisir son espadrille homme ?","heading_size":"h1"}},"text_zrmhHm":{"type":"text","settings":{"text":"Trouver une paire de chaussures légère et à son goût n'est pas chose facile...Voici notre guide pour trouver espadrille à votre pied.","text_style":"body"}}},"block_order":["heading_nL6CXB","text_zrmhHm"],"settings":{"image":"shopify:\/\/shop_images\/homme.png","image_overlay_opacity":0,"image_height":"medium","adapt_height_first_image":false,"desktop_content_position":"middle-center","show_text_box":true,"desktop_content_alignment":"center","color_scheme":"background-1","mobile_content_alignment":"center","mobile_content_position":"middle-center","stack_images_on_mobile":true,"show_text_below":true}},"rich_text_q8ReR7":{"type":"rich-text","blocks":{"heading_PjknBU":{"type":"heading","settings":{"heading":"<p>Confort et style, le meilleur combo pour vos pieds !<\/p>","heading_size":"h2","heading_color_part1":"#21306b","heading_color_part2":"#ef6a20","no_color":true,"animate":false}},"text_UU6wJi":{"type":"text","settings":{"text":"<p>Lorsqu'il s'agit de style décontracté et de confort estival, les espadrilles pour homme sont un choix incontournable. Il existe une variété étonnante d'options, mais choisir la bonne paire peut parfois être délicat. Les espadrilles ne sont pas seulement des chaussures, elles sont également une déclaration de mode. Nous allons explorer des conseils pratiques pour vous aider à bien choisir votre <strong>paire d'espadrilles homme<\/strong>, en tenant compte de facteurs cruciaux tels que le style et le confort.<\/p>","text_color":"#21306b","text_style":"classic","text_size":"large"}}},"block_order":["heading_PjknBU","text_UU6wJi"],"settings":{"desktop_content_position":"center","content_alignment":"center","color_scheme":"background-1","full_width":true,"reductible":false,"max_width":100,"padding_top":40,"padding_bottom":52}},"multicolumn_D7hhGM":{"type":"multicolumn","blocks":{"column_8TJbxr":{"type":"column","settings":{"title":"1. La toile","text":"<p>La toile de l’espadrille influence directement le confort : coton, doublée ou non, polyester chaque matière a son propre<\/p>","link_label":"","link":"","block_color":"#21306b","show_text_box":true,"animate":false}},"column_peEyBH":{"type":"column","settings":{"title":"Column","text":"<p>Pair text with an image to focus on your chosen product, collection, or blog post. Add details on availability, style, or even provide a review.<\/p>","link_label":"","link":"","block_color":"#21306b","show_text_box":true,"animate":false}},"column_mqaUAc":{"type":"column","settings":{"title":"Column","text":"<p>Pair text with an image to focus on your chosen product, collection, or blog post. Add details on availability, style, or even provide a review.<\/p>","link_label":"","link":"","block_color":"#21306b","show_text_box":true,"animate":false}}},"block_order":["column_8TJbxr","column_peEyBH","column_mqaUAc"],"settings":{"title":"Des critères à ne pas négliger...","heading_size":"h1","image_width":"full","image_ratio":"adapt","columns_desktop":3,"full_width":true,"column_alignment":"left","background_style":"primary","button_label":"Button label","button_link":"","color_scheme":"background-1","columns_mobile":"1","swipe_on_mobile":false,"padding_top":36,"padding_bottom":36}}},"order":["main","image_banner_869RWB","rich_text_q8ReR7","multicolumn_D7hhGM"]}