{"sections":{"slideshow_brpfte":{"type":"slideshow","blocks":{"slide_aeBPwb":{"type":"slide","settings":{"image":"shopify:\/\/shop_images\/situation-robe-talon-noir-comment-l-accessoiriser-espadrilles.webp","image_mobile":"shopify:\/\/shop_images\/situation-robe-talon-noir-comment-l-accessoiriser-espadrilles.webp","heading":"5 tenues pour sublimer vos espadrilles imprimées","heading_size":"h1","subheading":"","button_label":"","link":"","button_style_secondary":false,"link_on_slide":true,"box_align":"middle-center","show_text_box":false,"text_alignment":"center","image_overlay_opacity":0,"color_scheme":"background-1","text_alignment_mobile":"center","mobile_box_align":"middle-center"}}},"block_order":["slide_aeBPwb"],"settings":{"layout":"full_bleed","slide_height":"small","slider_visual":"counter","auto_rotate":false,"change_slides_speed":5,"change_slides_per_page":1,"change_slides_to_show":1,"show_text_below":true,"accessibility_info":"Slideshow about our brand"}},"rich_text_piymKp":{"type":"rich-text","blocks":{"text_96eGe6":{"type":"text","settings":{"text":"<p>Les espadrilles imprimées sont la touche fun de notre garde-robe estivale. Polyvalentes et confortables, elles se marient parfaitement avec une multitude de tenues. Voici cinq idées de looks pour mettre en valeur vos espadrilles imprimées !<\/p>","text_color":"#21306b","text_style":"classic","text_size":"small"}}},"block_order":["text_96eGe6"],"settings":{"desktop_content_position":"center","content_alignment":"center","color_scheme":"background-1","full_width":true,"reductible":false,"max_width":100,"padding_top":40,"padding_bottom":52}},"image_with_text_63qNkJ":{"type":"image-with-text","blocks":{"heading_xgegcJ":{"type":"heading","settings":{"heading":"1. Le look Bohème","heading_size":"h2","heading_color":"#21306b","img_replacement":false,"heading_alignment":"left"}},"text_jze88c":{"type":"text","settings":{"text":"<p>Pour un style <strong>bohème chic<\/strong>, rien de tel qu'une <strong>robe longue et fluide<\/strong> !<\/p><p>Optez pour une <strong>robe légère<\/strong> en coton ou en lin, de préférence avec un<strong> imprimé discret<\/strong> ou dans des <strong>tons unis<\/strong> qui rappellent les couleurs de vos espadrilles.<\/p><p>Nos Payote imprimées apporteront une <strong>touche d'originalité<\/strong> à votre tenue tout en conservant ce côté naturel et décontracté. <\/p><p>Complétez le tout avec un <strong>chapeau en paille<\/strong> et quelques <strong>bijoux en bois<\/strong> <strong>ou en coquillages <\/strong>pour un<strong> look estival et bohème parfait<\/strong> !<\/p>","text_style":"body","text_column":1,"text_color":"#21306b","img_replacement":false,"text_alignment":"left"}}},"block_order":["heading_xgegcJ","text_jze88c"],"settings":{"image":"shopify:\/\/shop_images\/situation-robe-rose-boheme.webp","height":"adapt","desktop_image_width":"medium","layout":"text_first","full_width":false,"side_side":false,"desktop_content_position":"middle","desktop_content_alignment":"left","content_layout":"no-overlap","no_color":true,"color_scheme":"background-1","background_color":"#ffffff","mobile_content_alignment":"left","padding_top":36,"padding_bottom":36}},"image_with_text_w4AnmU":{"type":"image-with-text","blocks":{"heading_ymMHTe":{"type":"heading","settings":{"heading":"2. Le look casual chic","heading_size":"h2","heading_color":"#21306b","img_replacement":false,"heading_alignment":"left"}},"text_tTPFTm":{"type":"text","settings":{"text":"<p>Pour un look <strong>casual mais élégant<\/strong>, associez vos espadrilles imprimées avec un <strong>jean droit ou boyfriend<\/strong> et une <strong>chemise blanche<\/strong>. <\/p><p>Le contraste entre l'élégance simple de la chemise blanche et l'imprimé audacieux de vos espadrilles créera une <strong>harmonie parfaite<\/strong>. <\/p><p>Ajoutez un <strong>sac en bandoulière<\/strong> et une <strong>paire de lunettes de soleil<\/strong> pour un look raffiné mais décontracté. <\/p><p>Cette tenue est idéale pour un déjeuner en terrasse ou une promenade en ville !<\/p>","text_style":"body","text_column":1,"text_color":"#21306b","img_replacement":false,"text_alignment":"left"}}},"block_order":["heading_ymMHTe","text_tTPFTm"],"settings":{"image":"shopify:\/\/shop_images\/woman-in-an-oversized-white-shirt-and-denim-jeans.webp","height":"adapt","desktop_image_width":"medium","layout":"image_first","full_width":true,"side_side":false,"desktop_content_position":"middle","desktop_content_alignment":"left","content_layout":"no-overlap","no_color":true,"color_scheme":"background-1","background_color":"#ffffff","mobile_content_alignment":"left","padding_top":36,"padding_bottom":36}},"image_with_text_adEpB6":{"type":"image-with-text","blocks":{"heading_mmeLRR":{"type":"heading","settings":{"heading":"3. Le look sport & relax","heading_size":"h2","heading_color":"#21306b","img_replacement":false,"heading_alignment":"left"}},"text_bLixpC":{"type":"text","settings":{"text":"<p>Pour un <strong>look plus décontracté et sportif<\/strong>, misez sur un <strong>short en jean<\/strong> et un <strong>t-shirt imprimé<\/strong>. <\/p><p>Le t-shirt peut reprendre l'une des couleurs présentes dans vos espadrilles pour une touche de cohérence, ou bien être dans un ton neutre pour laisser les chaussures prendre le devant de la scène !<\/p><p>C'est le combo parfait <strong>pour une journée à la plage<\/strong> ou <strong>une sortie entre amis<\/strong>. <\/p><p>Complétez la tenue avec un sac à dos en toile et une casquette pour un style encore plus cool.<\/p>","text_style":"body","text_column":1,"text_color":"#21306b","img_replacement":false,"text_alignment":"left"}}},"block_order":["heading_mmeLRR","text_bLixpC"],"settings":{"image":"shopify:\/\/shop_images\/situation-tenue-sport-relax.webp","height":"adapt","desktop_image_width":"medium","layout":"text_first","full_width":true,"side_side":false,"desktop_content_position":"top","desktop_content_alignment":"left","content_layout":"no-overlap","no_color":true,"color_scheme":"background-1","background_color":"#ffffff","mobile_content_alignment":"left","padding_top":36,"padding_bottom":36}},"image_with_text_JpXPeT":{"type":"image-with-text","blocks":{"heading_ArAECi":{"type":"heading","settings":{"heading":"4. Le look élégant","heading_size":"h2","heading_color":"#21306b","img_replacement":false,"heading_alignment":"left"}},"text_aXtFhY":{"type":"text","settings":{"text":"<p>Pour une <strong>touche d'élégance tout en restant confortable<\/strong>, associez vos espadrilles imprimées avec une <strong>jupe midi<\/strong> et un <strong>top en dentelle<\/strong>. <\/p><p>La jupe midi, légère et aérienne, est parfaite pour mettre en valeur vos espadrilles tout en restant féminine. Le top en dentelle ajoute une note sophistiquée à l'ensemble, créant un <strong>équilibre entre confort et élégance<\/strong>. <\/p><p>Portez cette tenue lors d'une <strong>soirée d'été<\/strong> ou d'un <strong>dîner en terrasse<\/strong> pour un <strong>look chic et estival<\/strong>.<\/p>","text_style":"body","text_column":1,"text_color":"#21306b","img_replacement":false,"text_alignment":"left"}}},"block_order":["heading_ArAECi","text_aXtFhY"],"settings":{"image":"shopify:\/\/shop_images\/situation-tenue-elegante.webp","height":"adapt","desktop_image_width":"medium","layout":"image_first","full_width":true,"side_side":false,"desktop_content_position":"top","desktop_content_alignment":"left","content_layout":"no-overlap","no_color":true,"color_scheme":"background-1","background_color":"#ffffff","mobile_content_alignment":"left","padding_top":36,"padding_bottom":36}},"image_with_text_iH7Nwf":{"type":"image-with-text","blocks":{"heading_HfprEi":{"type":"heading","settings":{"heading":"5. Le look minimaliste moderne","heading_size":"h2","heading_color":"#21306b","img_replacement":false,"heading_alignment":"left"}},"text_XRPwM6":{"type":"text","settings":{"text":"<p>Enfin pour un <strong>look moderne et minimaliste<\/strong>, optez pour un <strong>pantalon taille haute<\/strong>, de préférence en <strong>lin<\/strong> ou en <strong>coton léger<\/strong>, et un <strong>crop top assorti<\/strong>. <\/p><p>Ce style met en valeur votre silhouette tout en restant confortable, <strong>parfait pour les journées chaudes<\/strong>. <\/p><p>Les espadrilles imprimées apporteront la <strong>touche de fantaisie<\/strong> qui viendra casser le côté épuré de la tenue. <\/p><p>Ajoutez quelques accessoires minimalistes, comme une montre fine et un sac en simili cuir, pour parfaire ce <strong>look contemporain<\/strong> !<\/p>","text_style":"body","text_column":1,"text_color":"#21306b","img_replacement":false,"text_alignment":"left"}},"button_QX9Kxm":{"type":"button","settings":{"button_label":"Nos espadrilles imprimées ❤️","button_link":"shopify:\/\/collections\/espadrilles-imprimees","icon":"none","button_color":"#21306b","button_text_color":"#ffffff","img_replacement":false}}},"block_order":["heading_HfprEi","text_XRPwM6","button_QX9Kxm"],"settings":{"image":"shopify:\/\/shop_images\/situation-tenue-minimaliste-moderne.webp","height":"adapt","desktop_image_width":"medium","layout":"text_first","full_width":true,"side_side":false,"desktop_content_position":"top","desktop_content_alignment":"left","content_layout":"no-overlap","no_color":true,"color_scheme":"background-1","background_color":"#ffffff","mobile_content_alignment":"left","padding_top":36,"padding_bottom":36}},"rich_text_339RCp":{"type":"rich-text","blocks":{"text_EpCgGb":{"type":"text","settings":{"text":"<p>Avec ces cinq tenues, vos <strong>espadrilles imprimées <\/strong>deviendront un élément central de votre garde-robe estivale, vous permettant de rester à la fois confortable et stylée ! N'hésitez pas à adapter ces idées à votre style personnel pour créer des looks qui vous ressemblent. ❤️<\/p>","text_color":"#21306b","text_style":"classic","text_size":"small"}}},"block_order":["text_EpCgGb"],"settings":{"desktop_content_position":"center","content_alignment":"center","color_scheme":"background-1","full_width":true,"reductible":false,"max_width":100,"padding_top":40,"padding_bottom":52}},"main":{"type":"main-article","custom_css":[],"settings":{}},"featured_blog_bWe7yQ":{"type":"featured-blog","settings":{"heading":"Autres articles qui pourraient vous intéresser...","heading_size":"h1","blog":"le-blog","post_limit":3,"columns_desktop":3,"color_scheme":"background-1","show_image":true,"show_date":false,"show_author":false,"show_view_all":true,"padding_top":36,"padding_bottom":36}}},"order":["slideshow_brpfte","rich_text_piymKp","image_with_text_63qNkJ","image_with_text_w4AnmU","image_with_text_adEpB6","image_with_text_JpXPeT","image_with_text_iH7Nwf","rich_text_339RCp","main","featured_blog_bWe7yQ"]}