{"sections":{"slideshow_brpfte":{"type":"slideshow","blocks":{"slide_aeBPwb":{"type":"slide","settings":{"image":"shopify:\/\/shop_images\/ATELIER-PAYOTE-_1.webp","image_mobile":"shopify:\/\/shop_images\/Fete-Des-Meres-Banniere-Ordi_webp.webp","heading":"Nos idées cadeaux pour les fêtes","heading_size":"h1","subheading":"","button_label":"","link":"","button_style_secondary":false,"link_on_slide":true,"box_align":"middle-center","show_text_box":false,"text_alignment":"center","image_overlay_opacity":30,"color_scheme":"background-1","text_alignment_mobile":"center","mobile_box_align":"middle-center"}}},"block_order":["slide_aeBPwb"],"settings":{"layout":"full_bleed","slide_height":"small","slider_visual":"counter","auto_rotate":false,"change_slides_speed":5,"change_slides_per_page":1,"change_slides_to_show":1,"show_text_below":true,"accessibility_info":"Slideshow about our brand"}},"rich_text_piymKp":{"type":"rich-text","blocks":{"text_96eGe6":{"type":"text","settings":{"text":"<p>Chez Payote, l'espadrille, ce n’est pas seulement une chaussure...<\/p><p>C'est un véritable symbole de savoir-faire artisanal, de passion et de convivialité. Et quoi de mieux que de créer vous-même votre propre paire ? 🧵<\/p>","text_color":"#21306b","text_style":"classic","text_size":"small"}}},"block_order":["text_96eGe6"],"settings":{"desktop_content_position":"center","content_alignment":"center","color_scheme":"background-1","full_width":true,"reductible":false,"max_width":100,"padding_top":40,"padding_bottom":52}},"image_with_text_63qNkJ":{"type":"image-with-text","blocks":{"heading_xgegcJ":{"type":"heading","settings":{"heading":"Mettez votre pied à la pâte : Créez votre propre paire d’espadrilles avec Payote","heading_size":"h2","heading_color":"#21306b","img_replacement":false,"heading_alignment":"left"}},"text_jze88c":{"type":"text","settings":{"text":"<p>Chez Payote, l'espadrille, ce n’est pas seulement une chaussure : c'est un véritable symbole de savoir-faire artisanal, de passion et de convivialité. <\/p><p>Et quoi de mieux que de créer vous-même votre propre paire ? Nous possédons un atelier unique qui vous permettra de découvrir tout le processus de fabrication et de repartir avec votre création personnalisée. <\/p><p>Bien plus qu’une simple activité, c’est une aventure humaine, où chaque geste compte et où chaque paire raconte une histoire : <strong>la vôtre<\/strong>.<\/p>","text_style":"body","text_column":1,"text_color":"#21306b","img_replacement":false,"text_alignment":"left"}},"button_tEekXB":{"type":"button","settings":{"button_label":"Trouvez votre bonheur ici 🎁","button_link":"shopify:\/\/collections\/chaussons-espadrilles","icon":"none","button_color":"#21306b","button_text_color":"#ffffff","img_replacement":false}}},"block_order":["heading_xgegcJ","text_jze88c","button_tEekXB"],"settings":{"image":"shopify:\/\/shop_images\/image00001-_1_-copie.webp","autoplay":false,"height":"adapt","desktop_image_width":"medium","layout":"text_first","full_width":false,"side_side":false,"desktop_content_position":"middle","desktop_content_alignment":"left","content_layout":"no-overlap","no_color":true,"color_scheme":"background-1","background_color":"#ffffff","mobile_content_alignment":"left","padding_top":36,"padding_bottom":36}},"image_with_text_w4AnmU":{"type":"image-with-text","blocks":{"heading_ymMHTe":{"type":"heading","settings":{"heading":"L'Atelier Payote : Quand l’artisanat rencontre la créativité ","heading_size":"h2","heading_color":"#21306b","img_replacement":false,"heading_alignment":"left"}},"text_tTPFTm":{"type":"text","settings":{"text":"<p>Dès que vous franchissez les portes de notre atelier, vous <strong>plongez dans l’univers authentique des espadrilles faites main.<\/strong> <\/p><p>Ici, pas de machines à grande échelle, mais des outils simples et des matériaux choisis avec soin. Chaque participant est guidé par nos artisans, des experts passionnés qui vous partagent leur savoir-faire avec générosité. Ils vous accompagnent pas à pas, du choix des tissus à l’assemblage final.<\/p><p>L'atelier est un véritable moment d'échange. Vous allez pouvoir toucher, choisir, coudre, assembler... En bref, vous allez créer votre propre paire d’espadrilles, à<strong> votre image<\/strong>. Et au-delà de l'aspect technique, c'est un <strong>moment de partage<\/strong>, où l'on prend le temps de découvrir le plaisir du travail bien fait, dans une ambiance chaleureuse.🤝🏻<\/p>","text_style":"body","text_column":1,"text_color":"#21306b","img_replacement":false,"text_alignment":"left"}}},"block_order":["heading_ymMHTe","text_tTPFTm"],"settings":{"image":"shopify:\/\/shop_images\/atelier.png","autoplay":false,"height":"adapt","desktop_image_width":"medium","layout":"image_first","full_width":true,"side_side":false,"desktop_content_position":"middle","desktop_content_alignment":"left","content_layout":"no-overlap","no_color":true,"color_scheme":"background-1","background_color":"#ffffff","mobile_content_alignment":"left","padding_top":36,"padding_bottom":36}},"image_with_text_adEpB6":{"type":"image-with-text","blocks":{"heading_mmeLRR":{"type":"heading","settings":{"heading":"Une Expérience qui Reste dans les Mémoires","heading_size":"h2","heading_color":"#21306b","img_replacement":false,"heading_alignment":"left"}},"text_bLixpC":{"type":"text","settings":{"text":"<p>Participer à l’atelier Payote, c’est bien plus que repartir avec une paire d’espadrilles<strong> unique<\/strong>. C’est aussi <strong>vivre un moment hors du temps<\/strong>, où l’on se reconnecte à l’essentiel. À chaque étape, vous mettez un peu de vous-même dans la fabrication. Que vous veniez seul, entre amis ou en famille, cette expérience <strong>restera gravée dans vos souvenirs. <\/strong><\/p><p>Chacun repart non seulement avec une paire d’espadrilles personnalisée, mais aussi avec la fierté d'avoir créé quelque chose de ses mains, en prenant le temps de bien faire. Et pour nous, <strong>voir vos sourires<\/strong> à la fin de l’atelier, c’est la <strong>plus belle des récompenses. 🎁<\/strong><\/p>","text_style":"body","text_column":1,"text_color":"#21306b","img_replacement":false,"text_alignment":"left"}},"button_8yJWfk":{"type":"button","settings":{"button_label":"FABRIQUE TA PAIRE D'ESPADRILLE À NOS CÔTÉS !","button_link":"shopify:\/\/pages\/fabrique-ta-paire","icon":"none","button_color":"#21306b","button_text_color":"#ffffff","img_replacement":false}}},"block_order":["heading_mmeLRR","text_bLixpC","button_8yJWfk"],"settings":{"image":"shopify:\/\/shop_images\/header-fabrique-ta-paire_f2d0c915-2500-470c-b0fc-1a9dbe160ac8.webp","autoplay":false,"height":"adapt","desktop_image_width":"medium","layout":"text_first","full_width":true,"side_side":false,"desktop_content_position":"top","desktop_content_alignment":"left","content_layout":"no-overlap","no_color":true,"color_scheme":"background-1","background_color":"#ffffff","mobile_content_alignment":"left","padding_top":36,"padding_bottom":36}},"image_with_text_JpXPeT":{"type":"image-with-text","blocks":{"heading_ArAECi":{"type":"heading","settings":{"heading":"Fabriquez vos espadrilles à la maison 🏠","heading_size":"h2","heading_color":"#21306b","img_replacement":false,"heading_alignment":"left"}},"text_aXtFhY":{"type":"text","settings":{"text":"<p>Avec Payote, <strong>laissez libre cours à votre créativité<\/strong> en fabriquant vos propres espadrilles confortablement <strong>chez vous<\/strong>. <\/p><p>Grâce à un kit complet et écoresponsable, vous avez tout à portée de main pour <strong>réaliser une paire unique,<\/strong> <strong>à votre image.<\/strong> En quelques étapes simples, vous vous plongez dans le <strong>savoir-faire artisanal français.<\/strong><\/p><p>Ce projet DIY, <strong>accessible à tous<\/strong>, vous permet  de créer une paire personnalisée tout en restant à la maison. <\/p><p>Fabriquer vos espadrilles devient un <strong>moment de détente<\/strong> et de satisfaction, où chaque point cousu reflète votre personnalité.<\/p><p>Alors, que vous choisissiez de créer dans le confort de votre maison ou dans votre propre atelier, Payote vous offre une<strong> expérience enrichissante<\/strong>, <strong>éthique<\/strong> et <strong>humaine<\/strong>, pour des espadrilles qui ont du sens et du style.<\/p>","text_style":"body","text_column":1,"text_color":"#21306b","img_replacement":false,"text_alignment":"left"}},"button_9bTVhK":{"type":"button","settings":{"button_label":"Fabriquez vos espadrilles à la maison","button_link":"https:\/\/payote.fr\/collections\/kit-de-fabrication-espadrille-maison","icon":"none","button_color":"#21306b","button_text_color":"#ffffff","img_replacement":false}}},"block_order":["heading_ArAECi","text_aXtFhY","button_9bTVhK"],"settings":{"image":"shopify:\/\/shop_images\/kit-diy-espadrille-emy.png","autoplay":false,"height":"adapt","desktop_image_width":"medium","layout":"image_first","full_width":true,"side_side":false,"desktop_content_position":"top","desktop_content_alignment":"left","content_layout":"no-overlap","no_color":true,"color_scheme":"background-1","background_color":"#ffffff","mobile_content_alignment":"left","padding_top":36,"padding_bottom":36}},"rich_text_339RCp":{"type":"rich-text","blocks":{"text_EpCgGb":{"type":"text","settings":{"text":"<p>Que vous soyez un passionné de DIY, un amateur de mode ou simplement curieux de découvrir le monde de l’artisanat, <strong>l’atelier Payote est ouvert à tous <\/strong>💙<\/p>","text_color":"#21306b","text_style":"classic","text_size":"small"}}},"block_order":["text_EpCgGb"],"settings":{"desktop_content_position":"center","content_alignment":"center","color_scheme":"background-1","full_width":true,"reductible":false,"max_width":100,"padding_top":40,"padding_bottom":52}},"main":{"type":"main-article","custom_css":[],"settings":{}},"featured_blog_bWe7yQ":{"type":"featured-blog","settings":{"heading":"Autres articles qui pourraient vous intéresser...","heading_size":"h1","blog":"le-blog","post_limit":3,"columns_desktop":3,"color_scheme":"background-1","show_image":true,"show_date":false,"show_author":false,"show_view_all":true,"padding_top":36,"padding_bottom":36}}},"order":["slideshow_brpfte","rich_text_piymKp","image_with_text_63qNkJ","image_with_text_w4AnmU","image_with_text_adEpB6","image_with_text_JpXPeT","rich_text_339RCp","main","featured_blog_bWe7yQ"]}