{"sections":{"6ff590f2-f42e-492c-98d7-050f0293303a":{"type":"image-banner","blocks":{"template--19486637883722__6ff590f2-f42e-492c-98d7-050f0293303a-heading-1":{"type":"heading","settings":{"heading":"{{ article.title }}","heading_size":"h3"}},"template--19486637883722__6ff590f2-f42e-492c-98d7-050f0293303a-text-1":{"type":"text","settings":{"text":"Perpignan - CDI","text_style":"body"}}},"block_order":["template--19486637883722__6ff590f2-f42e-492c-98d7-050f0293303a-heading-1","template--19486637883722__6ff590f2-f42e-492c-98d7-050f0293303a-text-1"],"settings":{"image":"shopify:\/\/shop_images\/pexels-michael-burrows-7147670_2.jpg","image_overlay_opacity":0,"image_height":"medium","adapt_height_first_image":false,"desktop_content_position":"middle-center","show_text_box":false,"desktop_content_alignment":"center","color_scheme":"accent-2","mobile_content_alignment":"center","mobile_content_position":"middle-center","stack_images_on_mobile":true,"show_text_below":false}},"121b8337-245a-4958-8a2f-5c222d94b87f":{"type":"rich-text","blocks":{"template--19486637883722__121b8337-245a-4958-8a2f-5c222d94b87f-heading-1":{"type":"heading","settings":{"heading":"<p>Les missions au sein de Payote<\/p>","heading_size":"h2","heading_color_part1":"#21306b","heading_color_part2":"#ef6a20","no_color":true,"animate":false}},"template--19486637883722__121b8337-245a-4958-8a2f-5c222d94b87f-text-1":{"type":"text","settings":{"text":"<p>Nous recherchons un graphiste\/infographiste talentueux pour travailler dans notre entreprise de fabrication d'espadrilles \"Payote\" à Perpignan. Dans ce rôle, vous créerez des designs uniques et innovants pour notre marque de chaussures confortables et élégantes.<\/p>","text_color":"#21306b","text_style":"classic","text_size":"small"}}},"block_order":["template--19486637883722__121b8337-245a-4958-8a2f-5c222d94b87f-heading-1","template--19486637883722__121b8337-245a-4958-8a2f-5c222d94b87f-text-1"],"settings":{"desktop_content_position":"center","content_alignment":"center","color_scheme":"background-1","full_width":false,"reductible":false,"max_width":100,"padding_top":40,"padding_bottom":52}},"main":{"type":"main-article","blocks":{"title":{"type":"title","settings":{"blog_show_date":false,"blog_show_author":false}},"share":{"type":"share","disabled":true,"settings":{"share_label":"Partager"}},"featured_image":{"type":"featured_image","disabled":true,"settings":{"image_height":"medium"}},"content":{"type":"content","settings":{}}},"block_order":["title","share","featured_image","content"],"disabled":true,"settings":{}},"10e3180f-bac6-4384-b43c-7b4db7979539":{"type":"image-with-text","blocks":{"template--19486637883722__10e3180f-bac6-4384-b43c-7b4db7979539-heading-1":{"type":"heading","settings":{"heading":"Responsabilités","heading_size":"h2","heading_color":"#ef6a20","img_replacement":false,"heading_alignment":"left"}},"template--19486637883722__10e3180f-bac6-4384-b43c-7b4db7979539-text-1":{"type":"text","settings":{"text":"<p>- Concevoir des visuels et des graphiques pour les différents supports de communication de la marque : site web, réseaux sociaux, publicités, emballages, catalogues, etc.<\/p><p>- Créer des maquettes et des designs d'espadrilles qui correspondront aux tendances actuelles et aux besoins et envies de nos clients.<\/p><p>- Participer à la mise en place des campagnes publicitaires et marketing en proposant des idées créatives et originales.<\/p><p>- Collaborer avec les équipes de marketing et de communication de l'entreprise pour s'assurer que les visuels et les designs correspondent à la vision de la marque.<\/p><p>- Assurer la cohérence visuelle de la marque en appliquant les choix graphiques sur l'ensemble des supports de communication de l'entreprise.<\/p><p>- Se tenir informé des tendances du design et de la mode pour proposer des designs modernes et innovants.<\/p>","text_style":"body","text_column":1,"text_color":"#21306b","img_replacement":false,"text_alignment":"left"}}},"block_order":["template--19486637883722__10e3180f-bac6-4384-b43c-7b4db7979539-heading-1","template--19486637883722__10e3180f-bac6-4384-b43c-7b4db7979539-text-1"],"custom_css":[],"settings":{"image":"shopify:\/\/shop_images\/photo_boutique_perpi_carree.jpg","height":"large","desktop_image_width":"medium","layout":"image_first","full_width":false,"side_side":false,"desktop_content_position":"top","desktop_content_alignment":"left","content_layout":"no-overlap","no_color":true,"color_scheme":"background-1","background_color":"#ffffff","mobile_content_alignment":"left","padding_top":36,"padding_bottom":36}},"6e076153-f2f6-4021-85b7-2c947cbd3abc":{"type":"image-with-text","blocks":{"template--19486637883722__6e076153-f2f6-4021-85b7-2c947cbd3abc-heading-1":{"type":"heading","settings":{"heading":"Compétences requises","heading_size":"h2","heading_color":"#21306b","img_replacement":false,"heading_alignment":"left"}},"template--19486637883722__6e076153-f2f6-4021-85b7-2c947cbd3abc-text-1":{"type":"text","settings":{"text":"<p>- Baccalauréat en design graphique, infographie, arts visuels ou une formation équivalente.<\/p><p>- Expérience professionnelle antérieure en conception graphique et en infographie, avec une solide expérience dans les programmes Adobe Creative Suite.<\/p><p>- Connaissance des tendances actuelles du design et de la mode.<\/p><p>- Capacité à travailler de manière autonome et en équipe, à fournir des designs de qualité et à respecter les délais fixés.<\/p><p>- Excellentes compétences en communication, afin de collaborer avec des partenaires internes et externes à l'entreprise.<\/p><p>- Un portefeuille détaillé de travaux - y compris des exemples de création de modèles d'espardrilles - est un plus.<\/p>","text_style":"body","text_column":1,"text_color":"#21306b","img_replacement":false,"text_alignment":"left"}}},"block_order":["template--19486637883722__6e076153-f2f6-4021-85b7-2c947cbd3abc-heading-1","template--19486637883722__6e076153-f2f6-4021-85b7-2c947cbd3abc-text-1"],"settings":{"image":"shopify:\/\/shop_images\/baniere_fabrique_ta_paire.webp","height":"adapt","desktop_image_width":"medium","layout":"text_first","full_width":false,"side_side":false,"desktop_content_position":"top","desktop_content_alignment":"left","content_layout":"no-overlap","no_color":true,"color_scheme":"background-1","background_color":"#ffffff","mobile_content_alignment":"left","padding_top":36,"padding_bottom":36}},"fff3f840-0008-462e-8dd9-f98a5df2bd15":{"type":"rich-text","blocks":{"template--19486637883722__fff3f840-0008-462e-8dd9-f98a5df2bd15-heading-1":{"type":"heading","settings":{"heading":"<p>Conditions de travail<\/p>","heading_size":"h2","heading_color_part1":"#ef6a20","heading_color_part2":"#ef6a20","no_color":true,"animate":false}},"template--19486637883722__fff3f840-0008-462e-8dd9-f98a5df2bd15-text-1":{"type":"text","settings":{"text":"<p>- Salaire compétitif et honoraires en fonction de l'expérience et de la formation du candidat retenu.<\/p><p>- Contrat à durée indéterminée.<\/p><p>- Environnement de travail dynamique dans une entreprise en pleine croissance.<\/p><p>- Opportunités de développement professionnel.<\/p>","text_color":"#21306b","text_style":"classic","text_size":"small"}}},"block_order":["template--19486637883722__fff3f840-0008-462e-8dd9-f98a5df2bd15-heading-1","template--19486637883722__fff3f840-0008-462e-8dd9-f98a5df2bd15-text-1"],"settings":{"desktop_content_position":"center","content_alignment":"center","color_scheme":"background-1","full_width":false,"reductible":false,"max_width":100,"padding_top":40,"padding_bottom":52}},"a80eedd2-8ab0-457a-b0be-c8e3535a88a9":{"type":"rich-text","blocks":{"template--19486637883722__a80eedd2-8ab0-457a-b0be-c8e3535a88a9-text-1":{"type":"text","settings":{"text":"<p>Nous recherchons une personne dynamique, créative et passionnée par le design qui saura contribuer au développement de notre marque d'espadrilles \"Payote\". Si vous répondez à ces critères et que ce poste vous intéresse, merci de nous faire parvenir votre CV, votre lettre de motivation et un portfolio détaillant vos réalisations créatives.<\/p>","text_color":"#21306b","text_style":"classic","text_size":"small"}}},"block_order":["template--19486637883722__a80eedd2-8ab0-457a-b0be-c8e3535a88a9-text-1"],"settings":{"desktop_content_position":"center","content_alignment":"center","color_scheme":"background-1","full_width":false,"reductible":false,"max_width":100,"padding_top":40,"padding_bottom":52}},"9fcd0d54-6e1f-409d-ab0e-ebd12f78e031":{"type":"rich-text","blocks":{"template--19486637883722__9fcd0d54-6e1f-409d-ab0e-ebd12f78e031-button-1":{"type":"button","settings":{"button_label":"Postuler","button_link":"mailto:casting@payote.fr","button_style_secondary":false,"button_label_2":"","button_link_2":"","button_style_secondary_2":false,"button_color":"#21306b","button_text_color":"#ffffff"}}},"block_order":["template--19486637883722__9fcd0d54-6e1f-409d-ab0e-ebd12f78e031-button-1"],"settings":{"desktop_content_position":"center","content_alignment":"center","color_scheme":"background-1","full_width":true,"reductible":false,"max_width":100,"padding_top":40,"padding_bottom":52}}},"order":["6ff590f2-f42e-492c-98d7-050f0293303a","121b8337-245a-4958-8a2f-5c222d94b87f","main","10e3180f-bac6-4384-b43c-7b4db7979539","6e076153-f2f6-4021-85b7-2c947cbd3abc","fff3f840-0008-462e-8dd9-f98a5df2bd15","a80eedd2-8ab0-457a-b0be-c8e3535a88a9","9fcd0d54-6e1f-409d-ab0e-ebd12f78e031"]}