{"sections":{"47d8b687-0d6c-4885-9ca6-6d0133b2331a":{"type":"blog-banner","settings":{"image_overlay_opacity":0,"image_height":"medium","adapt_height_first_image":false,"desktop_content_position":"middle-center","show_text_box":false,"desktop_content_alignment":"center","color_scheme":"background-1","mobile_content_alignment":"center","mobile_content_position":"middle-center","stack_images_on_mobile":true,"show_text_below":false}},"rich_text_AmhDqa":{"type":"rich-text","blocks":{"heading_DxCBd3":{"type":"heading","settings":{"heading":"<p>RETROUVER TOUTE L'ACTUALITÉ DE PAYOTE | LES ESPADRILLES MADE IN FRANCE<\/p>","heading_size":"h2","heading_color_part1":"#21306b","heading_color_part2":"#ef6a20","no_color":false,"animate":false}}},"block_order":["heading_DxCBd3"],"settings":{"desktop_content_position":"center","content_alignment":"center","color_scheme":"background-1","full_width":true,"reductible":false,"max_width":100,"padding_top":40,"padding_bottom":52}},"main":{"type":"main-blog","settings":{"layout":"grid","columns_mobile":1,"columns_desktop":3,"count_by":12,"show_image":true,"image_height":"medium","show_date":true,"show_author":false,"padding_top":64,"padding_bottom":64}}},"order":["47d8b687-0d6c-4885-9ca6-6d0133b2331a","rich_text_AmhDqa","main"]}