{"sections":{"banner":{"type":"main-collection-banner","settings":{"show_collection_banner":true,"show_collection_description":true,"show_collection_image":true,"collection_height":"small","color_scheme":"background-1"}},"db2bea85-4278-4ea0-9bca-b2b1aef08610":{"type":"collection-childs","settings":{"title":"","content_alignment":"center","heading_size":"h2","show_images":true,"image_ratio":"portrait","columns_desktop":6,"color_scheme":"background-1","show_view_all":false,"columns_mobile":"2","swipe_on_mobile":true,"padding_top":24,"padding_bottom":0}},"product-grid":{"type":"main-collection-product-grid","settings":{"products_per_page":24,"columns_desktop":3,"image_ratio":"square","show_secondary_image":true,"show_vendor":false,"show_rating":true,"enable_quick_add":true,"enable_variations":true,"enable_sale_save":true,"enable_filtering":true,"filter_type":"vertical","enable_sorting":true,"columns_mobile":"2","padding_top":36,"padding_bottom":36}}},"order":["banner","db2bea85-4278-4ea0-9bca-b2b1aef08610","product-grid"]}