{"sections":{"banner":{"type":"main-collection-banner","settings":{"show_collection_banner":true,"show_collection_description":true,"show_collection_image":true,"collection_height":"small","color_scheme":"background-1"}},"product-grid":{"type":"main-collection-product-grid","disabled":true,"settings":{"products_per_page":18,"columns_desktop":3,"image_ratio":"square","show_secondary_image":true,"show_vendor":false,"show_rating":true,"enable_quick_add":false,"enable_variations":true,"enable_sale_save":true,"enable_filtering":true,"filter_type":"vertical","enable_sorting":true,"columns_mobile":"2","padding_top":36,"padding_bottom":36}},"ae0ac1d3-64af-4b8c-83d0-cf7daeaeb02a":{"type":"featured-collection","settings":{"title":"{{ section.settings.collection.title }}","heading_size":"h1","description":"","show_description":false,"description_style":"body","collection":"payote-x-france-rugby","products_to_show":4,"columns_desktop":4,"full_width":false,"show_view_all":false,"view_all_style":"solid","enable_desktop_slider":true,"slider_visual":"false","auto_rotate":true,"change_slides_speed":5,"change_slides_per_page":1,"color_scheme":"background-1","image_ratio":"square","show_secondary_image":true,"show_vendor":false,"show_rating":false,"enable_quick_add":false,"columns_mobile":"2","swipe_on_mobile":false,"padding_top":36,"padding_bottom":36}},"c3536be8-f80e-4ed1-9acc-297db2102cfa":{"type":"featured-collection","settings":{"title":"{{ section.settings.collection.title }}","heading_size":"h1","description":"","show_description":false,"description_style":"body","collection":"payote-x-goldorak","products_to_show":4,"columns_desktop":4,"full_width":false,"show_view_all":false,"view_all_style":"solid","enable_desktop_slider":true,"slider_visual":"false","auto_rotate":false,"change_slides_speed":5,"change_slides_per_page":1,"color_scheme":"background-1","image_ratio":"square","show_secondary_image":true,"show_vendor":false,"show_rating":false,"enable_quick_add":false,"columns_mobile":"2","swipe_on_mobile":false,"padding_top":36,"padding_bottom":36}},"ee253496-2a37-4e12-8e3f-9c4bedabf4b5":{"type":"featured-collection","settings":{"title":"{{ section.settings.collection.title }}","heading_size":"h1","description":"","show_description":false,"description_style":"body","collection":"payote-x-elysee","products_to_show":4,"columns_desktop":4,"full_width":false,"show_view_all":false,"view_all_style":"solid","enable_desktop_slider":true,"slider_visual":"false","auto_rotate":true,"change_slides_speed":5,"change_slides_per_page":1,"color_scheme":"background-1","image_ratio":"square","show_secondary_image":true,"show_vendor":false,"show_rating":false,"enable_quick_add":false,"columns_mobile":"2","swipe_on_mobile":false,"padding_top":36,"padding_bottom":36}},"8fce8319-1c44-46a1-aa44-1147f6d6a0cd":{"type":"image-banner","blocks":{"template--17644461588776__8fce8319-1c44-46a1-aa44-1147f6d6a0cd-16744858230e142e40-0":{"type":"heading","settings":{"heading":"Payote x OMY","heading_size":"h1"}},"template--17644461588776__8fce8319-1c44-46a1-aa44-1147f6d6a0cd-16744858230e142e40-1":{"type":"text","settings":{"text":"","text_style":"body"}},"template--17644461588776__8fce8319-1c44-46a1-aa44-1147f6d6a0cd-16744858230e142e40-2":{"type":"buttons","settings":{"button_label_1":"Je les veux !","button_link_1":"shopify:\/\/products\/espadrille-omy","button_style_secondary_1":true,"button_label_2":"","button_link_2":"","button_style_secondary_2":false}}},"block_order":["template--17644461588776__8fce8319-1c44-46a1-aa44-1147f6d6a0cd-16744858230e142e40-0","template--17644461588776__8fce8319-1c44-46a1-aa44-1147f6d6a0cd-16744858230e142e40-1","template--17644461588776__8fce8319-1c44-46a1-aa44-1147f6d6a0cd-16744858230e142e40-2"],"settings":{"video":"shopify:\/\/files\/videos\/omy_banniere_video.hevc.mp4","image_overlay_opacity":0,"image_height":"medium","adapt_height_first_image":false,"desktop_content_position":"middle-center","show_text_box":true,"desktop_content_alignment":"center","color_scheme":"background-1","mobile_content_alignment":"center","mobile_content_position":"middle-center","stack_images_on_mobile":true,"show_text_below":true}}},"order":["banner","product-grid","ae0ac1d3-64af-4b8c-83d0-cf7daeaeb02a","c3536be8-f80e-4ed1-9acc-297db2102cfa","ee253496-2a37-4e12-8e3f-9c4bedabf4b5","8fce8319-1c44-46a1-aa44-1147f6d6a0cd"]}