{"sections":{"banner":{"type":"main-collection-banner","settings":{"show_collection_banner":true,"show_collection_description":true,"show_collection_image":true,"collection_height":"small","color_scheme":"background-1"}},"product-grid":{"type":"main-collection-product-grid","settings":{"products_per_page":12,"columns_desktop":3,"image_ratio":"square","show_secondary_image":true,"show_vendor":false,"show_rating":true,"enable_quick_add":true,"enable_variations":true,"enable_sale_save":true,"enable_filtering":true,"filter_type":"vertical","enable_sorting":true,"columns_mobile":"2","padding_top":36,"padding_bottom":36}}},"order":["banner","product-grid"]}