{"sections":{"6b2f073b-362e-4cf8-8e77-aac3a3df2d3e":{"type":"image-banner","blocks":{"template--19078728548682__6b2f073b-362e-4cf8-8e77-aac3a3df2d3e-1688629145527246a6-0":{"type":"heading","settings":{"heading":"Payote x france rugby","heading_size":"h2"}},"template--19078728548682__6b2f073b-362e-4cf8-8e77-aac3a3df2d3e-1688629145527246a6-1":{"type":"text","disabled":true,"settings":{"text":"Give customers details about the banner image(s) or content on the template.","text_style":"body"}},"template--19078728548682__6b2f073b-362e-4cf8-8e77-aac3a3df2d3e-1688629145527246a6-2":{"type":"buttons","disabled":true,"settings":{"button_label_1":"Button label","button_link_1":"","button_style_secondary_1":false,"button_label_2":"Button label","button_link_2":"","button_style_secondary_2":false}}},"block_order":["template--19078728548682__6b2f073b-362e-4cf8-8e77-aac3a3df2d3e-1688629145527246a6-0","template--19078728548682__6b2f073b-362e-4cf8-8e77-aac3a3df2d3e-1688629145527246a6-1","template--19078728548682__6b2f073b-362e-4cf8-8e77-aac3a3df2d3e-1688629145527246a6-2"],"settings":{"image":"shopify:\/\/shop_images\/20230728_163458.jpg","image_overlay_opacity":0,"image_height":"medium","adapt_height_first_image":false,"desktop_content_position":"middle-center","show_text_box":false,"desktop_content_alignment":"center","color_scheme":"background-1","mobile_content_alignment":"center","mobile_content_position":"middle-center","stack_images_on_mobile":true,"show_text_below":true}},"banner":{"type":"main-collection-banner","disabled":true,"settings":{"show_collection_banner":true,"show_collection_description":true,"show_collection_image":true,"collection_height":"small","color_scheme":"background-1"}},"product-grid":{"type":"main-collection-product-grid","settings":{"products_per_page":12,"columns_desktop":3,"image_ratio":"square","show_secondary_image":true,"show_vendor":false,"show_rating":true,"enable_quick_add":true,"enable_variations":true,"enable_sale_save":true,"enable_filtering":true,"filter_type":"vertical","enable_sorting":true,"columns_mobile":"2","padding_top":36,"padding_bottom":36}},"c0cfe1d5-3697-46da-b157-4ab576a8191f":{"type":"rich-text","blocks":{"template--19377781571914__c0cfe1d5-3697-46da-b157-4ab576a8191f-heading-1":{"type":"heading","settings":{"heading":"<h1>PAYOTE X FRANCE RUGBY : LES ESPADRILLES<br\/>OFFICIELLES DU XV DE FRANCE<\/h1>","heading_size":"h2","heading_color_part1":"#21306b","heading_color_part2":"#ef6a20","no_color":false,"animate":false}},"template--19377781571914__c0cfe1d5-3697-46da-b157-4ab576a8191f-text-1":{"type":"text","settings":{"text":"<p>Découvrez <strong>Payote x France Rugby<\/strong>, la collaboration sportive pour rentrer dans la mêlée. Toujours prête à s'associer à ceux qui partagent ses valeurs, Payote nous surprend toujours avec des collaborations originales et made in France. Cette année, la marque renouvelle sa <strong>collaboration en exclusivité avec la FFR<\/strong> (Fédération Française de Rugby) à l’occasion de la Coupe du Monde de Rugby. Mis en place en 2019, ce partenariat signait le premier pas de Payote dans l’Ovalie. Depuis, la marque a gagné ses lettres de noblesse dans le monde<br\/>rugbystique grâce à ses modèles à l’honneur du XV de France. Cette année, redécouvrez l’esprit du rugby à travers 4 modèles fabriqués en édition très limitée. <\/p><p><strong>Une collaboration à l'image de Payote<\/strong><\/p><p>Deux univers qui se rejoignent joyeusement sous l'étendard du made in France, voilà la promesse de la <strong>collection Payote x France rugby<\/strong>. Et<br\/>elle est tenue : restant fidèle à son plus grand engagement, Payote fait fabriquer tous les modèles France Rugby dans un <strong>atelier artisanal au cœur du Pays basque<\/strong>. <\/p><p>Chacun offrant ainsi un savant mélange de savoir-faire, tradition et d’originalité. Rouge, bleu et blanc habillent les toiles en reprenant les codes de la FFR accompagnés d’un cachet unique. En effet, Payote ne manque pas d’ajouter sa signature à travers un design original. Éclairs tricolores, motifs dupliqués… la patte graphique de la marque se fait ressentir à travers les différents styles mis en avant. De la classique espadrille unie en coton à la bicolore en passant même par le chausson, chaque supporter trouvera de quoi s’équiper pour les prochaines mêlées.<\/p><p><strong>Payote x France Rugby, une collaboration sous le signe de la complicité<\/strong><\/p><p>Entre le rugby et l’espadrille, il n’y a qu’un pas. Un jeu de mot qui peut être pris au pied de la lettre quand on voit les points communs entre le sport au ballon ovale et la sandale de corde. La proximité est tout d’abord géographique : le Sud, terre originelle de l’espadrille, et aussi la région où le rugby prend une très grande place dans la tradition sportive. Ces deux éléments sont une source de fierté pour tous les habitants du Sud. Complices donc mais aussi complémentaires puisque les supporters n’hésitent pas à soutenir leurs équipes préférées espadrilles aux pieds. <\/p><p>Et pour cause : la sandale de corde offre un confort très apprécié que l’on soit dans les tribunes ou dans son canapé. La collection Payote x France<br\/>Rugby s’inscrit dans cet esprit de confort et de simplicité. Les matières choisies en sont le reflet. On retrouve la traditionnelle sandale de corde<br\/>naturelle. Celle-ci est recouverte d’une couche de caoutchouc recyclé pour garantir sa solidité et une bonne durabilité. <\/p><p>Même s’ils occupent un grande place dans le patrimoine sudiste, le Rugby et l’espadrille ont aussi su s’exporter par-delà les frontières. Payote x France Rugby emboîte le pas et rend ses modèles disponibles dans le monde entier grâce à une livraison assurée avec Colissimo où que vous soyez. L’accessibilité n’est pas que géographique : créées dans des pointures allant du 28 au 47, les espadrilles rugby made in France sont faites pour équiper tous les pieds. Et tout cela sans oublier le terroir d'origine de chaque modèle : le Pays basque. <\/p><p>Parce qu'en plus de célébrer la complicité entre le rugby et l'espadrille, n'oublions pas non plus une des missions de Payote à travers cette collection : vous proposer des produits de qualité faits en France.  <\/p><p><\/p><p><\/p>","text_color":"#21306b","text_style":"classic","text_size":"small"}},"template--19377781571914__c0cfe1d5-3697-46da-b157-4ab576a8191f-button-1":{"type":"button","disabled":true,"settings":{"button_label":"Button label","button_link":"","button_style_secondary":false,"button_label_2":"","button_link_2":"","button_style_secondary_2":false,"button_color":"#21306b","button_text_color":"#ffffff"}}},"block_order":["template--19377781571914__c0cfe1d5-3697-46da-b157-4ab576a8191f-heading-1","template--19377781571914__c0cfe1d5-3697-46da-b157-4ab576a8191f-text-1","template--19377781571914__c0cfe1d5-3697-46da-b157-4ab576a8191f-button-1"],"settings":{"desktop_content_position":"center","content_alignment":"center","color_scheme":"background-1","full_width":true,"reductible":false,"max_width":70,"padding_top":40,"padding_bottom":52}}},"order":["6b2f073b-362e-4cf8-8e77-aac3a3df2d3e","banner","product-grid","c0cfe1d5-3697-46da-b157-4ab576a8191f"]}