{"sections":{"1663958281d52f6b84":{"type":"slideshow","blocks":{"08500fcf-ad94-48cd-bc3f-a9cdd2fcc7c6":{"type":"slide","disabled":true,"settings":{"image":"shopify:\/\/shop_images\/banniere-super-papa-site-grand-plan-de-travail-1.webp","image_mobile":"shopify:\/\/shop_images\/banniere-super-papa-site-petit-02.webp","heading":"Fête des pères","heading_size":"h1","subheading":"Dites lui avec une espadrille !","button_label":"Je fonce !","link":"shopify:\/\/products\/espadrille-super-papa","button_style_secondary":false,"link_on_slide":true,"box_align":"middle-center","show_text_box":false,"text_alignment":"center","image_overlay_opacity":0,"color_scheme":"background-1","text_alignment_mobile":"center","mobile_box_align":"middle-center"}},"slide_JFbzNL":{"type":"slide","disabled":true,"settings":{"image":"shopify:\/\/shop_images\/apero_bandeau_site_2.jpg","image_mobile":"shopify:\/\/shop_images\/apero_mobile_bis.jpg","heading":"","heading_size":"h1","subheading":"","button_label":"","link":"https:\/\/payote.fr\/products\/espadrille-apero?_pos=2&_psq=apero&_ss=e&_v=1.0","button_style_secondary":false,"link_on_slide":true,"box_align":"middle-center","show_text_box":false,"text_alignment":"center","image_overlay_opacity":0,"color_scheme":"background-1","text_alignment_mobile":"center","mobile_box_align":"middle-center"}},"7ca0a7ef-c38a-4b90-a0e3-f034fd1fd4fb":{"type":"slide","disabled":true,"settings":{"image":"shopify:\/\/shop_images\/espadrille-octobre-rose-madeinfrance.webp","image_mobile":"shopify:\/\/shop_images\/espadrille-octobre-rose-mobile_008e887b-4d6b-49bf-a651-31c8959af1b2.webp","heading":"","heading_size":"h1","subheading":"","button_label":"","link":"shopify:\/\/pages\/octobre-rose","button_style_secondary":false,"link_on_slide":true,"box_align":"middle-center","show_text_box":false,"text_alignment":"center","image_overlay_opacity":0,"color_scheme":"background-1","text_alignment_mobile":"center","mobile_box_align":"middle-center"}},"96f89874-77ef-471f-8eaf-64184e1db556":{"type":"slide","disabled":true,"settings":{"image":"shopify:\/\/shop_images\/20230728_163501_copie_6_1.jpg","image_mobile":"shopify:\/\/shop_images\/collection-france-rugby3_0fe76de4-13ec-4197-8951-c16e5ab15b49.jpg","heading":"FAN DE RUGBY ?","heading_size":"h1","subheading":"Transformez l'essai jusqu'au bout de vos pieds !","button_label":"Je transforme !","link":"shopify:\/\/collections\/payote-x-france-rugby","button_style_secondary":true,"link_on_slide":true,"box_align":"bottom-center","show_text_box":false,"text_alignment":"center","image_overlay_opacity":0,"color_scheme":"background-1","text_alignment_mobile":"center","mobile_box_align":"middle-center"}},"13c633b7-e75a-485d-a2ba-a92326c425ba":{"type":"slide","disabled":true,"settings":{"image":"shopify:\/\/shop_images\/Kit_espadrille_Payote_maison.webp","image_mobile":"shopify:\/\/shop_images\/Kit_espadrille_Payote.webp","heading":"FABRIQUE TA PAIRE À LA MAISON !","heading_size":"h2","subheading":"Bienvenue dans l'univers délirant des espadrilles DIY","button_label":"J'ADORE !","link":"https:\/\/payote.fr\/pages\/espakit","button_style_secondary":true,"link_on_slide":true,"box_align":"middle-center","show_text_box":false,"text_alignment":"center","image_overlay_opacity":0,"color_scheme":"background-1","text_alignment_mobile":"center","mobile_box_align":"middle-center"}},"34c87a97-80e1-4441-a49f-5340cc381200":{"type":"slide","disabled":true,"settings":{"image":"shopify:\/\/shop_images\/Sans_titre-9.webp","image_mobile":"shopify:\/\/shop_images\/Tour-Eiffel-Banniere-Mobile.webp","heading":"PAYOTE x LA TOUR EIFFEL","heading_size":"h1","subheading":"Découvrez notre nouvelle collaboration avec la Dame de Fer !","button_label":"JE GRIMPE !","link":"shopify:\/\/collections\/payote-x-tour-eiffel","button_style_secondary":true,"link_on_slide":true,"box_align":"middle-center","show_text_box":false,"text_alignment":"center","image_overlay_opacity":0,"color_scheme":"background-1","text_alignment_mobile":"center","mobile_box_align":"middle-center"}},"589f8bbe-986f-4220-ba2d-5dbcba8eb3ae":{"type":"slide","disabled":true,"settings":{"image":"shopify:\/\/shop_images\/baniere_broderie-2.webp","image_mobile":"shopify:\/\/shop_images\/baniere_broderie-2-mobile_32163f0e-3760-4130-8869-4191662722b5.webp","heading":"BRODERIE OFFERTE","heading_size":"h1","subheading":"Profitez de la Broderie OFFERTE jusqu'au 25 février","button_label":"JE BRODE !","link":"shopify:\/\/collections\/espadrilles-unies-femme","button_style_secondary":false,"link_on_slide":true,"box_align":"middle-center","show_text_box":false,"text_alignment":"center","image_overlay_opacity":0,"color_scheme":"background-1","text_alignment_mobile":"center","mobile_box_align":"middle-center"}},"1a9df415-807d-40ec-af41-b7cd36a49b5f":{"type":"slide","settings":{"image":"shopify:\/\/shop_images\/MIK04460.jpg","image_mobile":"shopify:\/\/shop_images\/Screenshot_20221126_175013_My_Cloud.jpg","heading":"IL EST TEMPS DE PASSER A L'HEURE D'HIVER !","heading_size":"h2","subheading":"Découvrir la nouvelle collection !","button_label":"JE ME RECHAUFFE !","link":"https:\/\/payote.fr\/collections\/chaussons-espadrilles-femme","button_style_secondary":true,"link_on_slide":true,"box_align":"middle-center","show_text_box":false,"text_alignment":"center","image_overlay_opacity":0,"color_scheme":"background-1","text_alignment_mobile":"center","mobile_box_align":"middle-center"}},"cfd84832-6347-4abc-aef1-a80a614e32e4":{"type":"slide","disabled":true,"settings":{"image":"shopify:\/\/shop_images\/Goldorak-banniere-2023_f41b2076-b684-461a-bc26-8ac52d579075.jpg","image_mobile":"shopify:\/\/shop_images\/Banniere-Mobile-Goldorak-2023_1.webp","heading":"","heading_size":"h1","subheading":"TEAM ALCOR OU TEAM ACTARUS ?","button_label":"GOLDORAK GO !","link":"shopify:\/\/collections\/payote-x-goldorak","button_style_secondary":true,"link_on_slide":true,"box_align":"middle-center","show_text_box":false,"text_alignment":"center","image_overlay_opacity":0,"color_scheme":"background-1","text_alignment_mobile":"center","mobile_box_align":"middle-center"}},"slide_6ANHQM":{"type":"slide","disabled":true,"settings":{"image":"shopify:\/\/shop_images\/espadrilles-imprimees-finsaison1.webp","image_mobile":"shopify:\/\/shop_images\/espadrilles-imprimees-mobile-compressed-2.webp","heading":"","heading_size":"h1","subheading":"","button_label":"","link":"https:\/\/payote.fr\/collections\/promos","button_style_secondary":false,"link_on_slide":true,"box_align":"middle-center","show_text_box":false,"text_alignment":"center","image_overlay_opacity":0,"color_scheme":"background-1","text_alignment_mobile":"center","mobile_box_align":"middle-center"}}},"block_order":["08500fcf-ad94-48cd-bc3f-a9cdd2fcc7c6","slide_JFbzNL","7ca0a7ef-c38a-4b90-a0e3-f034fd1fd4fb","96f89874-77ef-471f-8eaf-64184e1db556","13c633b7-e75a-485d-a2ba-a92326c425ba","34c87a97-80e1-4441-a49f-5340cc381200","589f8bbe-986f-4220-ba2d-5dbcba8eb3ae","1a9df415-807d-40ec-af41-b7cd36a49b5f","cfd84832-6347-4abc-aef1-a80a614e32e4","slide_6ANHQM"],"settings":{"layout":"full_bleed","slide_height":"large","slider_visual":"dots","auto_rotate":true,"change_slides_speed":3,"change_slides_per_page":1,"change_slides_to_show":1,"show_text_below":false,"accessibility_info":""}},"f5e54934-ef38-4307-9ed8-914233cbbeb2":{"type":"rich-text","blocks":{"template--16039701151929__f5e54934-ef38-4307-9ed8-914233cbbeb2-1666551791126e58ec-0":{"type":"heading","disabled":true,"settings":{"heading":"<p>VOUS NE SAUREZ PLUS SUR QUEL PIED SOLDER !<\/p>","heading_size":"h3","heading_color_part1":"#21306b","heading_color_part2":"#ef6a20","no_color":true,"animate":true}}},"block_order":["template--16039701151929__f5e54934-ef38-4307-9ed8-914233cbbeb2-1666551791126e58ec-0"],"settings":{"desktop_content_position":"center","content_alignment":"center","color_scheme":"background-1","full_width":true,"reductible":false,"max_width":100,"padding_top":0,"padding_bottom":20}},"rich_text_tFDAfH":{"type":"rich-text","blocks":{"heading_cqa9f8":{"type":"heading","settings":{"heading":"<p>Réchauffez-vos pieds avec nos  chaussons français !<\/p>","heading_size":"h2","heading_color_part1":"#003b9a","heading_color_part2":"#ef6a20","no_color":true,"animate":false}},"text_RBV4MY":{"type":"text","settings":{"text":"<p>Préparez vos pieds pour le passage à l'heure d'hiver sans plus attendre !<\/p>","text_color":"#003b9a","text_style":"classic","text_size":"small"}},"button_fQiq6L":{"type":"button","settings":{"button_label":"","button_link":"","button_style_secondary":false,"button_label_2":"","button_link_2":"","button_style_secondary_2":false,"button_color":"#21306b","button_text_color":"#ffffff"}}},"block_order":["heading_cqa9f8","text_RBV4MY","button_fQiq6L"],"settings":{"desktop_content_position":"center","content_alignment":"center","color_scheme":"background-1","full_width":true,"reductible":false,"max_width":100,"padding_top":0,"padding_bottom":0}},"featured_collection":{"type":"featured-collection","settings":{"title":"","heading_size":"h2","description":"","show_description":false,"description_style":"body","collection":"nouveautes-accueil","products_to_show":10,"columns_desktop":5,"full_width":false,"show_view_all":false,"view_all_style":"solid","enable_desktop_slider":true,"slider_visual":"counter","auto_rotate":true,"change_slides_speed":3,"change_slides_per_page":1,"color_scheme":"background-1","image_ratio":"adapt","show_secondary_image":true,"show_vendor":false,"show_rating":false,"enable_quick_add":false,"columns_mobile":"2","swipe_on_mobile":true,"padding_top":0,"padding_bottom":24}},"a8f2f284-d596-4209-a4f7-9a41647ca787":{"type":"image-with-text","blocks":{"template--19740251783498__a8f2f284-d596-4209-a4f7-9a41647ca787-heading-1":{"type":"heading","settings":{"heading":"FABRIQUE TA PAIRE A LA MAISON !","heading_size":"h2","heading_color":"#21306b","img_replacement":false,"heading_alignment":"left"}},"template--19740251783498__a8f2f284-d596-4209-a4f7-9a41647ca787-text-1":{"type":"text","settings":{"text":"<p>Que vous soyez un pro du DIY ou un débutant plein d'audace, cette expérience vous réserve des fous rires, des moments de détente et surtout, des espadrilles uniques à votre image. Alors, prêt(e) à libérer le cordonnier qui sommeille en vous ? Avec notre kit, vous allez ravir vos pieds et faire tourner les têtes !<\/p><p>Attention, ceci est un avertissement : une fois que vous aurez goûté à la magie de créer vos propres <strong>espadrilles<\/strong>, vous ne pourrez plus jamais vous contenter de simples espadrilles toutes faites.<\/p><p>Le pouvoir de la création est entre vos mains, ou plutôt, entre vos pieds !<\/p>","text_style":"body","text_column":1,"text_color":"#21306b","img_replacement":false,"text_alignment":"left"}},"template--19740251783498__a8f2f284-d596-4209-a4f7-9a41647ca787-button-1":{"type":"button","settings":{"button_label":"JE COMMANDE !","button_link":"https:\/\/payote.fr\/pages\/espakit","icon":"none","button_color":"#003b9a","button_text_color":"#ffffff","img_replacement":false}}},"block_order":["template--19740251783498__a8f2f284-d596-4209-a4f7-9a41647ca787-heading-1","template--19740251783498__a8f2f284-d596-4209-a4f7-9a41647ca787-text-1","template--19740251783498__a8f2f284-d596-4209-a4f7-9a41647ca787-button-1"],"custom_css":["h2,p {color: white;}"],"settings":{"image":"shopify:\/\/shop_images\/kit-diy-espadrille-emy.webp","autoplay":false,"height":"adapt","desktop_image_width":"medium","layout":"image_first","full_width":false,"side_side":false,"desktop_content_position":"middle","desktop_content_alignment":"left","content_layout":"no-overlap","no_color":true,"color_scheme":"background-1","background_color":"#ef6a20","mobile_content_alignment":"left","padding_top":36,"padding_bottom":36}},"5642d26c-dadd-4d8c-af10-6849153645ef":{"type":"rich-text","blocks":{"template--16039701151929__5642d26c-dadd-4d8c-af10-6849153645ef-16665518946d5363e1-0":{"type":"heading","settings":{"heading":"<p>Prenez votre pied en | Espadrilles made in France !<\/p>","heading_size":"h2","heading_color_part1":"#003b9a","heading_color_part2":"#ef6a20","no_color":false,"animate":false}}},"block_order":["template--16039701151929__5642d26c-dadd-4d8c-af10-6849153645ef-16665518946d5363e1-0"],"settings":{"desktop_content_position":"center","content_alignment":"center","color_scheme":"background-1","full_width":true,"reductible":false,"max_width":100,"padding_top":16,"padding_bottom":60}},"037d5de9-ce87-4499-a982-13e4fafcbac3":{"type":"collage","blocks":{"50a77479-3d35-458e-a020-8f6d6803a854":{"type":"collection","settings":{"image_background":"shopify:\/\/shop_images\/266689552_4734099333342747_8442188592864440510_n.jpg","collection":"homme"}},"template--16039701151929__037d5de9-ce87-4499-a982-13e4fafcbac3-1666551896e23f0b73-2":{"type":"collection","settings":{"image_background":"shopify:\/\/shop_images\/MIK04674.jpg","collection":"femme"}},"7b57cad9-6cf6-492f-9821-53afbc5a23c6":{"type":"collection","settings":{"image_background":"shopify:\/\/shop_images\/MIK03309.webp","collection":"bonnets"}},"bfadad20-a5ba-48be-9702-826af295ab03":{"type":"collection","settings":{"image_background":"shopify:\/\/shop_images\/SweatCapucheRecycle-CanigoHorizon-2-Bleu-canard_943a7ec9-7f04-4eaf-a771-3bafd5ae5417.webp","collection":"sweats"}}},"block_order":["50a77479-3d35-458e-a020-8f6d6803a854","template--16039701151929__037d5de9-ce87-4499-a982-13e4fafcbac3-1666551896e23f0b73-2","7b57cad9-6cf6-492f-9821-53afbc5a23c6","bfadad20-a5ba-48be-9702-826af295ab03"],"disabled":true,"settings":{"heading":"","heading_size":"h2","desktop_layout":"right","mobile_layout":"collage","card_styles":"product-card-wrapper","color_scheme":"background-1","padding_top":0,"padding_bottom":36}},"bfce5809-3b19-46e5-af2f-249fdfc4a887":{"type":"image-with-text","blocks":{"template--16039701151929__bfce5809-3b19-46e5-af2f-249fdfc4a887-166659369136645142-0":{"type":"heading","settings":{"heading":"Un message à faire | passer ?","heading_size":"h2","heading_color":"#003b9a","img_replacement":false,"heading_alignment":"left"}},"template--16039701151929__bfce5809-3b19-46e5-af2f-249fdfc4a887-166659369136645142-1":{"type":"text","settings":{"text":"<p>Que ce soit pour un mariage, un enterrement de vie de jeune fille (ou garçon), un anniversaire, Noël, la fête des mères, des pères… offrez à vos proches un cadeau qu’ils n’oublieront jamais pour marquer cette belle occasion ! Une espadrille personnalisée est la meilleure option pour tous ceux en mal d’inspiration. Surprenez vos amis ou votre famille avec la machine à Payote !<\/p>","text_style":"body","text_column":1,"text_color":"#003b9a","img_replacement":false,"text_alignment":"left"}},"template--16039701151929__bfce5809-3b19-46e5-af2f-249fdfc4a887-166659369136645142-2":{"type":"button","settings":{"button_label":"Brodez-moi !","button_link":"shopify:\/\/pages\/espadrilles-personnalisees","icon":"none","button_color":"#003b9a","button_text_color":"#ffffff","img_replacement":false}}},"block_order":["template--16039701151929__bfce5809-3b19-46e5-af2f-249fdfc4a887-166659369136645142-0","template--16039701151929__bfce5809-3b19-46e5-af2f-249fdfc4a887-166659369136645142-1","template--16039701151929__bfce5809-3b19-46e5-af2f-249fdfc4a887-166659369136645142-2"],"disabled":true,"settings":{"image":"shopify:\/\/shop_images\/brode1.webp","autoplay":false,"height":"adapt","desktop_image_width":"medium","layout":"text_first","full_width":false,"side_side":false,"desktop_content_position":"middle","desktop_content_alignment":"left","content_layout":"no-overlap","no_color":false,"color_scheme":"background-1","background_color":"#ffffff","mobile_content_alignment":"left","padding_top":36,"padding_bottom":36}},"8c728cd1-8a5d-4f95-8089-3afea6c72f4f":{"type":"rich-text","blocks":{"cc550e8a-d61a-437e-8095-8ea38c91bb06":{"type":"heading","settings":{"heading":"<p>Mettez la France à vos | pieds !<\/p>","heading_size":"h2","heading_color_part1":"#003b9a","heading_color_part2":"#ef6a20","no_color":false,"animate":true}}},"block_order":["cc550e8a-d61a-437e-8095-8ea38c91bb06"],"disabled":true,"settings":{"desktop_content_position":"center","content_alignment":"center","color_scheme":"background-1","full_width":true,"reductible":false,"max_width":100,"padding_top":0,"padding_bottom":40}},"4549ca24-fbcd-4c14-a6b8-f3642f29628a":{"type":"image-with-text","blocks":{"template--16039701151929__4549ca24-fbcd-4c14-a6b8-f3642f29628a-16665956369e7ec2f3-0":{"type":"heading","settings":{"heading":"Vous pouvez toujours | nous rendre visite","heading_size":"h2","heading_color":"#003b9a","img_replacement":false,"heading_alignment":"left"}},"template--16039701151929__4549ca24-fbcd-4c14-a6b8-f3642f29628a-16665956369e7ec2f3-1":{"type":"text","settings":{"text":"<p>Notre boutique à Perpignan vous attend !<\/p><p><\/p><p><strong>1325 Avenue de la Salanque, <\/strong><em><strong>66000, Perpignan<br\/><\/strong><\/em><em>du Lundi au Samedi de 10h à 13h et 14h à 19h.<\/em><\/p>","text_style":"body","text_column":1,"text_color":"#003b9a","img_replacement":false,"text_alignment":"left"}},"template--16039701151929__4549ca24-fbcd-4c14-a6b8-f3642f29628a-16665956369e7ec2f3-2":{"type":"button","settings":{"button_label":"Boutique de Perpignan","button_link":"https:\/\/www.google.com\/maps\/place\/Payote\/@42.7273009,2.898862,17z\/data=!4m8!1m2!3m1!2sPayote!3m4!1s0x12b06e51b70f08ef:0x616b269200461f31!8m2!3d42.7273009!4d2.9010507","icon":"map_pin","button_color":"#003b9a","button_text_color":"#ffffff","img_replacement":false}},"e64e14ae-e743-410c-ab27-fdc147904361":{"type":"text","settings":{"text":"<p><strong>58 rue des tourneurs, 31000, Toulouse<\/strong><em><strong><br\/><\/strong><\/em><em>du Mardi au Samedi de 10h30 à 19h.<\/em><\/p>","text_style":"body","text_column":1,"text_color":"#003b9a","img_replacement":false,"text_alignment":"left"}},"eded7a98-9204-4218-85ff-74abaf0970ff":{"type":"button","settings":{"button_label":"Boutique de Toulouse","button_link":"https:\/\/www.google.com\/maps\/place\/Payote\/@43.601246,1.4429402,17z\/data=!3m1!4b1!4m5!3m4!1s0x12aebd9e104ae2fd:0x4ff8e236451fc1c3!8m2!3d43.601246!4d1.4451289","icon":"map_pin","button_color":"#003b9a","button_text_color":"#ffffff","img_replacement":false}}},"block_order":["template--16039701151929__4549ca24-fbcd-4c14-a6b8-f3642f29628a-16665956369e7ec2f3-0","template--16039701151929__4549ca24-fbcd-4c14-a6b8-f3642f29628a-16665956369e7ec2f3-1","template--16039701151929__4549ca24-fbcd-4c14-a6b8-f3642f29628a-16665956369e7ec2f3-2","e64e14ae-e743-410c-ab27-fdc147904361","eded7a98-9204-4218-85ff-74abaf0970ff"],"settings":{"image":"shopify:\/\/shop_images\/Boutique-Payote-espadrille-scaled.webp","autoplay":false,"height":"adapt","desktop_image_width":"medium","layout":"text_first","full_width":false,"side_side":false,"desktop_content_position":"top","desktop_content_alignment":"left","content_layout":"no-overlap","no_color":false,"color_scheme":"background-3","background_color":"#e4f2fa","mobile_content_alignment":"left","padding_top":36,"padding_bottom":36}},"2e5f183d-c38b-48e3-915f-c8e44f34a396":{"type":"rich-text","blocks":{"b9fe20e5-7955-4df6-a899-61568be5af8c":{"type":"heading","settings":{"heading":"<p>Des Espadrilles made in France pour tous les goûts<\/p>","heading_size":"h2","heading_color_part1":"#003b9a","heading_color_part2":"#ef6a20","no_color":true,"animate":false}},"template--16039701151929__2e5f183d-c38b-48e3-915f-c8e44f34a396-1666595975f0ce9398-1":{"type":"text","settings":{"text":"<p>4 millions. C’est le nombre moyen d’espadrilles vendues en France chaque année. Parmi tout ça, seulement 800 000 sont fabriquées en France… Cela laisse entendre que 80% des espadrilles achetées en France sont produites à l’étranger. Depuis 5 ans, Payote prend cette tendance à contre-pied : nous nous engageons à vous proposer le plus grand choix d’<strong>espadrilles made in France <\/strong>pour homme, femme et enfant. Plus de 250 modèles sont disponibles dans des pointures du 28 au 47 pour chausser tous les pieds. Contemporaine et épicurienne, notre marque remet au goût du jour cette <strong>chaussure emblématique de l’été <\/strong>que nous présentons dans des collections fun et décalées. Fruits de rencontres atypiques et d’explorations estivales, nos collections d’<strong>espadrilles françaises <\/strong>réinterprètent cette <strong>sandale de corde <\/strong>en reflétant la puissance artistique de nos créateurs. Chaque espadrille est une composition inédite qui invite à la découverte de nouveaux horizons. Notre mission ? Perpétuer le <strong>savoir-faire français <\/strong>en vous offrant un produit authentique et de qualité.<\/p>","text_color":"","text_style":"classic","text_size":"small"}},"ad5e2b25-d45d-49f0-8c38-bcfe9e9e7af1":{"type":"heading","settings":{"heading":"<p>UNE HISTOIRE MADE IN SUD DE FRANCE<\/p>","heading_size":"h3","heading_color_part1":"#003b9a","heading_color_part2":"#ef6a20","no_color":true,"animate":false}},"7760f0d5-2d58-4916-81ec-38f6e6463533":{"type":"text","settings":{"text":"<p>Dans le Sud, en été, on vit en espadrilles. Véritable trésor de notre patrimoine, nous avons voulu célébrer cette <strong>sandale pyrénéenne <\/strong>en soutenant le <strong>savoir-faire artisanal français<\/strong>. Depuis 2016, nous travaillons en collaboration avec un petit atelier situé à <strong>Mauléon<\/strong>, au cœur du <strong>Pays basque<\/strong>. Pourquoi <strong>Mauléon<\/strong> ? Considérée comme le berceau de l’<strong>espadrille française<\/strong>, c’est dans cette petite ville du sud-ouest les principales usines de fabrication de cette chaussure.<\/p><p>En activité depuis 150 ans, cet atelier familial transmet son savoir-faire de génération en génération dans le respect de techniques ancestrales. Son ancienneté lui confère une grande maîtrise de la fabrication qui suit un cahier des charges de 14 étapes bien précises. De la découpe de la toile, en passant par l’encollage, jusqu’à la couture de notre étiquette, chaque étape est réalisée avec grand soin par des artisans passionnés. De l’alliance de ce savoir-faire et de notre univers naissent chaque année des <strong>espadrilles du Pays basque<\/strong> à l’identité forte et au puissant caractère. Surprenantes et pétillantes nos collections se déclinent dans plusieurs esprits : élégance et originalité pour nos <a href=\"https:\/\/payote.fr\/collections\/espadrilles-femme\" title=\"https:\/\/payote.fr\/collections\/espadrilles-femme\"><span style=\"text-decoration:underline\">espadrilles pour femme<\/span><\/a> et confort et sobriété pour <a href=\"https:\/\/payote.fr\/collections\/espadrilles-homme\" title=\"https:\/\/payote.fr\/collections\/espadrilles-homme\"><span style=\"text-decoration:underline\">nos espadrilles pour homme<\/span><\/a><span style=\"text-decoration:underline\">.<\/span><\/p>","text_color":"","text_style":"classic","text_size":"small"}},"f9fb5a7f-8e73-460a-99f8-ec45a8aefdc2":{"type":"heading","settings":{"heading":"<p>Matières naturelles et éco-responsables<\/p>","heading_size":"h3","heading_color_part1":"#003b9a","heading_color_part2":"#ef6a20","no_color":true,"animate":false}},"4df37365-f684-48b9-8037-b591a13c38ba":{"type":"text","settings":{"text":"<p>À travers nos <strong>espadrilles françaises<\/strong>, nous cherchons à privilégier des matières de qualité en accord avec nos valeurs environnementales. De ce fait, nous choisissons avec le plus grand soin tout ce qui entre dans la composition de nos modèles. Comment adapter nos produits aux problématiques environnementales ? Il faut savoir casser les codes en optant pour de nouvelles matières. Cela fait quelques temps déjà que nous avons franchi ce pas : nous intégrons dans nos produits des matières recyclées pour limiter la production de déchets liée à l’industrie textile. Cela se reflète dans toutes nos espadrilles en toile classiques qui sont fabriquées à partir de coton recyclé.<\/p><p>Dans cette optique d’éco-responsabilité, nous nous efforçons de rendre nos produits les plus durables possibles. En effet, toutes nos <strong>espadrilles fabriquées en France <\/strong>bénéficient de finitions travaillées pour qu’elles soient plus résistantes. Nos coutures sont ainsi en nylon, fil beaucoup plus solide que le traditionnel coton utilisé pour lier la toile à la semelle. Pour les semelles, c’est la classique semelle en corde naturelle que nous avons choisie. La corde est très respectueuse de la peau et laisse respirer les pieds, idéal pour ceux qui ont tendance à transpirer en été. La semelle extérieure en caoutchouc recyclé, dans le même objectif de réduction de déchets.<\/p>","text_color":"","text_style":"classic","text_size":"small"}},"6a70349e-f54f-4483-895e-422338944b6b":{"type":"heading","settings":{"heading":"<p>Comment choisir votre espadrille française ?<\/p>","heading_size":"h3","heading_color_part1":"#003b9a","heading_color_part2":"#ef6a20","no_color":true,"animate":false}},"52e11819-202a-4c78-8328-b1f3ad7fc719":{"type":"text","settings":{"text":"<p>Vous savez déjà quel modèle vous voulez ? Pour le trouver, utilisez la recherche en tapant directement le nom de la paire qui vous fait de l’œil. Sinon, vous pouvez simplement naviguer à travers nos différentes catégories principales. Sous chaque catégorie principale, vous trouverez nos sous-catégories pour affiner votre recherche et trouvez <strong>l’espadrille fabriquée en France<\/strong> qu’il vous faut. Grâce à nos filtres vous pourrez sélectionner la pointure de votre pied. Et hop, en deux clics vous trouverez la Payote dont vous rêviez. Grâce à nos inspirations variées, toutes nos nouvelles collections vous feront voyager chaque été vers de nouveaux horizons. <br\/>Que vous recherchiez un modèle fun, sobre ou personnalisé, vous trouverez une <strong>espadrille de fabrication française<\/strong> à votre pied sur notre boutique en ligne.<br\/>Si vous êtes dans la région de <strong>Perpignan <\/strong>ou de<strong> Toulouse<\/strong>, n’hésitez pas à passer directement à notre boutique Payote pour trouver le modèle qu’il vous faut.<\/p>","text_color":"","text_style":"classic","text_size":"small"}},"9793807d-f93b-464e-9167-4786f072536c":{"type":"heading","settings":{"heading":"<p>Des collections à l'image de vos vacances<\/p>","heading_size":"h3","heading_color_part1":"#003b9a","heading_color_part2":"#ef6a20","no_color":true,"animate":false}},"663d86c2-7784-4600-b075-86004d69fdbe":{"type":"text","settings":{"text":"<p>Couleurs pop et chaleureuses, exotisme acidulé, motifs décalés… Nos collections d’espadrilles imprimées affichent une désinvolture assumée. Fruits de nos inspirations variées, elles reflètent pleinement l’âme de Payote : elles cassent les codes traditionnels de l’espadrille classique et lui insufflent un vent de fraicheur. Profondément dans l’air du temps, les collections d’espadrilles à motifs témoignent de notre amour pour les pièces audacieuses, porteuses de messages forts. Grâce à notre force créatrice, nous vous présentons de nombreux univers dessinés sur des toiles sublimées à l’encre végétale.<\/p><p>Dans le respect de nos convictions, chaque collection est fabriquée en édition limitée. Pour satisfaire tous les styles, nous avons aussi choisi de vous proposer des espadrilles plus classiques comme les fameuses <span style=\"text-decoration:underline\">espadrilles marinières<\/span> et les indémodables <span style=\"text-decoration:underline\">espadrilles unies<\/span>. Les coupes restent fidèles à la <strong>traditionnelle espadrille basque<\/strong> dans des coloris variés pour combler tous les goûts. Parmi nos collections, vous trouverez aussi nos <span style=\"text-decoration:underline\">espadrilles recyclées<\/span> dont la toile a été fabriquée à partir de plastique ramassé dans la Méditerranée.<\/p><p>Et pour accompagner vos pieds toute l’année, nous avons aussi créé une collection d’<strong>espadrilles fourrées<\/strong>. Vous retrouverez des <span style=\"text-decoration:underline\">chaussons pour femme français<\/span> très doux ainsi que des <span style=\"text-decoration:underline\">chaussons pour homme made in France<\/span> adaptés aux pieds de chacun.<\/p>","text_color":"","text_style":"classic","text_size":"small"}},"b45c9dcd-6548-4460-b866-a04bf529c057":{"type":"text","settings":{"text":"<p>Vous l’aurez compris, chez Payote, nous vous offrons le choix. Le choix d’acheter un produit authentique fabriqué localement. Le choix de soutenir les artisans français et le choix de relocaliser le savoir-faire français. Faites le choix du fabriqué français en mettant la France à vos pieds avec nous.<\/p>","text_color":"","text_style":"classic","text_size":"small"}}},"block_order":["b9fe20e5-7955-4df6-a899-61568be5af8c","template--16039701151929__2e5f183d-c38b-48e3-915f-c8e44f34a396-1666595975f0ce9398-1","ad5e2b25-d45d-49f0-8c38-bcfe9e9e7af1","7760f0d5-2d58-4916-81ec-38f6e6463533","f9fb5a7f-8e73-460a-99f8-ec45a8aefdc2","4df37365-f684-48b9-8037-b591a13c38ba","6a70349e-f54f-4483-895e-422338944b6b","52e11819-202a-4c78-8328-b1f3ad7fc719","9793807d-f93b-464e-9167-4786f072536c","663d86c2-7784-4600-b075-86004d69fdbe","b45c9dcd-6548-4460-b866-a04bf529c057"],"settings":{"desktop_content_position":"center","content_alignment":"center","color_scheme":"background-1","full_width":false,"reductible":true,"max_width":100,"padding_top":40,"padding_bottom":52}},"d98f45a8-a3cf-49fe-a4a6-330491829c82":{"type":"rich-text","blocks":{"ac93569e-b3e8-4bbe-b8cc-6eeb479a0044":{"type":"heading","settings":{"heading":"<p>Ils parlent | de nous !<\/p>","heading_size":"h2","heading_color_part1":"#003b9a","heading_color_part2":"#ef6a20","no_color":false,"animate":true}}},"block_order":["ac93569e-b3e8-4bbe-b8cc-6eeb479a0044"],"settings":{"desktop_content_position":"center","content_alignment":"center","color_scheme":"background-1","full_width":true,"reductible":false,"max_width":100,"padding_top":40,"padding_bottom":40}},"d473c26c-1003-4293-97c0-8ce9b39b52de":{"type":"gallery","blocks":{"template--16039701151929__d473c26c-1003-4293-97c0-8ce9b39b52de-1666612670a62798cf-0":{"type":"image","settings":{"image":"shopify:\/\/shop_images\/M6-1-150x150.webp","image_padding":false}},"template--16039701151929__d473c26c-1003-4293-97c0-8ce9b39b52de-1666612670a62798cf-2":{"type":"image","settings":{"image":"shopify:\/\/shop_images\/rtl-1-150x150.webp","image_padding":false}},"template--16039701151929__d473c26c-1003-4293-97c0-8ce9b39b52de-1666612670a62798cf-1":{"type":"image","settings":{"image":"shopify:\/\/shop_images\/TF1-1-150x150.webp","image_padding":false}},"template--16039701151929__d473c26c-1003-4293-97c0-8ce9b39b52de-1666612670a62798cf-3":{"type":"image","settings":{"image":"shopify:\/\/shop_images\/parisen-1-150x150.webp","image_padding":false}},"49b7544b-65ae-4952-b6e4-b4c73680bcdc":{"type":"image","settings":{"image":"shopify:\/\/shop_images\/midi-libre-1-150x150.webp","image_padding":false}},"9127aa13-83ee-470b-a5b5-54a7c18763c5":{"type":"image","settings":{"image":"shopify:\/\/shop_images\/20min-150x150.webp","image_padding":false}},"b536c599-88c2-464b-bc6c-1b5d0f8a339a":{"type":"image","settings":{"image":"shopify:\/\/shop_images\/250px-Logo_Occitanie_2017.svg_1.png","image_padding":false}}},"block_order":["template--16039701151929__d473c26c-1003-4293-97c0-8ce9b39b52de-1666612670a62798cf-0","template--16039701151929__d473c26c-1003-4293-97c0-8ce9b39b52de-1666612670a62798cf-2","template--16039701151929__d473c26c-1003-4293-97c0-8ce9b39b52de-1666612670a62798cf-1","template--16039701151929__d473c26c-1003-4293-97c0-8ce9b39b52de-1666612670a62798cf-3","49b7544b-65ae-4952-b6e4-b4c73680bcdc","9127aa13-83ee-470b-a5b5-54a7c18763c5","b536c599-88c2-464b-bc6c-1b5d0f8a339a"],"settings":{"page_narrow":true,"image_max_size":116,"padding_top":0,"padding_bottom":80}},"1711727928893acabf":{"type":"apps","blocks":{"forms_inline_JKaNep":{"type":"shopify:\/\/apps\/forms\/blocks\/inline\/8744a304-fcb1-4347-b211-bb6b4759a76a","settings":{"form_id":"89128","text_color":"#202020","button_background_color":"#202020","button_label_color":"#ffffff","links_color":"#1878b9","errors_color":"#e02229","text_alignment":"center","form_alignment":"center","padding_top":0,"padding_bottom":0,"padding_right":0,"padding_left":0}}},"block_order":["forms_inline_JKaNep"],"settings":{"include_margins":true}}},"order":["1663958281d52f6b84","f5e54934-ef38-4307-9ed8-914233cbbeb2","rich_text_tFDAfH","featured_collection","a8f2f284-d596-4209-a4f7-9a41647ca787","5642d26c-dadd-4d8c-af10-6849153645ef","037d5de9-ce87-4499-a982-13e4fafcbac3","bfce5809-3b19-46e5-af2f-249fdfc4a887","8c728cd1-8a5d-4f95-8089-3afea6c72f4f","4549ca24-fbcd-4c14-a6b8-f3642f29628a","2e5f183d-c38b-48e3-915f-c8e44f34a396","d98f45a8-a3cf-49fe-a4a6-330491829c82","d473c26c-1003-4293-97c0-8ce9b39b52de","1711727928893acabf"]}