{"sections":{"2f66e1a4-fa2e-4f57-a6c1-da0b0a7b5da0":{"type":"image-banner","blocks":{"template--16039701217465__2f66e1a4-fa2e-4f57-a6c1-da0b0a7b5da0-167351619030355173-0":{"type":"heading","settings":{"heading":"Collections","heading_size":"h1"}},"template--16039701217465__2f66e1a4-fa2e-4f57-a6c1-da0b0a7b5da0-167351619030355173-1":{"type":"text","settings":{"text":"Retrouvez l'intégralité de nos collections ici.","text_style":"body"}}},"block_order":["template--16039701217465__2f66e1a4-fa2e-4f57-a6c1-da0b0a7b5da0-167351619030355173-0","template--16039701217465__2f66e1a4-fa2e-4f57-a6c1-da0b0a7b5da0-167351619030355173-1"],"settings":{"image":"shopify:\/\/shop_images\/banniere.webp","image_overlay_opacity":0,"image_height":"small","adapt_height_first_image":false,"desktop_content_position":"middle-center","show_text_box":false,"desktop_content_alignment":"center","color_scheme":"background-1","mobile_content_alignment":"center","stack_images_on_mobile":true,"show_text_below":true}},"main":{"type":"main-list-collections","settings":{"title":"","sort":"alphabetical","image_ratio":"landscape","columns_desktop":1,"columns_mobile":"2"}}},"order":["2f66e1a4-fa2e-4f57-a6c1-da0b0a7b5da0","main"]}