{"sections":{"0ab5b301-bb9f-4a34-870b-ac195dfd212c":{"type":"image-banner","blocks":{"template--16120609865913__0ab5b301-bb9f-4a34-870b-ac195dfd212c-1666873802177e02b6-0":{"type":"heading","settings":{"heading":"{{ page.title }}","heading_size":"h2"}}},"block_order":["template--16120609865913__0ab5b301-bb9f-4a34-870b-ac195dfd212c-1666873802177e02b6-0"],"settings":{"image":"shopify:\/\/shop_images\/banniere-faq.webp","image_overlay_opacity":0,"image_height":"small","adapt_height_first_image":false,"desktop_content_position":"middle-center","show_text_box":false,"desktop_content_alignment":"center","color_scheme":"background-1","mobile_content_alignment":"center","stack_images_on_mobile":false,"show_text_below":false}},"main":{"type":"main-page","settings":{"show_heading":false,"text_style":"text","content_alignment":"left","padding_top":36,"padding_bottom":100}},"30d33c24-1345-4478-a37c-dfdc341997a1":{"type":"rich-text","blocks":{"template--16121964724409__30d33c24-1345-4478-a37c-dfdc341997a1-16669626946a7397a0-0":{"type":"heading","settings":{"heading":"<p>Hébergement<\/p>","heading_size":"h3","heading_color":"","no_color":true,"animate":false}},"template--16121964724409__30d33c24-1345-4478-a37c-dfdc341997a1-16669626946a7397a0-1":{"type":"text","settings":{"text":"<p><a href=\"https:\/\/fr.shopify.com\/?utm_campaign=poweredby&utm_medium=shopify&utm_source=onlinestore\" target=\"_blank\" title=\"Shopify\">Shopify<\/a><\/p>","text_color":"","text_style":"classic","text_size":"small"}},"78818462-4177-4cca-a546-6300a2ca5629":{"type":"heading","settings":{"heading":"<p>Responsable de publication<\/p>","heading_size":"h3","heading_color":"","no_color":true,"animate":false}},"328571c7-df39-44ac-ba6c-1dd8353d3d5e":{"type":"text","settings":{"text":"<p>Mr. Gelly Olivier<\/p>","text_color":"","text_style":"classic","text_size":"small"}},"e7ac25ca-7a80-48b7-90af-ae6bf4b8dc7e":{"type":"heading","settings":{"heading":"<p>Design & Développement<\/p>","heading_size":"h3","heading_color":"","no_color":true,"animate":false}},"13dcddc9-6a9f-4fe3-bda7-2d7a2ad1f027":{"type":"text","settings":{"text":"<p>Payote ©2022<\/p>","text_color":"","text_style":"classic","text_size":"small"}}},"block_order":["template--16121964724409__30d33c24-1345-4478-a37c-dfdc341997a1-16669626946a7397a0-0","template--16121964724409__30d33c24-1345-4478-a37c-dfdc341997a1-16669626946a7397a0-1","78818462-4177-4cca-a546-6300a2ca5629","328571c7-df39-44ac-ba6c-1dd8353d3d5e","e7ac25ca-7a80-48b7-90af-ae6bf4b8dc7e","13dcddc9-6a9f-4fe3-bda7-2d7a2ad1f027"],"settings":{"desktop_content_position":"center","content_alignment":"center","color_scheme":"background-2","full_width":false,"reductible":false,"padding_top":40,"padding_bottom":52}}},"order":["0ab5b301-bb9f-4a34-870b-ac195dfd212c","main","30d33c24-1345-4478-a37c-dfdc341997a1"]}