{"sections":{"ac0f4134-92a6-4ef6-8141-9565d79f2969":{"type":"image-banner","blocks":{"template--16121827033273__ac0f4134-92a6-4ef6-8141-9565d79f2969-166694835720e0aa22-0":{"type":"heading","settings":{"heading":"{{ page.title }}","heading_size":"h2"}}},"block_order":["template--16121827033273__ac0f4134-92a6-4ef6-8141-9565d79f2969-166694835720e0aa22-0"],"settings":{"image":"shopify:\/\/shop_images\/Boutique-Payote-espadrille-scaled.webp","image_2":"shopify:\/\/shop_images\/pose-femme-final.webp","image_overlay_opacity":0,"image_height":"medium","adapt_height_first_image":false,"desktop_content_position":"middle-center","show_text_box":false,"desktop_content_alignment":"center","color_scheme":"background-1","mobile_content_alignment":"center","mobile_content_position":"middle-center","stack_images_on_mobile":false,"show_text_below":false}},"main":{"type":"main-page","settings":{"show_heading":true,"text_style":"text","content_alignment":"center","max_width":90,"padding_top":36,"padding_bottom":36}},"e5f7c4fe-328a-43ac-b5b9-964655b65a9f":{"type":"featured-blog","custom_css":["deferred-media {padding-bottom: 0px !important; position: inherit;}","img {position: inherit;}"],"settings":{"heading":"Toutes nos offres disponibles","heading_size":"h2","blog":"offres-demplois","post_limit":3,"columns_desktop":3,"color_scheme":"background-1","show_image":true,"show_date":false,"show_author":false,"show_view_all":false,"padding_top":36,"padding_bottom":36}},"form":{"type":"contact-form","disabled":true,"settings":{"heading":"Envoie-nous un message","heading_size":"h1","color_scheme":"background-1","padding_top":36,"padding_bottom":36}}},"order":["ac0f4134-92a6-4ef6-8141-9565d79f2969","main","e5f7c4fe-328a-43ac-b5b9-964655b65a9f","form"]}