{"sections":{"ac0f4134-92a6-4ef6-8141-9565d79f2969":{"type":"image-banner","blocks":{"template--16121827033273__ac0f4134-92a6-4ef6-8141-9565d79f2969-166694835720e0aa22-0":{"type":"heading","settings":{"heading":"{{ page.title }}","heading_size":"h2"}}},"block_order":["template--16121827033273__ac0f4134-92a6-4ef6-8141-9565d79f2969-166694835720e0aa22-0"],"settings":{"image":"shopify:\/\/shop_images\/reportage_presse_media_article.webp","image_2":"shopify:\/\/shop_images\/Boutique-Payote-espadrille-scaled.webp","image_overlay_opacity":0,"image_height":"medium","adapt_height_first_image":false,"desktop_content_position":"middle-center","show_text_box":false,"desktop_content_alignment":"center","color_scheme":"background-1","mobile_content_alignment":"center","mobile_content_position":"middle-center","stack_images_on_mobile":false,"show_text_below":false}},"main":{"type":"main-page","settings":{"show_heading":true,"text_style":"text","content_alignment":"center","max_width":85,"padding_top":36,"padding_bottom":36}},"7d39a770-2354-4300-ba36-4d006dc83814":{"type":"rich-text","blocks":{"template--16121886310585__7d39a770-2354-4300-ba36-4d006dc83814-1666955672390f0df0-2":{"type":"button","settings":{"button_label":"Télécharger notre dossier presse","button_link":"https:\/\/cdn.shopify.com\/s\/files\/1\/0636\/1343\/6089\/files\/DP.pdf","button_style_secondary":true,"button_label_2":"","button_link_2":"","button_style_secondary_2":false,"button_color":"#21306b","button_text_color":"#ffffff"}}},"block_order":["template--16121886310585__7d39a770-2354-4300-ba36-4d006dc83814-1666955672390f0df0-2"],"settings":{"desktop_content_position":"center","content_alignment":"center","color_scheme":"background-1","full_width":false,"reductible":false,"max_width":100,"padding_top":0,"padding_bottom":0}},"5f424295-230b-4bca-ae85-e1e7d3f21306":{"type":"multicolumn","blocks":{"template--16121886310585__5f424295-230b-4bca-ae85-e1e7d3f21306-1666953321a807064a-0":{"type":"column","settings":{"title":"Contact presse","text":"<p>Vous êtes journaliste et avez besoin d'informations ou de visuels ? Contactez-nous à <a href=\"mailto:marine@payote.fr\" title=\"mailto:marine@payote.fr\">marine@payote.fr<\/a>.<\/p>","link_label":"","link":"","block_color":"#21306b","show_text_box":true,"animate":false}},"8def9494-64af-48db-9a42-94415ed0acb4":{"type":"column_social","settings":{"title":"Partenariats Réseaux sociaux","text":"<p>Contactez-nous directement sur le réseau social concerné ou à l'adresse <a href=\"mailto:lisa-marie@payote.fr\" target=\"_blank\" title=\"mailto:lisa-marie@payote.fr\">lisa-marie@payote.fr<\/a><\/p>"}},"column_social_hE7KRt":{"type":"column_social","settings":{"title":"DEMANDES DE FABRICATION","text":"<p>Vous êtes une entreprise et avez envie d'espadrilles personnalisées à votre image ? Contactez-nous à <a href=\"mailto:lespadrillefrancaise@gmail.com\" target=\"_blank\" title=\"mailto:lespadrillefrancaise@gmail.com\">lespadrillefrancaise@gmail.com <\/a>ou au <strong>04 68 28 80 38<\/strong><\/p>"}}},"block_order":["template--16121886310585__5f424295-230b-4bca-ae85-e1e7d3f21306-1666953321a807064a-0","8def9494-64af-48db-9a42-94415ed0acb4","column_social_hE7KRt"],"settings":{"title":"","heading_size":"h1","image_width":"full","image_ratio":"adapt","columns_desktop":2,"full_width":false,"column_alignment":"left","background_style":"primary","button_label":"","button_link":"shopify:\/\/pages\/contact","color_scheme":"background-1","columns_mobile":"1","swipe_on_mobile":false,"padding_top":36,"padding_bottom":36}}},"order":["ac0f4134-92a6-4ef6-8141-9565d79f2969","main","7d39a770-2354-4300-ba36-4d006dc83814","5f424295-230b-4bca-ae85-e1e7d3f21306"]}