{"sections":{"177f7a2d-2442-4e79-bea4-a2f887c5618e":{"type":"image-banner","blocks":{"template--16113771315385__177f7a2d-2442-4e79-bea4-a2f887c5618e-1666338426b8be1eac-0":{"type":"heading","settings":{"heading":"","heading_size":"h1"}},"template--16113771315385__177f7a2d-2442-4e79-bea4-a2f887c5618e-1666338426b8be1eac-1":{"type":"text","settings":{"text":"","text_style":"body"}}},"block_order":["template--16113771315385__177f7a2d-2442-4e79-bea4-a2f887c5618e-1666338426b8be1eac-0","template--16113771315385__177f7a2d-2442-4e79-bea4-a2f887c5618e-1666338426b8be1eac-1"],"settings":{"image":"shopify:\/\/shop_images\/banniere_octobrerose_Bonne.webp","image_overlay_opacity":0,"image_height":"medium","adapt_height_first_image":false,"desktop_content_position":"middle-center","show_text_box":false,"desktop_content_alignment":"center","color_scheme":"background-1","mobile_content_alignment":"center","mobile_content_position":"middle-center","stack_images_on_mobile":true,"show_text_below":false}},"a74aced9-0b59-40da-9fd8-06a42af8f2db":{"type":"rich-text","blocks":{"2a3f47d0-1a38-4c41-a783-a018d8b28e9f":{"type":"heading","settings":{"heading":"<p>HAUT LES SEINS !<\/p>","heading_size":"h2","heading_color_part1":"#21306b","heading_color_part2":"#ef2099","no_color":false,"animate":false}},"01929333-f6a7-463e-ac2d-96754a3bc4db":{"type":"text","settings":{"text":"<p>A l'occasion d'Octobre Rose, nous avons imaginé et fabriqué une collection exclusive afin de soutenir la lutte contre le cancer du sein ! Pour chaque banane ou paire achetée, <strong>5€ sont reversés<\/strong> à <a href=\"https:\/\/cancerdusein.org\/association\/l-histoire-de-l-association\/le-ruban-rose\" target=\"_blank\" title=\"https:\/\/cancerdusein.org\/association\/l-histoire-de-l-association\/le-ruban-rose\">l'association Ruban Rose<\/a> ! 🥰<br\/><br\/><\/p>","text_color":"#21306b","text_style":"classic","text_size":"small"}}},"block_order":["2a3f47d0-1a38-4c41-a783-a018d8b28e9f","01929333-f6a7-463e-ac2d-96754a3bc4db"],"settings":{"desktop_content_position":"center","content_alignment":"center","color_scheme":"background-1","full_width":false,"reductible":false,"max_width":100,"padding_top":40,"padding_bottom":0}},"main":{"type":"main-page","disabled":true,"settings":{"show_heading":false,"text_style":"text","content_alignment":"left","max_width":80,"padding_top":40,"padding_bottom":40}},"bc33ddd0-ff73-47e2-8a99-d31b7d7d997e":{"type":"image-with-text","blocks":{"template--16113771315385__bc33ddd0-ff73-47e2-8a99-d31b7d7d997e-166635914861655db1-0":{"type":"heading","settings":{"heading":"Une banane qui pense à vos melons !","heading_size":"h3","heading_color":"#21306b","img_replacement":false,"heading_alignment":"left"}},"template--16113771315385__bc33ddd0-ff73-47e2-8a99-d31b7d7d997e-166635914861655db1-1":{"type":"text","settings":{"text":"<p>Cette année, pour Octobre Rose, on a vu grand ! Ou plutôt… compact, pratique, et stylé ! 🎒💖<br\/><br\/>Dites bonjour à <strong>notre sac banane <\/strong> édition spéciale <strong>Octobre Rose. <br\/><\/strong>Ce petit bijou de mode n’est pas juste là pour transporter vos essentiels – il est là pour vous rappeler qu'on est toutes et tous engagés dans la lutte contre le cancer du sein !<br\/><br\/><em>Disponible en total look rose ou avec une touche bleu marine.<\/em><br\/><\/p>","text_style":"body","text_column":1,"text_color":"#21306b","img_replacement":false,"text_alignment":"left"}},"2d159905-76ac-4292-a6e7-c0a1937c33b0":{"type":"button","settings":{"button_label":"Je veux ma banane !","button_link":"shopify:\/\/collections\/kit-de-fabrication-espadrille-maison","icon":"none","button_color":"#21306b","button_text_color":"#ffffff","img_replacement":false}}},"block_order":["template--16113771315385__bc33ddd0-ff73-47e2-8a99-d31b7d7d997e-166635914861655db1-0","template--16113771315385__bc33ddd0-ff73-47e2-8a99-d31b7d7d997e-166635914861655db1-1","2d159905-76ac-4292-a6e7-c0a1937c33b0"],"settings":{"image":"shopify:\/\/shop_images\/sacbanane-octobrerose-bleu-marine.webp","autoplay":false,"height":"adapt","desktop_image_width":"small","layout":"image_first","full_width":false,"side_side":false,"desktop_content_position":"middle","desktop_content_alignment":"left","content_layout":"no-overlap","no_color":true,"color_scheme":"background-2","background_color":"#ffffff","mobile_content_alignment":"left","padding_top":0,"padding_bottom":36}},"image_with_text_fGKMiT":{"type":"image-with-text","blocks":{"heading_CmJhkL":{"type":"heading","settings":{"heading":"SOUTENEZ LES SEINS AVEC VOS PIEDS !","heading_size":"h2","heading_color":"#21306b","img_replacement":false,"heading_alignment":"left"}},"text_iHBbW3":{"type":"text","settings":{"text":"<p>Comme chaque année, Payote s'engage avec son motif \"Haut les Seins !\", fidèlement du nœud de l'<a href=\"https:\/\/cancerdusein.org\/association\/l-histoire-de-l-association\/le-ruban-rose\" target=\"_blank\" title=\"https:\/\/cancerdusein.org\/association\/l-histoire-de-l-association\/le-ruban-rose\">association Ruban Rose<\/a>. <br\/><br\/>Mais pour cette édition 2024, ce n'est pas un mais <strong>DEUX modèles inédits<\/strong> qui font leur show !<br\/><br\/>Découvrez notre espadrille Bleu Marine Claudia et notre espadrille Rose Caroline, des noms en références à nos deux combattantes du cancer du sein  : <strong>Claudia Tagbo et Caroline Receveur<\/strong>  🎀<\/p>","text_style":"body","text_column":1,"text_color":"#21306b","img_replacement":false,"text_alignment":"left"}},"button_cKpGnf":{"type":"button","settings":{"button_label":"Je veux ma paire !","button_link":"","icon":"none","button_color":"#ef2099","button_text_color":"#ffffff","img_replacement":false}}},"block_order":["heading_CmJhkL","text_iHBbW3","button_cKpGnf"],"settings":{"image":"shopify:\/\/shop_images\/tel_octobrerose_Bonne.png","autoplay":false,"height":"adapt","desktop_image_width":"small","layout":"text_first","full_width":false,"side_side":false,"desktop_content_position":"middle","desktop_content_alignment":"left","content_layout":"no-overlap","no_color":true,"color_scheme":"background-1","background_color":"#ffffff","mobile_content_alignment":"left","padding_top":36,"padding_bottom":36}},"a33e3fb3-f43a-464a-805d-e7a1c8d7d0b2":{"type":"rich-text","blocks":{"template--16113771315385__a33e3fb3-f43a-464a-805d-e7a1c8d7d0b2-16663390041941521d-0":{"type":"heading","settings":{"heading":"<p>A VOS MARQUES, PRÊT, PALPEZ !<\/p>","heading_size":"h2","heading_color_part1":"#21306b","heading_color_part2":"#ef2099","no_color":false,"animate":false}},"ff5d81fe-9d0c-4aaa-b4f8-f84c10b21f92":{"type":"text","settings":{"text":"<p>Dans le cadre de la lutte contre le cancer du sein, <strong>la prévention est une étape essentielle<\/strong>. Nous vous encourageons à effectuer une auto-surveillance régulière, telle que l’auto-palpation. Ce geste simple, effectué chaque mois, permet de détecter d'éventuels changements et contribue à une détection précoce.<br\/><br\/>Il est important de rester attentif.ve à tout signe inhabituel et de consulter un professionnel de santé en cas de doute. La prévention sauve des vies, et <strong>chaque geste compte dans ce combat.<\/strong>🌸 <br\/><br\/>#PréventionCancerDuSein #OctobreRose<\/p>","text_color":"#21306b","text_style":"classic","text_size":"small"}}},"block_order":["template--16113771315385__a33e3fb3-f43a-464a-805d-e7a1c8d7d0b2-16663390041941521d-0","ff5d81fe-9d0c-4aaa-b4f8-f84c10b21f92"],"settings":{"desktop_content_position":"center","content_alignment":"center","color_scheme":"background-1","full_width":false,"reductible":false,"max_width":100,"padding_top":40,"padding_bottom":0}},"a4cc752f-09e3-492e-bbc3-c98854166a1e":{"type":"rich-text","blocks":{"template--16113771315385__a4cc752f-09e3-492e-bbc3-c98854166a1e-166634402475ae89cf-0":{"type":"heading","settings":{"heading":"<p>Un peu | d'inspiration...<\/p>","heading_size":"h2","heading_color_part1":"#21306b","heading_color_part2":"#ef6a20","no_color":false,"animate":false}},"b623d3a5-d19b-4766-9219-65e767178929":{"type":"text","settings":{"text":"<p>Alors, rejoignez la communauté des fous de l'<strong>Espakit<\/strong> et commandez votre kit dès maintenant. Des espadrilles folles et délirantes vous attendent, prêtes à faire de vos pieds des œuvres d'art ambulantes !<\/p>","text_color":"#21306b","text_style":"classic","text_size":"small"}}},"block_order":["template--16113771315385__a4cc752f-09e3-492e-bbc3-c98854166a1e-166634402475ae89cf-0","b623d3a5-d19b-4766-9219-65e767178929"],"disabled":true,"settings":{"desktop_content_position":"center","content_alignment":"center","color_scheme":"background-1","full_width":false,"reductible":false,"max_width":100,"padding_top":52,"padding_bottom":52}},"b4e69a9e-ae8b-4942-964e-ea148515bc81":{"type":"slideshow","blocks":{"template--16113771315385__b4e69a9e-ae8b-4942-964e-ea148515bc81-1666339010c267e857-0":{"type":"slide","settings":{"image":"shopify:\/\/shop_images\/brode3.webp","heading":"","heading_size":"h1","subheading":"","button_label":"","link":"","button_style_secondary":false,"link_on_slide":true,"box_align":"middle-center","show_text_box":false,"text_alignment":"center","image_overlay_opacity":0,"color_scheme":"background-1","text_alignment_mobile":"center","mobile_box_align":"middle-center"}},"template--16113771315385__b4e69a9e-ae8b-4942-964e-ea148515bc81-1666339010c267e857-1":{"type":"slide","settings":{"image":"shopify:\/\/shop_images\/brode8.webp","heading":"","heading_size":"h1","subheading":"","button_label":"","link":"","button_style_secondary":false,"link_on_slide":true,"box_align":"middle-center","show_text_box":false,"text_alignment":"center","image_overlay_opacity":0,"color_scheme":"background-1","text_alignment_mobile":"center","mobile_box_align":"middle-center"}},"a69e0466-3411-4c40-9487-24b52d8015a1":{"type":"slide","settings":{"image":"shopify:\/\/shop_images\/brode4.webp","heading":"","heading_size":"h1","subheading":"","button_label":"","link":"","button_style_secondary":false,"link_on_slide":true,"box_align":"middle-center","show_text_box":false,"text_alignment":"center","image_overlay_opacity":0,"color_scheme":"background-1","text_alignment_mobile":"center","mobile_box_align":"middle-center"}},"a3fc7b92-975c-4899-b84f-6b51633bec28":{"type":"slide","settings":{"image":"shopify:\/\/shop_images\/brode2.webp","heading":"","heading_size":"h1","subheading":"","button_label":"","link":"","button_style_secondary":false,"link_on_slide":true,"box_align":"middle-center","show_text_box":false,"text_alignment":"center","image_overlay_opacity":0,"color_scheme":"background-1","text_alignment_mobile":"center","mobile_box_align":"middle-center"}},"09e95e92-2ced-47d1-ad63-42f85f453439":{"type":"slide","settings":{"image":"shopify:\/\/shop_images\/brode5.webp","heading":"","heading_size":"h1","subheading":"","button_label":"","link":"","button_style_secondary":false,"link_on_slide":true,"box_align":"middle-center","show_text_box":false,"text_alignment":"center","image_overlay_opacity":0,"color_scheme":"background-1","text_alignment_mobile":"center","mobile_box_align":"middle-center"}},"76f2fbcd-7698-4778-89b4-ac4f950a6c41":{"type":"slide","settings":{"image":"shopify:\/\/shop_images\/brode7.webp","heading":"","heading_size":"h1","subheading":"","button_label":"","link":"","button_style_secondary":false,"link_on_slide":true,"box_align":"middle-center","show_text_box":false,"text_alignment":"center","image_overlay_opacity":0,"color_scheme":"background-1","text_alignment_mobile":"center","mobile_box_align":"middle-center"}},"135eac9e-e2d3-447c-988a-1420b9e5c8ce":{"type":"slide","settings":{"image":"shopify:\/\/shop_images\/brode1.webp","heading":"","heading_size":"h1","subheading":"","button_label":"","link":"","button_style_secondary":false,"link_on_slide":true,"box_align":"middle-center","show_text_box":false,"text_alignment":"center","image_overlay_opacity":0,"color_scheme":"background-1","text_alignment_mobile":"center","mobile_box_align":"middle-center"}},"e88bcd52-fddf-4de5-8d80-6d51efe5536b":{"type":"slide","settings":{"image":"shopify:\/\/shop_images\/brode6.webp","heading":"","heading_size":"h1","subheading":"","button_label":"","link":"","button_style_secondary":false,"link_on_slide":true,"box_align":"middle-center","show_text_box":false,"text_alignment":"center","image_overlay_opacity":0,"color_scheme":"background-1","text_alignment_mobile":"center","mobile_box_align":"middle-center"}}},"block_order":["template--16113771315385__b4e69a9e-ae8b-4942-964e-ea148515bc81-1666339010c267e857-0","template--16113771315385__b4e69a9e-ae8b-4942-964e-ea148515bc81-1666339010c267e857-1","a69e0466-3411-4c40-9487-24b52d8015a1","a3fc7b92-975c-4899-b84f-6b51633bec28","09e95e92-2ced-47d1-ad63-42f85f453439","76f2fbcd-7698-4778-89b4-ac4f950a6c41","135eac9e-e2d3-447c-988a-1420b9e5c8ce","e88bcd52-fddf-4de5-8d80-6d51efe5536b"],"disabled":true,"settings":{"layout":"full_bleed","slide_height":"small","slider_visual":"false","auto_rotate":true,"change_slides_speed":3,"change_slides_per_page":1,"change_slides_to_show":4,"show_text_below":false,"accessibility_info":"Un peu d'inspiration pour les espadrilles brodées"}},"cf114324-f216-4748-86d1-3ef056990efb":{"type":"image-with-text","blocks":{"template--16113771315385__cf114324-f216-4748-86d1-3ef056990efb-166633901024b2f65a-0":{"type":"heading","settings":{"heading":"| ils ont déjà écrit :","heading_size":"h3","heading_color":"#21306b","img_replacement":false,"heading_alignment":"left"}},"template--16113771315385__cf114324-f216-4748-86d1-3ef056990efb-166633901024b2f65a-1":{"type":"text","settings":{"text":"<p>Besoin d’inspiration pour <strong>broder votre Payote<\/strong> ? Voilà une petite liste des messages les plus populaires : Super Papa, Super Maman, des initiales, une date de rencontre ou de mariage, Mon amour, Je t’aime, Carpe Diem, Mon pilier.<br\/><br\/><strong>Le Jour J en espadrilles !<\/strong><\/p><p>Envie de mettre la France à vos pieds le Jour J ? Pour les mariages, les espadrilles brodées seront une superbe idée pour laisser un souvenir aux invités. Elles iront à merveille avec un thème champêtre ou bohème grâce à leurs coupes minimalistes et leur semelles en corde naturelle. Si vous souhaitez faire un devis pour une commande d’espadrilles brodées, n’hésitez pas à nous contacter à mathilde@payote.fr. Quelques idées de messages pour un mariage : Team Mariée, Team Témoin, initiales sur un pied et date de mariage sur l’autre… Les possibilités sont très variées !<\/p>","text_style":"body","text_column":1,"text_color":"#21306b","img_replacement":false,"text_alignment":"left"}},"template--16113771315385__cf114324-f216-4748-86d1-3ef056990efb-166633901024b2f65a-2":{"type":"button","settings":{"button_label":"Je veux ma paire !","button_link":"shopify:\/\/products\/espadrille-beige-pour-mariage","icon":"none","button_color":"#21306b","button_text_color":"#ffffff","img_replacement":false}}},"block_order":["template--16113771315385__cf114324-f216-4748-86d1-3ef056990efb-166633901024b2f65a-0","template--16113771315385__cf114324-f216-4748-86d1-3ef056990efb-166633901024b2f65a-1","template--16113771315385__cf114324-f216-4748-86d1-3ef056990efb-166633901024b2f65a-2"],"disabled":true,"settings":{"image":"shopify:\/\/shop_images\/Espadrilles_brodees_Dolce_Vita_Blanc_dore.webp","autoplay":false,"height":"adapt","desktop_image_width":"small","layout":"text_first","full_width":false,"side_side":false,"desktop_content_position":"middle","desktop_content_alignment":"left","content_layout":"no-overlap","no_color":false,"color_scheme":"background-2","background_color":"#ffffff","mobile_content_alignment":"left","padding_top":36,"padding_bottom":36}},"80920de5-1747-4be8-971d-a9e7a488d8d4":{"type":"rich-text","settings":{"desktop_content_position":"center","content_alignment":"center","color_scheme":"background-1","full_width":true,"reductible":false,"max_width":100,"padding_top":52,"padding_bottom":0}},"featured_collection_94Wk9B":{"type":"featured-collection","settings":{"title":"Featured collection","heading_size":"h1","description":"","show_description":false,"description_style":"body","collection":"octobre-rose","products_to_show":4,"columns_desktop":4,"full_width":false,"show_view_all":true,"view_all_style":"solid","enable_desktop_slider":false,"slider_visual":"counter","auto_rotate":false,"change_slides_speed":5,"change_slides_per_page":1,"color_scheme":"background-1","image_ratio":"adapt","show_secondary_image":false,"show_vendor":false,"show_rating":false,"enable_quick_add":false,"columns_mobile":"2","swipe_on_mobile":false,"padding_top":36,"padding_bottom":36}},"e9bf22ff-fee2-437c-8c75-554aa97d184b":{"type":"rich-text","blocks":{"template--16113771315385__e9bf22ff-fee2-437c-8c75-554aa97d184b-1666349802d83d935d-0":{"type":"heading","settings":{"heading":"<p>5€ Reversés à l'association Ruban Rose<\/p>","heading_size":"h2","heading_color_part1":"#21306b","heading_color_part2":"#ef2099","no_color":true,"animate":true}}},"block_order":["template--16113771315385__e9bf22ff-fee2-437c-8c75-554aa97d184b-1666349802d83d935d-0"],"settings":{"desktop_content_position":"center","content_alignment":"center","color_scheme":"background-1","full_width":true,"reductible":false,"max_width":100,"padding_top":20,"padding_bottom":0}}},"order":["177f7a2d-2442-4e79-bea4-a2f887c5618e","a74aced9-0b59-40da-9fd8-06a42af8f2db","main","bc33ddd0-ff73-47e2-8a99-d31b7d7d997e","image_with_text_fGKMiT","a33e3fb3-f43a-464a-805d-e7a1c8d7d0b2","a4cc752f-09e3-492e-bbc3-c98854166a1e","b4e69a9e-ae8b-4942-964e-ea148515bc81","cf114324-f216-4748-86d1-3ef056990efb","80920de5-1747-4be8-971d-a9e7a488d8d4","featured_collection_94Wk9B","e9bf22ff-fee2-437c-8c75-554aa97d184b"]}