{"sections":{"main":{"type":"main-page","disabled":true,"settings":{"show_heading":true,"text_style":"text","content_alignment":"left","max_width":100,"padding_top":28,"padding_bottom":28}},"rich_text_DqcW4Q":{"type":"rich-text","blocks":{"heading_iWDnnz":{"type":"heading","settings":{"heading":"<p>Oups !<br\/>Le coeur ❤️ a été trouvé !<\/p>","heading_size":"h2","heading_color_part1":"#21306b","heading_color_part2":"#ef6a20","no_color":true,"animate":false}}},"block_order":["heading_iWDnnz"],"settings":{"desktop_content_position":"center","content_alignment":"center","color_scheme":"background-1","full_width":true,"reductible":false,"max_width":100,"padding_top":40,"padding_bottom":52}},"custom_liquid_Vky9zg":{"type":"custom-liquid","settings":{"custom_liquid":"<img class=\"media_gif__MBeQG\" style=\"aspect-ratio:480\/480;margin:auto;display:block;width:100%\" src=\"https:\/\/i.giphy.com\/mGnJZiJ7qsQnNOPh4s.webp\" alt=\"Illustrated gif. Behind a charcoal-like black mound, a hand raises a white flag with a yellow heart on it as if signaling a truce. \" width=\"480\">","color_scheme":"background-1","padding_top":40,"padding_bottom":52}}},"order":["main","rich_text_DqcW4Q","custom_liquid_Vky9zg"]}