{"sections":{"ac0f4134-92a6-4ef6-8141-9565d79f2969":{"type":"image-banner","blocks":{"template--16121827033273__ac0f4134-92a6-4ef6-8141-9565d79f2969-166694835720e0aa22-0":{"type":"heading","settings":{"heading":"{{ page.title }}","heading_size":"h2"}}},"block_order":["template--16121827033273__ac0f4134-92a6-4ef6-8141-9565d79f2969-166694835720e0aa22-0"],"settings":{"image":"shopify:\/\/shop_images\/boutique-payote.webp","image_overlay_opacity":0,"image_height":"medium","adapt_height_first_image":false,"desktop_content_position":"middle-center","show_text_box":false,"desktop_content_alignment":"center","color_scheme":"background-1","mobile_content_alignment":"center","mobile_content_position":"middle-center","stack_images_on_mobile":false,"show_text_below":false}},"main":{"type":"main-page","settings":{"show_heading":true,"text_style":"text","content_alignment":"center","max_width":100,"padding_top":36,"padding_bottom":36}},"36e0a9b6-86c7-405c-b60e-07ef9a022f78":{"type":"multicolumn","blocks":{"template--16121946374329__36e0a9b6-86c7-405c-b60e-07ef9a022f78-1666958850d027df49-0":{"type":"column","settings":{"image":"shopify:\/\/shop_images\/Boutique_Perpignan_c121b901-91be-4838-b2e5-bc6efbaf359c.webp","title":"Payote - Perpignan","text":"<p><strong>Adresse<\/strong>:<\/p><p>1325 Av. de la Salanque, 66000 Perpignan, France.<\/p><p><strong>Horaires<\/strong>:<\/p><p>Du lundi au samedi de 10h à 13h et 14h à 19h.<\/p><p><strong>Téléphone<\/strong>:<\/p><p><a href=\"tel:+33468643224\" title=\"Appeler la boutique\">04 68 64 32 24<\/a><\/p>","link_label":"Voir sur la carte","link":"https:\/\/www.google.com\/maps\/place\/Payote\/@42.7273009,2.898862,17z\/data=!4m8!1m2!3m1!2sPayote!3m4!1s0x12b06e51b70f08ef:0x616b269200461f31!8m2!3d42.7273009!4d2.9010507","block_color":"#21306b","show_text_box":true,"animate":false}},"template--16121946374329__36e0a9b6-86c7-405c-b60e-07ef9a022f78-1666958850d027df49-1":{"type":"column","settings":{"image":"shopify:\/\/shop_images\/Boutique_Toulouse.webp","title":"Payote - Toulouse","text":"<p><strong>Adresse<\/strong>:<\/p><p>58 rue des Tourneurs, 31000 Toulouse, France.<\/p><p><strong>Horaires<\/strong>:<\/p><p>Du mardi au samedi de 10h30 à 19h<\/p><p><strong>Téléphone<\/strong>:<\/p><p><a href=\"tel:+33534668438\" title=\"Appeler la boutique\">05 34 66 84 38<\/a><\/p>","link_label":"Voir sur la carte","link":"https:\/\/www.google.com\/maps\/place\/Payote\/@43.601246,1.4429402,17z\/data=!3m1!4b1!4m5!3m4!1s0x12aebd9e104ae2fd:0x4ff8e236451fc1c3!8m2!3d43.601246!4d1.4451289","block_color":"#21306b","show_text_box":true,"animate":false}}},"block_order":["template--16121946374329__36e0a9b6-86c7-405c-b60e-07ef9a022f78-1666958850d027df49-0","template--16121946374329__36e0a9b6-86c7-405c-b60e-07ef9a022f78-1666958850d027df49-1"],"settings":{"title":"","heading_size":"h1","image_width":"full","image_ratio":"adapt","columns_desktop":2,"full_width":false,"column_alignment":"left","background_style":"primary","button_label":"Devenir revendeur ?","button_link":"shopify:\/\/pages\/devenir-revendeur","color_scheme":"background-1","columns_mobile":"1","swipe_on_mobile":false,"padding_top":36,"padding_bottom":36}}},"order":["ac0f4134-92a6-4ef6-8141-9565d79f2969","main","36e0a9b6-86c7-405c-b60e-07ef9a022f78"]}