{"sections":{"0ab5b301-bb9f-4a34-870b-ac195dfd212c":{"type":"image-banner","blocks":{"template--16120609865913__0ab5b301-bb9f-4a34-870b-ac195dfd212c-1666873802177e02b6-0":{"type":"heading","settings":{"heading":"{{ page.title }}","heading_size":"h2"}},"e9b8c3c3-d0d0-4543-88c1-2d36f575d16a":{"type":"text","settings":{"text":"Nous répondons à vos questions","text_style":"body"}}},"block_order":["template--16120609865913__0ab5b301-bb9f-4a34-870b-ac195dfd212c-1666873802177e02b6-0","e9b8c3c3-d0d0-4543-88c1-2d36f575d16a"],"settings":{"image":"shopify:\/\/shop_images\/banniere-faq.webp","image_overlay_opacity":0,"image_height":"small","adapt_height_first_image":false,"desktop_content_position":"middle-center","show_text_box":false,"desktop_content_alignment":"center","color_scheme":"background-1","mobile_content_alignment":"center","mobile_content_position":"middle-center","stack_images_on_mobile":false,"show_text_below":false}},"main":{"type":"main-page","settings":{"show_heading":false,"text_style":"text","content_alignment":"center","max_width":100,"padding_top":36,"padding_bottom":0}},"fe5897f3-e603-4215-9c2a-92af65a79006":{"type":"rich-text","blocks":{"template--16121886146745__fe5897f3-e603-4215-9c2a-92af65a79006-1666952689755bfd11-0":{"type":"heading","settings":{"heading":"<p>Livraison : TARIFS ET DÉLAIS<\/p>","heading_size":"h2","heading_color_part1":"#21306b","heading_color_part2":"#ef6a20","no_color":true,"animate":false}},"template--16121886146745__fe5897f3-e603-4215-9c2a-92af65a79006-1666952689755bfd11-1":{"type":"text","settings":{"text":"<p>Votre commande est expédiée dans les plus brefs délais (hors produit personnalisé, brodé et précommandes) afin que vous puissiez la recevoir au plus vite. Vous serez prévenu.e par e-mail (les e-mails sont parfois dans le dossier “SPAM”) dès l’expédition de votre colis.<\/p><p><strong>LIVRAISON EN FRANCE MÉTROPOLITAINE<\/strong> <strong>:<\/strong><\/p><ul><li><strong>Colissimo à domicile (sans signature) <\/strong>: livraison en 2 à 3 jours ouvrés à domicile au tarif de 6€. La livraison est offerte dès 60€ d'achat.<\/li><\/ul><p><\/p><ul><li><strong>Colissimo Point Relais <\/strong><em><strong>: <\/strong><\/em>livraison en 3 à 4 jours ouvrés en point relais Colissimo au tarif de 4€. La livraison est offerte dès 45€ d'achat.<\/li><\/ul><p><\/p><ul><li><strong>Chronopost à domicile <\/strong><em><strong>: <\/strong><\/em>livraison express en 24h pour toute commande passée avant 15h du lundi au vendredi. Les frais s’élèvent à 12€ pour ce transporteur.<\/li><\/ul><p><\/p><ul><li><strong>Chronopost Relais :<\/strong><em> <\/em>livraison express en 24h en point relais pour toute commande passée avant 15h du lundi au vendredi. Les frais s’élèvent à 8€ pour ce transporteur.<\/li><\/ul><p><strong>LIVRAISON EN DEHORS DE LA FRANCE MÉTROPOLITAINE : <\/strong><\/p><ul><li><strong>Colissimo Outre-mer<\/strong> : livraison à domicile au tarif de 25€ (zones couvertes : Guadeloupe, La Réunion, Mayotte, Martinique, Guyane française, Nouvelle-Calédonie, Polynésie française) <\/li><\/ul><p><\/p><ul><li><strong>Colissimo Zone 1 <\/strong>(Belgique, Luxembourg, Allemagne, Pays-bas) : livraison en point relais (choix restreints) au tarif de 6,90€ ou livraison à domicile au tarif de 9,90€. <\/li><\/ul><p><\/p><ul><li><strong>Colissimo Zone 2<\/strong> (Autriche, Irlande, Italie, Portugal, Espagne, Andorre) : livraison en point relais (choix restreints) au tarif de 7,90€ et livraison à domicile au tarif de 13€.  <\/li><\/ul><p><\/p><ul><li><strong>Colissimo Zone 3<\/strong> (Tchéquie, Danemark, Estonie, Hongrie, Lettonie, Lituanie, Pologne, Slovaquie, Slovénie, Suède, Suisse) : livraison en point relais (choix restreints) au tarif de 9,90€ et livraison à domicile au tarif de 14€. <\/li><\/ul><p><\/p><ul><li><strong>Colissimo Zone 4<\/strong> (Maroc, Albanie, Bulgarie, Croatie, Chypre, Finlande, Grèce, Islande, Malte, Roumanie, Norvège, Turquie, Ukraine) : livraison à domicile au tarif de 19€.<\/li><\/ul><p><\/p><ul><li><strong>Colissimo Zone 5 <\/strong>(Inde, Taïwan, Australie, Corée du Sud, Japon, Singapour, Canada, États-Unis) : livraison à domicile au tarif de 28€.<\/li><\/ul><p><\/p><ul><li><strong>Colissimo Zone 6 <\/strong>(Amérique Latine, Afrique, Asie centrale, Moyen-Orient) : livraison à domicile au tarif de 43€. <\/li><\/ul><p>Pour connaitre les délais moyens de livraison vers la destination souhaitée, veuillez vous référer au site de la Poste : <a href=\"https:\/\/www.laposte.fr\/fiche-destination\" target=\"_blank\" title=\"délais de livraison à l'étranger\">délais de livraison à l'étranger<\/a><\/p><p>Pour toute question, n'hésitez pas à nous contacter à sav@payote.fr. <\/p><p><\/p>","text_color":"","text_style":"classic","text_size":"small"}}},"block_order":["template--16121886146745__fe5897f3-e603-4215-9c2a-92af65a79006-1666952689755bfd11-0","template--16121886146745__fe5897f3-e603-4215-9c2a-92af65a79006-1666952689755bfd11-1"],"settings":{"desktop_content_position":"center","content_alignment":"left","color_scheme":"background-1","full_width":false,"reductible":false,"max_width":100,"padding_top":40,"padding_bottom":52}},"01e6cd6e-9094-4e0d-9d2f-292c2380923f":{"type":"rich-text","blocks":{"template--16121886146745__01e6cd6e-9094-4e0d-9d2f-292c2380923f-16669527608824c2d7-0":{"type":"heading","settings":{"heading":"<p>RETOURS : CONDITIONS ET PROCÉDURE<\/p>","heading_size":"h2","heading_color_part1":"#21306b","heading_color_part2":"#ef6a20","no_color":true,"animate":false}},"template--16121886146745__01e6cd6e-9094-4e0d-9d2f-292c2380923f-16669527608824c2d7-1":{"type":"text","settings":{"text":"<ul><li>Vous pouvez nous retourner vos produits s’ils ont simplement été essayés. Les produits endommagés ou salis ne seront pas remboursés.<br\/><br\/><\/li><li>Vous disposez d'un délai de <strong>14 jours après réception<\/strong> de votre commande pour retourner vos articles contre <strong>remboursement ou avoir.<br\/><br\/><\/strong><\/li><li>Vous disposez d'un délai de <strong>30 jours après réception<\/strong> de votre commande pour retourner vos articles contre <strong>un avoir uniquement.<\/strong><\/li><\/ul><p><\/p><ul><li><h4><strong>Prolongations délais de retour pour les fêtes : nous acceptons les retours jusqu'au 4 janvier 2025 pour toute commande passée en octobre et en novembre 2024.<br\/><\/strong><\/h4><\/li><li>Si vous choisissez l'option \"Remboursement\", celui-ci s’effectuera sous un délai moyen de <strong>7 jours ouvrables<\/strong> à compter de la réception du retour des marchandises. Si vous choisissez un avoir, vous recevrez votre code unique par mail à utiliser pour effectuer votre nouvelle commande.<br\/><br\/><\/li><li>Remboursement frais de livraison : les frais de livraison vous sont remboursés dans leur entièreté pour le retour d’une commande complète. Si vous ne retournez qu’une partie de la commande, ils ne sont pas remboursés.<\/li><\/ul><p><\/p><ul><li>Les <strong>produits personnalisés<\/strong> (espadrilles brodées & \"Espadrille personnalisée - Ma Payote\") <strong>ne peuvent pas être retournés<\/strong> (conformément aux dispositions de l’article L 121-20 du Code de la Consommation).<\/li><\/ul><p><\/p><ul><li><strong>Les frais de retour sont offerts pour tout retour effectué depuis la France Métropolitaine. Pour tout retour effectué<\/strong> depuis l’Outre-mer ou l'étranger, les frais de retour sont à votre charge : ils sont au même tarif que les frais de livraison (à consulter dans le paragraphe “Livraison : tarifs et délais). Ils vous seront déduits de votre remboursement.<br\/><\/li><\/ul><h3><strong>COMMENT EFFECTUER UN RETOUR ? <\/strong><\/h3><p>– Vous rendre sur notre portail de retour:   <a href=\"https:\/\/payote.shipping-portal.com\/rp\/\" target=\"_blank\" title=\"https:\/\/payote.shipping-portal.com\/rp\/\"><strong>Cliquez-ici<\/strong><\/a>.<\/p><p>– Indiquer votre numéro de commande et votre code postal de livraison (sans ces informations, vous ne pourrez pas accéder au portail de retour).<\/p><p>-Sélectionner les articles que vous souhaitez retourner ainsi que la raison du retour. Vous pourrez ensuite choisir si vous souhaitez un avoir ou un remboursement.<\/p><p>– Préparer le colis avec les articles à retourner tels qu’ils étaient à la livraison.<\/p>","text_color":"","text_style":"classic","text_size":"small"}}},"block_order":["template--16121886146745__01e6cd6e-9094-4e0d-9d2f-292c2380923f-16669527608824c2d7-0","template--16121886146745__01e6cd6e-9094-4e0d-9d2f-292c2380923f-16669527608824c2d7-1"],"settings":{"desktop_content_position":"center","content_alignment":"left","color_scheme":"background-1","full_width":false,"reductible":false,"max_width":100,"padding_top":40,"padding_bottom":52}}},"order":["0ab5b301-bb9f-4a34-870b-ac195dfd212c","main","fe5897f3-e603-4215-9c2a-92af65a79006","01e6cd6e-9094-4e0d-9d2f-292c2380923f"]}