{"sections":{"main":{"type":"main-page","disabled":true,"settings":{"show_heading":true,"text_style":"text","content_alignment":"left","max_width":100,"padding_top":28,"padding_bottom":28}},"rich_text_dkVGCb":{"type":"rich-text","blocks":{"heading_zCrGJA":{"type":"heading","settings":{"heading":"<p>Créer un compte<\/p>","heading_size":"h2","heading_color_part1":"#21306b","heading_color_part2":"#ef6a20","no_color":true,"animate":false}},"text_y64ixt":{"type":"text","settings":{"text":"<p>Complétez ce formulaire de création de compte (tous les champs sont obligatoires pour un meilleur accompagnement).<\/p>","text_color":"#21306b","text_style":"classic","text_size":"small"}}},"block_order":["heading_zCrGJA","text_y64ixt"],"settings":{"desktop_content_position":"center","content_alignment":"center","color_scheme":"background-1","full_width":true,"reductible":false,"max_width":100,"padding_top":40,"padding_bottom":52}},"1729504075f76494f0":{"type":"apps","blocks":{"forms_inline_nF9bDh":{"type":"shopify:\/\/apps\/forms\/blocks\/inline\/8744a304-fcb1-4347-b211-bb6b4759a76a","settings":{"form_id":"137508","text_color":"#202020","button_background_color":"#202020","button_label_color":"#ffffff","links_color":"#ef6a20","errors_color":"#e02229","text_alignment":"center","form_alignment":"center","padding_top":0,"padding_bottom":0,"padding_right":0,"padding_left":0}}},"block_order":["forms_inline_nF9bDh"],"settings":{"include_margins":true}}},"order":["main","rich_text_dkVGCb","1729504075f76494f0"]}