{"sections":{"177f7a2d-2442-4e79-bea4-a2f887c5618e":{"type":"image-banner","blocks":{"template--16113771315385__177f7a2d-2442-4e79-bea4-a2f887c5618e-1666338426b8be1eac-0":{"type":"heading","settings":{"heading":"{{ page.title }}","heading_size":"h1"}},"template--16113771315385__177f7a2d-2442-4e79-bea4-a2f887c5618e-1666338426b8be1eac-1":{"type":"text","settings":{"text":"DE L'IDÉE À VOS PIEDS","text_style":"subtitle"}}},"block_order":["template--16113771315385__177f7a2d-2442-4e79-bea4-a2f887c5618e-1666338426b8be1eac-0","template--16113771315385__177f7a2d-2442-4e79-bea4-a2f887c5618e-1666338426b8be1eac-1"],"settings":{"image":"shopify:\/\/shop_images\/Perpi-scaled.webp","video":"shopify:\/\/files\/videos\/Sequence-01_1.hevc.mp4","image_overlay_opacity":0,"image_height":"medium","adapt_height_first_image":false,"desktop_content_position":"middle-center","show_text_box":false,"desktop_content_alignment":"center","color_scheme":"background-1","mobile_content_alignment":"center","mobile_content_position":"middle-center","stack_images_on_mobile":true,"show_text_below":false}},"main":{"type":"main-page","settings":{"show_heading":false,"text_style":"subtitle","content_alignment":"center","max_width":60,"padding_top":40,"padding_bottom":40}},"cf114324-f216-4748-86d1-3ef056990efb":{"type":"image-with-text","blocks":{"template--16113771315385__cf114324-f216-4748-86d1-3ef056990efb-166633901024b2f65a-0":{"type":"heading","settings":{"heading":"Fabrication française","heading_size":"h2","heading_color":"#003b9a","img_replacement":false,"heading_alignment":"left"}},"template--16113771315385__cf114324-f216-4748-86d1-3ef056990efb-166633901024b2f65a-1":{"type":"text","settings":{"text":"<p>Toutes nos espadrilles sont fabriquées dans un atelier familial à Mauléon, capitale de la Soule en Pays basque. De la découpe de la toile en passant par l’encollage jusqu’à la couture de l’étiquette, chaque étape est réalisée dans cet atelier aux mains d’artisans passionnés. Perpétuant une tradition ancestrale, la fabrication de nos espadrilles se fait dans le respect du savoir-faire artisanal. Créé il y a plus de 150 ans, cet atelier à taille humaine fait preuve d’une grande maîtrise de toutes les étapes du montage de l’espadrille.<br\/>Sélectionnées avec soin, nos matières s’inscrivent pleinement dans une démarche responsable : du coton recyclé pour nos espadrilles unies, de l’encre végétale pour teindre nos toiles, de la corde naturelle pour toutes nos semelles intérieures et du caoutchouc recyclé pour la partie extérieure. Nous avons aussi choisi une couture moderne en fil de nylon pour tous nos produits afin de leur offrir une meilleure résistance et plus de durabilité.<\/p>","text_style":"body","text_column":1,"text_color":"#003b9a","img_replacement":false,"text_alignment":"left"}}},"block_order":["template--16113771315385__cf114324-f216-4748-86d1-3ef056990efb-166633901024b2f65a-0","template--16113771315385__cf114324-f216-4748-86d1-3ef056990efb-166633901024b2f65a-1"],"settings":{"image":"shopify:\/\/shop_images\/article_francaise.webp","height":"adapt","desktop_image_width":"medium","layout":"image_first","full_width":false,"side_side":false,"desktop_content_position":"middle","desktop_content_alignment":"left","content_layout":"no-overlap","no_color":false,"color_scheme":"background-1","background_color":"#ffffff","mobile_content_alignment":"left","padding_top":36,"padding_bottom":36}},"d406db75-7f49-474f-8bd7-4ed6bbffcfdb":{"type":"footer-multicolumn","settings":{"layout":"full_bleed","image_maxwidth":48,"columns_desktop":3,"column_alignment":"left","background_style":"primary","color_scheme":"background-1","background_color":"","columns_mobile":"1","padding_top":36,"padding_bottom":36}},"cd1e1364-2394-4382-8c1c-8cc12d698452":{"type":"multicolumn","blocks":{"template--16117677588665__cd1e1364-2394-4382-8c1c-8cc12d698452-167473355285c5d68e-2":{"type":"column","settings":{"title":"80%","text":"<p><strong>DES ESPADRILLES VENDUES EN FRANCE SONT IMPORTÉES DE L'ÉTRANGER.<\/strong><\/p>","link_label":"","link":"","block_color":"#ef6a20","show_text_box":true,"animate":true}}},"block_order":["template--16117677588665__cd1e1364-2394-4382-8c1c-8cc12d698452-167473355285c5d68e-2"],"settings":{"title":"","heading_size":"h1","image_width":"full","image_ratio":"adapt","columns_desktop":1,"full_width":true,"column_alignment":"center","background_style":"none","button_label":"","button_link":"","color_scheme":"background-1","columns_mobile":"1","swipe_on_mobile":false,"padding_top":36,"padding_bottom":72}},"e1574466-ccfd-4d8a-adcb-a1831936b435":{"type":"image-banner","blocks":{"template--16116675805369__e1574466-ccfd-4d8a-adcb-a1831936b435-16666208869d0bf684-0":{"type":"heading","settings":{"heading":"Les petites mains","heading_size":"h2"}},"template--16116675805369__e1574466-ccfd-4d8a-adcb-a1831936b435-16666208869d0bf684-1":{"type":"text","settings":{"text":"Fabriquer en France, ce n’est pas qu’une question de savoir-faire. Derrière chaque paire d’espadrille Payote, il y a une équipe. Un salaire juste, des congés payés, un cadre de travail sain et sécurisé.","text_style":"body"}}},"block_order":["template--16116675805369__e1574466-ccfd-4d8a-adcb-a1831936b435-16666208869d0bf684-0","template--16116675805369__e1574466-ccfd-4d8a-adcb-a1831936b435-16666208869d0bf684-1"],"settings":{"image":"shopify:\/\/shop_images\/equipe_1.webp","image_overlay_opacity":0,"image_height":"large","adapt_height_first_image":false,"desktop_content_position":"middle-center","show_text_box":false,"desktop_content_alignment":"center","color_scheme":"background-1","mobile_content_alignment":"center","mobile_content_position":"middle-center","stack_images_on_mobile":false,"show_text_below":false}},"bc33ddd0-ff73-47e2-8a99-d31b7d7d997e":{"type":"image-with-text","blocks":{"template--16113771315385__bc33ddd0-ff73-47e2-8a99-d31b7d7d997e-166635914861655db1-0":{"type":"heading","settings":{"heading":"La france | à vos pieds","heading_size":"h2","heading_color":"#003b9a","img_replacement":false,"heading_alignment":"left"}},"template--16113771315385__bc33ddd0-ff73-47e2-8a99-d31b7d7d997e-166635914861655db1-1":{"type":"text","settings":{"text":"<p>Fabriquer en France, ce n’est pas qu’une question de savoir-faire. C’est une exigence pour valoriser nos collaborateurs et garantir leur bien-être. Un salaire juste, des congés payés, un cadre de travail sain et sécurisé, tous les travailleurs de l’industrie textile n’ont pas accès à ce qui est pour nous une évidence. Grâce à notre étroite collaboration avec notre atelier partenaire, nous pouvons nous assurer directement que toutes ces conditions sont remplies.<\/p><p>Nous avons volontairement choisi de travailler avec une petite usine familiale à taille humaine. Partageant les mêmes valeurs, nous avons pu établir une relation de confiance avec ses collaborateurs afin de vous apporter le meilleur de leur savoir-faire.<\/p><p>Fabriquer localement nous a aussi permis de créer 12 emplois en 4 ans en plus des 14 personnes que nous employons indirectement dans l’atelier de Mauléon-Licharre.<\/p>","text_style":"body","text_column":1,"text_color":"#003b9a","img_replacement":false,"text_alignment":"left"}}},"block_order":["template--16113771315385__bc33ddd0-ff73-47e2-8a99-d31b7d7d997e-166635914861655db1-0","template--16113771315385__bc33ddd0-ff73-47e2-8a99-d31b7d7d997e-166635914861655db1-1"],"settings":{"image":"shopify:\/\/shop_images\/equipe_3.webp","height":"adapt","desktop_image_width":"medium","layout":"text_first","full_width":false,"side_side":false,"desktop_content_position":"middle","desktop_content_alignment":"left","content_layout":"no-overlap","no_color":false,"color_scheme":"background-1","background_color":"#ffffff","mobile_content_alignment":"left","padding_top":36,"padding_bottom":36}},"a17fb287-e101-4b12-a57b-d6ec074b21d4":{"type":"image-with-text","blocks":{"template--16116675805369__a17fb287-e101-4b12-a57b-d6ec074b21d4-16666208869e64a0c0-0":{"type":"heading","settings":{"heading":"Innovation","heading_size":"h2","heading_color":"#003b9a","img_replacement":false,"heading_alignment":"left"}},"template--16116675805369__a17fb287-e101-4b12-a57b-d6ec074b21d4-16666208869e64a0c0-1":{"type":"text","settings":{"text":"<p>4 millions. C’est le nombre moyen d’espadrilles vendues en France chaque année. Et pourtant, à l’heure actuelle, seulement 800 000 paires sont fabriquées dans notre pays, le reste venant de Chine et du Bangladesh.<br\/>Au-delà de perpétuer le savoir-faire français, nous nous sommes donné comme mission de le relocaliser. Pour nous, il n’est pas seulement question de produire localement mais surtout d’avoir un impact positif sur notre environnement en innovant et revalorisant l’industrie française.<\/p><p>Ce « rapatriement » se fera bien évidemment progressivement car nous ne disposons pas à l’heure actuelle des unités de production nécessaires pour répondre à l’importante demande. Il s’agit donc d’un véritable investissement en matière de recherche et de développement car il nous faut repenser tout le processus de fabrication de nos espadrilles.<\/p><p>Automatiser une partie des tâches, innover au niveau des machines, nous envisageons toutes les possibilités afin de pouvoir fabriquer en plus grande quantité tout en respectant le caractère artisanal et local de l’espadrille.<br\/>L’objectif de cette entreprise est d’allier le progrès technologique au talent des artisans français pour que l’espadrille française retrouve la place qui lui est due. Nous œuvrons pour qu’un jour les 4 millions de paires vendues en France ne soient plus originaires de l’étranger.<\/p>","text_style":"body","text_column":1,"text_color":"#003b9a","img_replacement":false,"text_alignment":"left"}}},"block_order":["template--16116675805369__a17fb287-e101-4b12-a57b-d6ec074b21d4-16666208869e64a0c0-0","template--16116675805369__a17fb287-e101-4b12-a57b-d6ec074b21d4-16666208869e64a0c0-1"],"settings":{"image":"shopify:\/\/shop_images\/innovation.webp","height":"adapt","desktop_image_width":"medium","layout":"image_first","full_width":false,"side_side":false,"desktop_content_position":"middle","desktop_content_alignment":"left","content_layout":"no-overlap","no_color":true,"color_scheme":"background-1","background_color":"#ffffff","mobile_content_alignment":"left","padding_top":36,"padding_bottom":36}},"bd99f344-2b61-47af-a864-e5595ec154db":{"type":"rich-text","blocks":{"template--16117677588665__bd99f344-2b61-47af-a864-e5595ec154db-166669176019846e24-0":{"type":"heading","settings":{"heading":"<p> | Transparence | est le mot d'ordre pour établir une relation de confiance vous offrant un gage de | qualité unique | . De l'idée au produit fini, nous vous partageons toutes les étapes de création de nos produits.<\/p>","heading_size":"h3","heading_color_part1":"#003b9a","heading_color_part2":"#ef6a20","no_color":false,"animate":false}}},"block_order":["template--16117677588665__bd99f344-2b61-47af-a864-e5595ec154db-166669176019846e24-0"],"settings":{"desktop_content_position":"center","content_alignment":"center","color_scheme":"background-1","full_width":false,"reductible":false,"max_width":70,"padding_top":0,"padding_bottom":0}},"9975b4a5-34b7-4cad-9666-f929b2e4f610":{"type":"multicolumn","blocks":{"template--16116675805369__9975b4a5-34b7-4cad-9666-f929b2e4f610-1666622439f055c376-1":{"type":"column","settings":{"image":"shopify:\/\/shop_images\/Perpi_menu.webp","title":"Nos premiers pas","text":"","link_label":"","link":"shopify:\/\/pages\/nos-premiers-pas","block_color":"#21306b","show_text_box":false,"animate":false}},"template--16116675805369__9975b4a5-34b7-4cad-9666-f929b2e4f610-1666622439f055c376-2":{"type":"column","settings":{"image":"shopify:\/\/shop_images\/recycle.webp","title":"Recyclage","text":"","link_label":"","link":"shopify:\/\/pages\/engagement-environnement","block_color":"#21306b","show_text_box":false,"animate":false}},"8442b9a5-1e05-426f-8cf7-864863745589":{"type":"column","settings":{"image":"shopify:\/\/shop_images\/nos_actions_menu.webp","title":"Nos actions","text":"","link_label":"","link":"shopify:\/\/pages\/nos-actions","block_color":"#21306b","show_text_box":false,"animate":false}}},"block_order":["template--16116675805369__9975b4a5-34b7-4cad-9666-f929b2e4f610-1666622439f055c376-1","template--16116675805369__9975b4a5-34b7-4cad-9666-f929b2e4f610-1666622439f055c376-2","8442b9a5-1e05-426f-8cf7-864863745589"],"settings":{"title":"","heading_size":"h2","image_width":"half","image_ratio":"square","columns_desktop":3,"full_width":false,"column_alignment":"center","background_style":"primary","button_label":"","button_link":"","color_scheme":"background-1","columns_mobile":"1","swipe_on_mobile":false,"padding_top":100,"padding_bottom":100}}},"order":["177f7a2d-2442-4e79-bea4-a2f887c5618e","main","cf114324-f216-4748-86d1-3ef056990efb","d406db75-7f49-474f-8bd7-4ed6bbffcfdb","cd1e1364-2394-4382-8c1c-8cc12d698452","e1574466-ccfd-4d8a-adcb-a1831936b435","bc33ddd0-ff73-47e2-8a99-d31b7d7d997e","a17fb287-e101-4b12-a57b-d6ec074b21d4","bd99f344-2b61-47af-a864-e5595ec154db","9975b4a5-34b7-4cad-9666-f929b2e4f610"]}