{"sections":{"main":{"type":"main-page","disabled":true,"settings":{"show_heading":true,"text_style":"text","content_alignment":"left","max_width":100,"padding_top":28,"padding_bottom":28}},"rich_text_CLdanx":{"type":"rich-text","blocks":{"heading_xtqTPk":{"type":"heading","settings":{"heading":"<p>Accèder à votre compte Payote<\/p>","heading_size":"h2","heading_color_part1":"#21306b","heading_color_part2":"#ef6a20","no_color":true,"animate":false}},"button_RTKeAd":{"type":"button","settings":{"button_label":"J'ai un compte","button_link":"https:\/\/shopify.com\/63613436089\/account","button_style_secondary":false,"button_label_2":"","button_link_2":"","button_style_secondary_2":false,"button_color":"#21306b","button_text_color":"#ffffff"}},"button_B6YyHb":{"type":"button","settings":{"button_label":"Je créer un compte","button_link":"shopify:\/\/pages\/creation-compte-payote","button_style_secondary":false,"button_label_2":"","button_link_2":"https:\/\/shopify.com\/63613436089\/account","button_style_secondary_2":false,"button_color":"#ef6a20","button_text_color":"#ffffff"}}},"block_order":["heading_xtqTPk","button_RTKeAd","button_B6YyHb"],"custom_css":[".rich-text__buttons + .rich-text__buttons {padding-left: 10px;}"],"settings":{"desktop_content_position":"center","content_alignment":"center","color_scheme":"background-1","full_width":true,"reductible":false,"max_width":100,"padding_top":40,"padding_bottom":52}},"rich_text_9WHNie":{"type":"rich-text","settings":{"desktop_content_position":"center","content_alignment":"center","color_scheme":"background-1","full_width":true,"reductible":false,"max_width":100,"padding_top":40,"padding_bottom":52}}},"order":["main","rich_text_CLdanx","rich_text_9WHNie"]}