{"sections":{"177f7a2d-2442-4e79-bea4-a2f887c5618e":{"type":"image-banner","blocks":{"template--16113771315385__177f7a2d-2442-4e79-bea4-a2f887c5618e-1666338426b8be1eac-0":{"type":"heading","settings":{"heading":"PIN PON, le bonnet français qui réchauffe les coeurs !","heading_size":"h1"}},"template--16113771315385__177f7a2d-2442-4e79-bea4-a2f887c5618e-1666338426b8be1eac-1":{"type":"text","settings":{"text":"En collaboration avec ŒUVRE DES PUPILLES ORPHELINS.","text_style":"body"}}},"block_order":["template--16113771315385__177f7a2d-2442-4e79-bea4-a2f887c5618e-1666338426b8be1eac-0","template--16113771315385__177f7a2d-2442-4e79-bea4-a2f887c5618e-1666338426b8be1eac-1"],"settings":{"image":"shopify:\/\/shop_images\/Bonnets-pinpon_44db9fb8-b08f-4036-8458-da35be19a67a.webp","image_overlay_opacity":0,"image_height":"medium","adapt_height_first_image":false,"desktop_content_position":"middle-center","show_text_box":false,"desktop_content_alignment":"center","color_scheme":"background-1","mobile_content_alignment":"center","mobile_content_position":"middle-center","stack_images_on_mobile":true,"show_text_below":false}},"a74aced9-0b59-40da-9fd8-06a42af8f2db":{"type":"rich-text","blocks":{"2a3f47d0-1a38-4c41-a783-a018d8b28e9f":{"type":"heading","settings":{"heading":"<p>OBJECTIF: 3000 BONNETS \"PIN PON\"<\/p>","heading_size":"h2","heading_color_part1":"#21306b","heading_color_part2":"#ef6a20","no_color":true,"animate":false}},"01929333-f6a7-463e-ac2d-96754a3bc4db":{"type":"text","settings":{"text":"<p>Payote, c'est une aventure de 7 ans qui respire les rencontres, les soutiens sincères, les personnes qui ont été là pour nous depuis le début. C'est un défilé de petits pouces blancs et bleus, de petits cœurs qui illuminent nos photos, de tweets qui se propagent, des retweets qui font du bruit, de messages d'encouragements qui nous réchauffent le cœur... C'est tout cela qui nous fait avancer, qui nous donne la force de poursuivre notre passion. Payote, c'est bien plus qu'une simple espadrille, c'est une communauté engagée, généreuse et pleine d'amour.<\/p>","text_color":"#21306b","text_style":"classic","text_size":"small"}}},"block_order":["2a3f47d0-1a38-4c41-a783-a018d8b28e9f","01929333-f6a7-463e-ac2d-96754a3bc4db"],"settings":{"desktop_content_position":"center","content_alignment":"center","color_scheme":"background-1","full_width":false,"reductible":false,"max_width":100,"padding_top":40,"padding_bottom":0}},"main":{"type":"main-page","disabled":true,"settings":{"show_heading":false,"text_style":"text","content_alignment":"left","max_width":80,"padding_top":40,"padding_bottom":40}},"86d7de33-a398-477a-bbdf-064152d5219e":{"type":"rich-text","settings":{"desktop_content_position":"center","content_alignment":"center","color_scheme":"background-1","full_width":true,"reductible":false,"max_width":100,"padding_top":40,"padding_bottom":52}},"bc33ddd0-ff73-47e2-8a99-d31b7d7d997e":{"type":"image-with-text","blocks":{"template--16113771315385__bc33ddd0-ff73-47e2-8a99-d31b7d7d997e-166635914861655db1-0":{"type":"heading","settings":{"heading":"5€ reversé pour chaque bonnet vendu !","heading_size":"h3","heading_color":"#21306b","img_replacement":false,"heading_alignment":"left"}},"template--16113771315385__bc33ddd0-ff73-47e2-8a99-d31b7d7d997e-166635914861655db1-1":{"type":"text","settings":{"text":"<p>Aujourd'hui, nous voulons exprimer notre gratitude en offrant quelque chose en retour. Et pour cela, nous allons mettre en œuvre notre meilleur savoir-faire : <strong>créer un magnifique produit, issu de l'artisanat français. <\/strong><\/p><p>Ce produit, c'est un bonnet qui vous gardera la tête au chaud cet hiver, confectionné avec amour à Saint-Étienne.<\/p><p>Notre idée derrière ce chouette bonnet, c'est de reverser 5€ de  chaque vente de cette opération à une cause qui nous tient à cœur : <strong>OEUVRE DES PUPILLES ORPHELINS DE FOND D'ENTRAIDE DES SAPEURS-POMPIERS !<\/strong><\/p>","text_style":"body","text_column":1,"text_color":"#21306b","img_replacement":false,"text_alignment":"left"}},"2d159905-76ac-4292-a6e7-c0a1937c33b0":{"type":"button","settings":{"button_label":"Je veux choisir mon bonnet !","button_link":"shopify:\/\/collections\/bonnets-pin-pon","icon":"none","button_color":"#21306b","button_text_color":"#ffffff","img_replacement":false}}},"block_order":["template--16113771315385__bc33ddd0-ff73-47e2-8a99-d31b7d7d997e-166635914861655db1-0","template--16113771315385__bc33ddd0-ff73-47e2-8a99-d31b7d7d997e-166635914861655db1-1","2d159905-76ac-4292-a6e7-c0a1937c33b0"],"settings":{"image":"shopify:\/\/shop_images\/Olivier-3.jpg","height":"adapt","desktop_image_width":"small","layout":"image_first","full_width":false,"side_side":false,"desktop_content_position":"middle","desktop_content_alignment":"left","content_layout":"no-overlap","no_color":true,"color_scheme":"background-2","background_color":"#e4f2fa","mobile_content_alignment":"left","padding_top":0,"padding_bottom":36}},"a33e3fb3-f43a-464a-805d-e7a1c8d7d0b2":{"type":"rich-text","blocks":{"template--16113771315385__a33e3fb3-f43a-464a-805d-e7a1c8d7d0b2-16663390041941521d-0":{"type":"heading","settings":{"heading":"<p>C'EST QUOI L'ŒUVRE DES PUPILLES ORPHELINS ?<\/p>","heading_size":"h2","heading_color_part1":"#21306b","heading_color_part2":"#ef6a20","no_color":true,"animate":false}},"ff5d81fe-9d0c-4aaa-b4f8-f84c10b21f92":{"type":"text","settings":{"text":"<p>L'Œuvre des Pupilles Orphelins des sapeurs-pompiers est une association qui vient en aide aux enfants et aux familles des sapeurs-pompiers décédés en service. Ils fournissent un soutien financier, éducatif et psychologique pour accompagner ces enfants tout au long de leur parcours, ainsi que des aides spécifiques pour les études supérieures. <\/p><p>En soutenant cette association, nous contribuons activement à améliorer la vie de ces jeunes qui ont perdu un être cher et qui méritent notre soutien. En achetant nos bonnets, vous joignez vos forces aux nôtres pour offrir une aide concrète à ces enfants et familles touchés par une tragédie.<\/p>","text_color":"#21306b","text_style":"classic","text_size":"small"}},"59157c1c-8397-4cb4-b0e8-5a3756743b42":{"type":"heading","settings":{"heading":"","heading_size":"h2","heading_color_part1":"#21306b","heading_color_part2":"#ef6a20","no_color":false,"animate":false}},"81288610-fc18-4133-b9c8-852dee7ebb09":{"type":"button","settings":{"button_label":"EN SAVOIR PLUS","button_link":"https:\/\/www.pompiers.fr\/oeuvre-des-pupilles","button_style_secondary":false,"button_label_2":"","button_link_2":"","button_style_secondary_2":false,"button_color":"#21306b","button_text_color":"#ffffff"}}},"block_order":["template--16113771315385__a33e3fb3-f43a-464a-805d-e7a1c8d7d0b2-16663390041941521d-0","ff5d81fe-9d0c-4aaa-b4f8-f84c10b21f92","59157c1c-8397-4cb4-b0e8-5a3756743b42","81288610-fc18-4133-b9c8-852dee7ebb09"],"settings":{"desktop_content_position":"center","content_alignment":"center","color_scheme":"background-1","full_width":false,"reductible":false,"max_width":100,"padding_top":40,"padding_bottom":0}},"b01fbcd7-5800-42cc-add4-ac21bd4c5c8e":{"type":"rich-text","blocks":{"template--20119140565322__b01fbcd7-5800-42cc-add4-ac21bd4c5c8e-heading-1":{"type":"heading","settings":{"heading":"","heading_size":"h2","heading_color_part1":"#21306b","heading_color_part2":"#ef6a20","no_color":false,"animate":false}},"template--20119140565322__b01fbcd7-5800-42cc-add4-ac21bd4c5c8e-text-1":{"type":"text","settings":{"text":"","text_color":"#21306b","text_style":"classic","text_size":"small"}}},"block_order":["template--20119140565322__b01fbcd7-5800-42cc-add4-ac21bd4c5c8e-heading-1","template--20119140565322__b01fbcd7-5800-42cc-add4-ac21bd4c5c8e-text-1"],"settings":{"desktop_content_position":"center","content_alignment":"center","color_scheme":"background-1","full_width":true,"reductible":false,"max_width":100,"padding_top":40,"padding_bottom":52}},"21a2b715-9bd6-48c8-bf6c-1c7b1bb0afbe":{"type":"image-banner","blocks":{"template--20119140565322__21a2b715-9bd6-48c8-bf6c-1c7b1bb0afbe-heading-1":{"type":"heading","settings":{"heading":"","heading_size":"h2"}},"template--20119140565322__21a2b715-9bd6-48c8-bf6c-1c7b1bb0afbe-text-1":{"type":"text","settings":{"text":"","text_style":"body"}},"template--20119140565322__21a2b715-9bd6-48c8-bf6c-1c7b1bb0afbe-buttons-1":{"type":"buttons","settings":{"button_label_1":"","button_link_1":"","button_style_secondary_1":false,"button_label_2":"","button_link_2":"","button_style_secondary_2":false}}},"block_order":["template--20119140565322__21a2b715-9bd6-48c8-bf6c-1c7b1bb0afbe-heading-1","template--20119140565322__21a2b715-9bd6-48c8-bf6c-1c7b1bb0afbe-text-1","template--20119140565322__21a2b715-9bd6-48c8-bf6c-1c7b1bb0afbe-buttons-1"],"settings":{"image":"shopify:\/\/shop_images\/odp_home_slide1.jpg","image_overlay_opacity":0,"image_height":"medium","adapt_height_first_image":false,"desktop_content_position":"middle-center","show_text_box":false,"desktop_content_alignment":"center","color_scheme":"background-1","mobile_content_alignment":"center","mobile_content_position":"middle-center","stack_images_on_mobile":true,"show_text_below":true}},"6c7383fd-9a70-4ffa-abbd-686aee93e491":{"type":"rich-text","blocks":{"template--19922755322186__6c7383fd-9a70-4ffa-abbd-686aee93e491-heading-1":{"type":"heading","settings":{"heading":"<p>Vous oeuvrez pour la | bonne cause !<\/p>","heading_size":"h2","heading_color_part1":"#21306b","heading_color_part2":"#ef6a20","no_color":false,"animate":false}},"template--19922755322186__6c7383fd-9a70-4ffa-abbd-686aee93e491-text-1":{"type":"text","settings":{"text":"<p>Chaque bonnet vendu représente un pas de plus vers un avenir meilleur pour eux. Vous pouvez être fiers de votre contribution et de l'impact positif que vous aidez à réaliser. Nous sommes également fiers de souligner que ces bonnets sont fabriqués en France, par des artisans qui bénéficient de conditions de travail équitables. Votre achat soutient à la fois les personnes dans le besoin et les entreprises locales, ce qui permet de promouvoir l'emploi et le savoir-faire français. Nous avons la chance de pouvoir apporter notre soutien et nous vous invitons à vous joindre à nous dans cette action. Ensemble, nous pouvons faire une différence.<\/p>","text_color":"#21306b","text_style":"classic","text_size":"small"}}},"block_order":["template--19922755322186__6c7383fd-9a70-4ffa-abbd-686aee93e491-heading-1","template--19922755322186__6c7383fd-9a70-4ffa-abbd-686aee93e491-text-1"],"custom_css":[".rich-text__buttons {margin-top: 30px;}"],"settings":{"desktop_content_position":"center","content_alignment":"center","color_scheme":"background-1","full_width":false,"reductible":false,"max_width":100,"padding_top":40,"padding_bottom":52}},"96ed341c-0087-4535-b6e7-e956d9a4784c":{"type":"featured-collection","settings":{"title":"","heading_size":"h1","description":"","show_description":false,"description_style":"body","collection":"bonnets-pin-pon","products_to_show":4,"columns_desktop":4,"full_width":false,"show_view_all":true,"view_all_style":"solid","enable_desktop_slider":false,"slider_visual":"counter","auto_rotate":false,"change_slides_speed":5,"change_slides_per_page":1,"color_scheme":"background-1","image_ratio":"adapt","show_secondary_image":false,"show_vendor":false,"show_rating":false,"enable_quick_add":false,"columns_mobile":"2","swipe_on_mobile":false,"padding_top":36,"padding_bottom":36}},"a4cc752f-09e3-492e-bbc3-c98854166a1e":{"type":"rich-text","blocks":{"template--16113771315385__a4cc752f-09e3-492e-bbc3-c98854166a1e-166634402475ae89cf-0":{"type":"heading","settings":{"heading":"<p>Un peu | d'inspiration...<\/p>","heading_size":"h2","heading_color_part1":"#21306b","heading_color_part2":"#ef6a20","no_color":false,"animate":false}},"b623d3a5-d19b-4766-9219-65e767178929":{"type":"text","settings":{"text":"<p>Alors, rejoignez la communauté des fous de l'<strong>Espakit<\/strong> et commandez votre kit dès maintenant. Des espadrilles folles et délirantes vous attendent, prêtes à faire de vos pieds des œuvres d'art ambulantes !<\/p>","text_color":"#21306b","text_style":"classic","text_size":"small"}}},"block_order":["template--16113771315385__a4cc752f-09e3-492e-bbc3-c98854166a1e-166634402475ae89cf-0","b623d3a5-d19b-4766-9219-65e767178929"],"disabled":true,"settings":{"desktop_content_position":"center","content_alignment":"center","color_scheme":"background-1","full_width":false,"reductible":false,"max_width":100,"padding_top":52,"padding_bottom":52}},"b4e69a9e-ae8b-4942-964e-ea148515bc81":{"type":"slideshow","blocks":{"template--16113771315385__b4e69a9e-ae8b-4942-964e-ea148515bc81-1666339010c267e857-0":{"type":"slide","settings":{"image":"shopify:\/\/shop_images\/brode3.webp","heading":"","heading_size":"h1","subheading":"","button_label":"","link":"","button_style_secondary":false,"link_on_slide":true,"box_align":"middle-center","show_text_box":false,"text_alignment":"center","image_overlay_opacity":0,"color_scheme":"background-1","text_alignment_mobile":"center","mobile_box_align":"middle-center"}},"template--16113771315385__b4e69a9e-ae8b-4942-964e-ea148515bc81-1666339010c267e857-1":{"type":"slide","settings":{"image":"shopify:\/\/shop_images\/brode8.webp","heading":"","heading_size":"h1","subheading":"","button_label":"","link":"","button_style_secondary":false,"link_on_slide":true,"box_align":"middle-center","show_text_box":false,"text_alignment":"center","image_overlay_opacity":0,"color_scheme":"background-1","text_alignment_mobile":"center","mobile_box_align":"middle-center"}},"a69e0466-3411-4c40-9487-24b52d8015a1":{"type":"slide","settings":{"image":"shopify:\/\/shop_images\/brode4.webp","heading":"","heading_size":"h1","subheading":"","button_label":"","link":"","button_style_secondary":false,"link_on_slide":true,"box_align":"middle-center","show_text_box":false,"text_alignment":"center","image_overlay_opacity":0,"color_scheme":"background-1","text_alignment_mobile":"center","mobile_box_align":"middle-center"}},"a3fc7b92-975c-4899-b84f-6b51633bec28":{"type":"slide","settings":{"image":"shopify:\/\/shop_images\/brode2.webp","heading":"","heading_size":"h1","subheading":"","button_label":"","link":"","button_style_secondary":false,"link_on_slide":true,"box_align":"middle-center","show_text_box":false,"text_alignment":"center","image_overlay_opacity":0,"color_scheme":"background-1","text_alignment_mobile":"center","mobile_box_align":"middle-center"}},"09e95e92-2ced-47d1-ad63-42f85f453439":{"type":"slide","settings":{"image":"shopify:\/\/shop_images\/brode5.webp","heading":"","heading_size":"h1","subheading":"","button_label":"","link":"","button_style_secondary":false,"link_on_slide":true,"box_align":"middle-center","show_text_box":false,"text_alignment":"center","image_overlay_opacity":0,"color_scheme":"background-1","text_alignment_mobile":"center","mobile_box_align":"middle-center"}},"76f2fbcd-7698-4778-89b4-ac4f950a6c41":{"type":"slide","settings":{"image":"shopify:\/\/shop_images\/brode7.webp","heading":"","heading_size":"h1","subheading":"","button_label":"","link":"","button_style_secondary":false,"link_on_slide":true,"box_align":"middle-center","show_text_box":false,"text_alignment":"center","image_overlay_opacity":0,"color_scheme":"background-1","text_alignment_mobile":"center","mobile_box_align":"middle-center"}},"135eac9e-e2d3-447c-988a-1420b9e5c8ce":{"type":"slide","settings":{"image":"shopify:\/\/shop_images\/brode1.webp","heading":"","heading_size":"h1","subheading":"","button_label":"","link":"","button_style_secondary":false,"link_on_slide":true,"box_align":"middle-center","show_text_box":false,"text_alignment":"center","image_overlay_opacity":0,"color_scheme":"background-1","text_alignment_mobile":"center","mobile_box_align":"middle-center"}},"e88bcd52-fddf-4de5-8d80-6d51efe5536b":{"type":"slide","settings":{"image":"shopify:\/\/shop_images\/brode6.webp","heading":"","heading_size":"h1","subheading":"","button_label":"","link":"","button_style_secondary":false,"link_on_slide":true,"box_align":"middle-center","show_text_box":false,"text_alignment":"center","image_overlay_opacity":0,"color_scheme":"background-1","text_alignment_mobile":"center","mobile_box_align":"middle-center"}}},"block_order":["template--16113771315385__b4e69a9e-ae8b-4942-964e-ea148515bc81-1666339010c267e857-0","template--16113771315385__b4e69a9e-ae8b-4942-964e-ea148515bc81-1666339010c267e857-1","a69e0466-3411-4c40-9487-24b52d8015a1","a3fc7b92-975c-4899-b84f-6b51633bec28","09e95e92-2ced-47d1-ad63-42f85f453439","76f2fbcd-7698-4778-89b4-ac4f950a6c41","135eac9e-e2d3-447c-988a-1420b9e5c8ce","e88bcd52-fddf-4de5-8d80-6d51efe5536b"],"disabled":true,"settings":{"layout":"full_bleed","slide_height":"small","slider_visual":"false","auto_rotate":true,"change_slides_speed":3,"change_slides_per_page":1,"change_slides_to_show":4,"show_text_below":false,"accessibility_info":"Un peu d'inspiration pour les espadrilles brodées"}},"cf114324-f216-4748-86d1-3ef056990efb":{"type":"image-with-text","blocks":{"template--16113771315385__cf114324-f216-4748-86d1-3ef056990efb-166633901024b2f65a-0":{"type":"heading","settings":{"heading":"| ils ont déjà écrit :","heading_size":"h3","heading_color":"#21306b","img_replacement":false,"heading_alignment":"left"}},"template--16113771315385__cf114324-f216-4748-86d1-3ef056990efb-166633901024b2f65a-1":{"type":"text","settings":{"text":"<p>Besoin d’inspiration pour <strong>broder votre Payote<\/strong> ? Voilà une petite liste des messages les plus populaires : Super Papa, Super Maman, des initiales, une date de rencontre ou de mariage, Mon amour, Je t’aime, Carpe Diem, Mon pilier.<br\/><br\/><strong>Le Jour J en espadrilles !<\/strong><\/p><p>Envie de mettre la France à vos pieds le Jour J ? Pour les mariages, les espadrilles brodées seront une superbe idée pour laisser un souvenir aux invités. Elles iront à merveille avec un thème champêtre ou bohème grâce à leurs coupes minimalistes et leur semelles en corde naturelle. Si vous souhaitez faire un devis pour une commande d’espadrilles brodées, n’hésitez pas à nous contacter à mathilde@payote.fr. Quelques idées de messages pour un mariage : Team Mariée, Team Témoin, initiales sur un pied et date de mariage sur l’autre… Les possibilités sont très variées !<\/p>","text_style":"body","text_column":1,"text_color":"#21306b","img_replacement":false,"text_alignment":"left"}},"template--16113771315385__cf114324-f216-4748-86d1-3ef056990efb-166633901024b2f65a-2":{"type":"button","settings":{"button_label":"Je veux ma paire !","button_link":"shopify:\/\/products\/espadrille-beige-pour-mariage","icon":"none","button_color":"#21306b","button_text_color":"#ffffff","img_replacement":false}}},"block_order":["template--16113771315385__cf114324-f216-4748-86d1-3ef056990efb-166633901024b2f65a-0","template--16113771315385__cf114324-f216-4748-86d1-3ef056990efb-166633901024b2f65a-1","template--16113771315385__cf114324-f216-4748-86d1-3ef056990efb-166633901024b2f65a-2"],"disabled":true,"settings":{"image":"shopify:\/\/shop_images\/Espadrilles_brodees_Dolce_Vita_Blanc_dore.webp","height":"adapt","desktop_image_width":"small","layout":"text_first","full_width":false,"side_side":false,"desktop_content_position":"middle","desktop_content_alignment":"left","content_layout":"no-overlap","no_color":false,"color_scheme":"background-2","background_color":"#ffffff","mobile_content_alignment":"left","padding_top":36,"padding_bottom":36}},"e9bf22ff-fee2-437c-8c75-554aa97d184b":{"type":"rich-text","blocks":{"template--16113771315385__e9bf22ff-fee2-437c-8c75-554aa97d184b-1666349802d83d935d-0":{"type":"heading","settings":{"heading":"<p><strong>Chaque bonnet sera vendu 39€ dont 5€ seront reversés à<\/strong> | <strong>L'Œuvre des Pupilles Orphelins des sapeurs-pompiers !<\/strong><\/p>","heading_size":"h3","heading_color_part1":"#21306b","heading_color_part2":"#ef6a20","no_color":false,"animate":false}},"ebe0b34b-b960-413d-a6aa-e9e6c5131a38":{"type":"heading","settings":{"heading":"","heading_size":"h2","heading_color_part1":"#21306b","heading_color_part2":"#ef6a20","no_color":false,"animate":false}}},"block_order":["template--16113771315385__e9bf22ff-fee2-437c-8c75-554aa97d184b-1666349802d83d935d-0","ebe0b34b-b960-413d-a6aa-e9e6c5131a38"],"settings":{"desktop_content_position":"center","content_alignment":"center","color_scheme":"background-1","full_width":true,"reductible":false,"max_width":100,"padding_top":20,"padding_bottom":0}}},"order":["177f7a2d-2442-4e79-bea4-a2f887c5618e","a74aced9-0b59-40da-9fd8-06a42af8f2db","main","86d7de33-a398-477a-bbdf-064152d5219e","bc33ddd0-ff73-47e2-8a99-d31b7d7d997e","a33e3fb3-f43a-464a-805d-e7a1c8d7d0b2","b01fbcd7-5800-42cc-add4-ac21bd4c5c8e","21a2b715-9bd6-48c8-bf6c-1c7b1bb0afbe","6c7383fd-9a70-4ffa-abbd-686aee93e491","96ed341c-0087-4535-b6e7-e956d9a4784c","a4cc752f-09e3-492e-bbc3-c98854166a1e","b4e69a9e-ae8b-4942-964e-ea148515bc81","cf114324-f216-4748-86d1-3ef056990efb","e9bf22ff-fee2-437c-8c75-554aa97d184b"]}