{"sections":{"177f7a2d-2442-4e79-bea4-a2f887c5618e":{"type":"image-banner","blocks":{"template--16113771315385__177f7a2d-2442-4e79-bea4-a2f887c5618e-1666338426b8be1eac-0":{"type":"heading","settings":{"heading":"{{ page.title }}","heading_size":"h1"}},"template--16113771315385__177f7a2d-2442-4e79-bea4-a2f887c5618e-1666338426b8be1eac-1":{"type":"text","settings":{"text":"UN PETIT PAS POUR L’HOMME, UN GRAND PAS POUR LES OCÉANS","text_style":"subtitle"}}},"block_order":["template--16113771315385__177f7a2d-2442-4e79-bea4-a2f887c5618e-1666338426b8be1eac-0","template--16113771315385__177f7a2d-2442-4e79-bea4-a2f887c5618e-1666338426b8be1eac-1"],"settings":{"image":"shopify:\/\/shop_images\/recyclez-scaled.webp","image_overlay_opacity":0,"image_height":"medium","adapt_height_first_image":false,"desktop_content_position":"middle-center","show_text_box":false,"desktop_content_alignment":"center","color_scheme":"background-1","mobile_content_alignment":"center","mobile_content_position":"middle-center","stack_images_on_mobile":true,"show_text_below":false}},"main":{"type":"main-page","settings":{"show_heading":false,"text_style":"subtitle","content_alignment":"center","max_width":55,"padding_top":40,"padding_bottom":40}},"cf114324-f216-4748-86d1-3ef056990efb":{"type":"image-with-text","blocks":{"template--16113771315385__cf114324-f216-4748-86d1-3ef056990efb-166633901024b2f65a-0":{"type":"heading","settings":{"heading":"Les déchets","heading_size":"h2","heading_color":"#003b9a","img_replacement":false,"heading_alignment":"left"}},"template--16113771315385__cf114324-f216-4748-86d1-3ef056990efb-166633901024b2f65a-1":{"type":"text","settings":{"text":"<p>Chaque année, 8 millions de tonnes de déchets sont déversées dans nos mers et océans. De plus en plus d’initiatives ont été mises en place au niveau de l’État pour endiguer ce phénomène mais elles sont loin d’être suffisantes face à l’ampleur des dégâts. Sensibiliser le public à cette réalité alarmante est au cœur de nos préoccupations.<\/p>","text_style":"body","text_column":1,"text_color":"#003b9a","img_replacement":false,"text_alignment":"left"}}},"block_order":["template--16113771315385__cf114324-f216-4748-86d1-3ef056990efb-166633901024b2f65a-0","template--16113771315385__cf114324-f216-4748-86d1-3ef056990efb-166633901024b2f65a-1"],"settings":{"image":"shopify:\/\/shop_images\/dechets_plastiques_mer.webp","height":"adapt","desktop_image_width":"medium","layout":"image_first","full_width":false,"side_side":false,"desktop_content_position":"middle","desktop_content_alignment":"left","content_layout":"no-overlap","no_color":false,"color_scheme":"background-1","background_color":"#ffffff","mobile_content_alignment":"left","padding_top":36,"padding_bottom":36}},"460a216d-2635-4263-811e-f5e602f12b10":{"type":"multicolumn","blocks":{"template--16117920039097__460a216d-2635-4263-811e-f5e602f12b10-1666702500aa5d40ab-0":{"type":"column","settings":{"title":"80%","text":"<p>des déchets marins<br\/>viennent de la terre.<\/p>","link_label":"","link":"","block_color":"#003b9a","show_text_box":true,"animate":true}},"template--16117920039097__460a216d-2635-4263-811e-f5e602f12b10-1666702500aa5d40ab-1":{"type":"column","settings":{"title":"600000","text":"<p>tonnes de déchets plastiques sont rejetées dans la mer méditerranée chaque année.<\/p>","link_label":"","link":"","block_color":"#003b9a","show_text_box":true,"animate":true}},"template--16117920039097__460a216d-2635-4263-811e-f5e602f12b10-1666702500aa5d40ab-2":{"type":"column","settings":{"title":"24","text":"<p>millions de tonnes de déchets plastiques sont produites par les 22 pays de la région méditerranéenne.<\/p>","link_label":"","link":"","block_color":"#003b9a","show_text_box":true,"animate":true}}},"block_order":["template--16117920039097__460a216d-2635-4263-811e-f5e602f12b10-1666702500aa5d40ab-0","template--16117920039097__460a216d-2635-4263-811e-f5e602f12b10-1666702500aa5d40ab-1","template--16117920039097__460a216d-2635-4263-811e-f5e602f12b10-1666702500aa5d40ab-2"],"settings":{"title":"","heading_size":"h1","image_width":"full","image_ratio":"adapt","columns_desktop":3,"full_width":false,"column_alignment":"center","background_style":"none","button_label":"","button_link":"","color_scheme":"background-1","columns_mobile":"1","swipe_on_mobile":false,"padding_top":36,"padding_bottom":36}},"e1574466-ccfd-4d8a-adcb-a1831936b435":{"type":"image-banner","blocks":{"template--16116675805369__e1574466-ccfd-4d8a-adcb-a1831936b435-16666208869d0bf684-0":{"type":"heading","settings":{"heading":"","heading_size":"h2"}}},"block_order":["template--16116675805369__e1574466-ccfd-4d8a-adcb-a1831936b435-16666208869d0bf684-0"],"settings":{"video":"shopify:\/\/files\/videos\/PAYOTE-Collecte-1.hevc.mp4","image_overlay_opacity":0,"image_height":"medium","adapt_height_first_image":false,"desktop_content_position":"bottom-right","show_text_box":false,"desktop_content_alignment":"right","color_scheme":"background-1","mobile_content_alignment":"center","mobile_content_position":"middle-center","stack_images_on_mobile":false,"show_text_below":false}},"367ca160-404b-44c6-8548-d49e52ebec61":{"type":"rich-text","blocks":{"template--16117920039097__367ca160-404b-44c6-8548-d49e52ebec61-167595471146f2317e-1":{"type":"text","settings":{"text":"<p>Collecte de déchets à l'embouchure du Barcarès. 10 tonnes de déchets ramassés. 300 personnes réunies.<\/p>","text_color":"#21306b","text_style":"classic","text_size":"small"}}},"block_order":["template--16117920039097__367ca160-404b-44c6-8548-d49e52ebec61-167595471146f2317e-1"],"settings":{"desktop_content_position":"center","content_alignment":"center","color_scheme":"background-1","full_width":false,"reductible":false,"max_width":100,"padding_top":16,"padding_bottom":60}},"bc33ddd0-ff73-47e2-8a99-d31b7d7d997e":{"type":"image-with-text","blocks":{"template--16113771315385__bc33ddd0-ff73-47e2-8a99-d31b7d7d997e-166635914861655db1-0":{"type":"heading","settings":{"heading":"Seaqual","heading_size":"h2","heading_color":"#003b9a","img_replacement":false,"heading_alignment":"left"}},"template--16113771315385__bc33ddd0-ff73-47e2-8a99-d31b7d7d997e-166635914861655db1-1":{"type":"text","settings":{"text":"<p>Pour agir face à ce fléau, nous nous sommes associés à SEAQUAL, une société espagnole qui s’est donné pour mission de dépolluer les océans en transformant les déchets marins en fibre éco-conçue. Les déchets plastique sont ramassés dans les filets d’une flotte de pécheurs partenaire pour être ensuite triés, classés et transformés en granules de PET (Polyéthylène Téréphtalate) dans un site spécialisé en Espagne. Le Polyéthylène Téréphtalate est une matière plastique 100% recyclable utilisée dans la fabrication de divers produits du quotidien comme les emballages d’aliments, les bouteilles en plastique ainsi que les fibres vestimentaires. Seaqual utilise le PET pour fabriquer un fil de haute qualité qui constitue la fibre de ses tissus.<br\/><br\/>Toujours en quête de plus d’éco-responsabilité, leur projet a fortement résonné avec nos valeurs. Nous avons tissé une relation de confiance avec eux pour lutter ensemble pour une mode plus respectueuse de la planète.<\/p>","text_style":"body","text_column":1,"text_color":"#003b9a","img_replacement":false,"text_alignment":"left"}}},"block_order":["template--16113771315385__bc33ddd0-ff73-47e2-8a99-d31b7d7d997e-166635914861655db1-0","template--16113771315385__bc33ddd0-ff73-47e2-8a99-d31b7d7d997e-166635914861655db1-1"],"settings":{"image":"shopify:\/\/shop_images\/article_seaqual.webp","height":"adapt","desktop_image_width":"medium","layout":"text_first","full_width":false,"side_side":false,"desktop_content_position":"middle","desktop_content_alignment":"left","content_layout":"no-overlap","no_color":true,"color_scheme":"background-1","background_color":"#ffffff","mobile_content_alignment":"left","padding_top":36,"padding_bottom":36}},"a17fb287-e101-4b12-a57b-d6ec074b21d4":{"type":"image-with-text","blocks":{"template--16116675805369__a17fb287-e101-4b12-a57b-d6ec074b21d4-16666208869e64a0c0-0":{"type":"heading","settings":{"heading":"Un pas de plus | vers l’éco-responsabilité","heading_size":"h2","heading_color":"#003b9a","img_replacement":false,"heading_alignment":"left"}},"template--16116675805369__a17fb287-e101-4b12-a57b-d6ec074b21d4-16666208869e64a0c0-1":{"type":"text","settings":{"text":"<p>Alliant l’expertise de SEAQUAL à notre passion pour l’artisanat français, nous créons la première espadrille en toile recyclée à partir de déchets de la Méditerranée. Au-delà du choix de la matière, nous avons travaillé sur un motif qui rendrait hommage à l’écosystème marin : une toile d’un bleu profond parée de jolies baleines. Cette alternative aux espadrilles classiques nous permet de faire un pas vers plus d’éco-responsabilité tout en gardant la signature Payote : des matières confortables, une toile originale et la qualité du savoir-faire français.<\/p>","text_style":"body","text_column":1,"text_color":"#003b9a","img_replacement":false,"text_alignment":"left"}}},"block_order":["template--16116675805369__a17fb287-e101-4b12-a57b-d6ec074b21d4-16666208869e64a0c0-0","template--16116675805369__a17fb287-e101-4b12-a57b-d6ec074b21d4-16666208869e64a0c0-1"],"settings":{"image":"shopify:\/\/shop_images\/article_espadrille.webp","height":"adapt","desktop_image_width":"medium","layout":"image_first","full_width":false,"side_side":false,"desktop_content_position":"middle","desktop_content_alignment":"left","content_layout":"no-overlap","no_color":false,"color_scheme":"background-1","background_color":"#ffffff","mobile_content_alignment":"left","padding_top":36,"padding_bottom":36}},"dc61cb15-7c4d-4a5b-be6f-a5a1390f3841":{"type":"rich-text","blocks":{"template--16117920039097__dc61cb15-7c4d-4a5b-be6f-a5a1390f3841-16667074940e49ee6c-0":{"type":"heading","settings":{"heading":"<p>Le projet Phénix \/<\/p>","heading_size":"h3","heading_color_part1":"#003b9a","heading_color_part2":"#ef6a20","no_color":true,"animate":true}},"10f7d494-e9f8-4ee4-a5b8-bf4b12aa148d":{"type":"heading","settings":{"heading":"<p>Démarche éco-responsable \/<\/p>","heading_size":"h3","heading_color_part1":"#ef6a20","heading_color_part2":"#ef6a20","no_color":true,"animate":true}}},"block_order":["template--16117920039097__dc61cb15-7c4d-4a5b-be6f-a5a1390f3841-16667074940e49ee6c-0","10f7d494-e9f8-4ee4-a5b8-bf4b12aa148d"],"settings":{"desktop_content_position":"center","content_alignment":"center","color_scheme":"background-1","full_width":true,"reductible":false,"max_width":100,"padding_top":40,"padding_bottom":52}},"d83b3bfe-6808-4666-93fc-3b0dd26b49c7":{"type":"image-with-text","blocks":{"template--16117920039097__d83b3bfe-6808-4666-93fc-3b0dd26b49c7-1666707497f5ad834f-0":{"type":"heading","settings":{"heading":"« Le meilleur déchet - | c'est celui qu’on ne produit pas | »","heading_size":"h2","heading_color":"#003b9a","img_replacement":false,"heading_alignment":"left"}},"template--16117920039097__d83b3bfe-6808-4666-93fc-3b0dd26b49c7-1666707497f5ad834f-1":{"type":"text","settings":{"text":"<p>Notre projet éco-responsable a continué de se développer en hiver 2020 avec le lancement de nos premiers chaussons éco-conçus. Ces chaussons sont fabriqués en France à partir de fibres de coton qui proviennent de vêtements usagés. Baptisés « Phénix » en clin d’œil à l’animal mythique, ils offrent une « seconde vie » à des vêtements qui auraient normalement fini à la poubelle. C’est un petit pas de plus vers une production axée sur la revalorisation de nos déchets pour limiter notre impact écologique et sensibiliser notre communauté aux enjeux.<\/p>","text_style":"body","text_column":1,"text_color":"#003b9a","img_replacement":false,"text_alignment":"left"}},"b6780e9d-b128-4d19-99bf-4fc203c2dbd4":{"type":"button","settings":{"button_label":"Je veux la mienne","button_link":"shopify:\/\/products\/chausson-espadrille-phenix","icon":"none","button_color":"#003b9a","button_text_color":"#ffffff","img_replacement":false}}},"block_order":["template--16117920039097__d83b3bfe-6808-4666-93fc-3b0dd26b49c7-1666707497f5ad834f-0","template--16117920039097__d83b3bfe-6808-4666-93fc-3b0dd26b49c7-1666707497f5ad834f-1","b6780e9d-b128-4d19-99bf-4fc203c2dbd4"],"settings":{"image":"shopify:\/\/shop_images\/article_eco.webp","height":"adapt","desktop_image_width":"medium","layout":"text_first","full_width":false,"side_side":false,"desktop_content_position":"middle","desktop_content_alignment":"left","content_layout":"no-overlap","no_color":false,"color_scheme":"background-1","background_color":"#ffffff","mobile_content_alignment":"left","padding_top":36,"padding_bottom":36}},"b84448c9-b2a1-4cf7-a141-144036e7b7c3":{"type":"image-with-text","blocks":{"template--16117920039097__b84448c9-b2a1-4cf7-a141-144036e7b7c3-1666707497f5ad834f-0":{"type":"heading","settings":{"heading":"Rien ne se \"paire\" | tout se transforme","heading_size":"h2","heading_color":"#003b9a","img_replacement":false,"heading_alignment":"left"}},"template--16117920039097__b84448c9-b2a1-4cf7-a141-144036e7b7c3-1666707497f5ad834f-1":{"type":"text","settings":{"text":"<p>Vos Payote sont usées ? Ne pensez pas que leur vie s’arrête à vos pieds ! Notre engagement éco-responsable nous a mené à nous creuser la semelle pour trouver une solution durable à la production de déchets. Défi réussi : nous offrirons bientôt une deuxième vie à vos Payote ! Grâce au projet « Un pas d’avance », chacun aura une longueur d’avance sur sa production de déchets en pensant en amont la fin de vie de leurs espadrilles. Le principe est simple : une fois vos Payote fatiguées, nous vous envoyons un bon de livraison pour que vous nous les retourniez.<br\/><br\/>Après réception, elles seront envoyées à notre centre partenaire pour être désassemblées. Toutes les matières qui les composent seront recyclées : le jute servira à faire de l’isolant pour les maisons, le caoutchouc sera utilisé pour créer des tapis de sol et le tissu renaîtra sous de multiples formes comme du rembourrage pour coussins, de la nappe, de l’isolant thermique… Une façon simple et efficace de limiter notre production de déchets et de sublimer les petites Payote en fin de vie. Ce véritable « cercle vertueux de l’espadrille » nous permet d’impliquer tous nos clients dans notre aventure éco-responsable.<\/p>","text_style":"body","text_column":1,"text_color":"#003b9a","img_replacement":false,"text_alignment":"left"}}},"block_order":["template--16117920039097__b84448c9-b2a1-4cf7-a141-144036e7b7c3-1666707497f5ad834f-0","template--16117920039097__b84448c9-b2a1-4cf7-a141-144036e7b7c3-1666707497f5ad834f-1"],"settings":{"image":"shopify:\/\/shop_images\/article_transforme.webp","height":"adapt","desktop_image_width":"medium","layout":"image_first","full_width":false,"side_side":false,"desktop_content_position":"middle","desktop_content_alignment":"left","content_layout":"no-overlap","no_color":false,"color_scheme":"background-1","background_color":"#ffffff","mobile_content_alignment":"left","padding_top":36,"padding_bottom":36}},"eef52288-d343-42d5-a9ab-f47130427120":{"type":"rich-text","blocks":{"template--16117920039097__eef52288-d343-42d5-a9ab-f47130427120-16667074940e49ee6c-0":{"type":"heading","settings":{"heading":"<p>Cuir de raisin \/<\/p>","heading_size":"h3","heading_color_part1":"#003b9a","heading_color_part2":"#ef6a20","no_color":true,"animate":true}},"861a0467-7606-476b-802c-13b111078c6e":{"type":"heading","settings":{"heading":"<p>Nouvelle cuvée \/<\/p>","heading_size":"h3","heading_color_part1":"#ef6a20","heading_color_part2":"#ef6a20","no_color":true,"animate":true}}},"block_order":["template--16117920039097__eef52288-d343-42d5-a9ab-f47130427120-16667074940e49ee6c-0","861a0467-7606-476b-802c-13b111078c6e"],"settings":{"desktop_content_position":"center","content_alignment":"center","color_scheme":"background-1","full_width":true,"reductible":false,"max_width":100,"padding_top":40,"padding_bottom":52}},"2223e316-6e2e-46f0-ac6d-d794184cbade":{"type":"image-with-text","blocks":{"template--16117920039097__2223e316-6e2e-46f0-ac6d-d794184cbade-1666709105e3d19651-0":{"type":"heading","settings":{"heading":"« Lâche la grappe de | marguerite | ! »","heading_size":"h2","heading_color":"#003b9a","img_replacement":false,"heading_alignment":"left"}},"template--16117920039097__2223e316-6e2e-46f0-ac6d-d794184cbade-1666709105e3d19651-1":{"type":"text","settings":{"text":"<p>Jean-Louis, la <strong>première espadrille en cuir de raisin.<\/strong><\/p>","text_style":"body","text_column":1,"text_color":"#003b9a","img_replacement":false,"text_alignment":"left"}},"ba3c19b2-ca7f-409b-ab2c-e6246640efc8":{"type":"text","settings":{"text":"<p>Ce modèle convoque les parfums d’un territoire d’exception aussi bien reconnu pour sa culture du raisin que pour son savoir-faire artisanal. Résultat : une espadrille empreinte de poésie qui vous dévoile une histoire marquée par les parfums des ceps baignés sous le soleil méditerranéen. Une cuvée à savourer toute l’année.<\/p>","text_style":"body","text_column":1,"text_color":"#003b9a","img_replacement":false,"text_alignment":"left"}},"template--16117920039097__2223e316-6e2e-46f0-ac6d-d794184cbade-1666709105e3d19651-2":{"type":"button","settings":{"button_label":"Je veux ma paire !","button_link":"shopify:\/\/products\/espadrille-marc-de-raisin-jean-louis","icon":"none","button_color":"#003b9a","button_text_color":"#ffffff","img_replacement":false}}},"block_order":["template--16117920039097__2223e316-6e2e-46f0-ac6d-d794184cbade-1666709105e3d19651-0","template--16117920039097__2223e316-6e2e-46f0-ac6d-d794184cbade-1666709105e3d19651-1","ba3c19b2-ca7f-409b-ab2c-e6246640efc8","template--16117920039097__2223e316-6e2e-46f0-ac6d-d794184cbade-1666709105e3d19651-2"],"settings":{"image":"shopify:\/\/shop_images\/nouvelle_cuvee_article.webp","height":"adapt","desktop_image_width":"medium","layout":"text_first","full_width":false,"side_side":false,"desktop_content_position":"middle","desktop_content_alignment":"left","content_layout":"no-overlap","no_color":false,"color_scheme":"background-1","background_color":"#ffffff","mobile_content_alignment":"left","padding_top":36,"padding_bottom":36}},"e732cb19-08dc-42ab-8975-da396fc55f6e":{"type":"image-with-text","blocks":{"template--16117920039097__e732cb19-08dc-42ab-8975-da396fc55f6e-1666709105e3d19651-0":{"type":"heading","settings":{"heading":"Limiter au maximum | notre empreinte carbone","heading_size":"h2","heading_color":"#003b9a","img_replacement":false,"heading_alignment":"left"}},"template--16117920039097__e732cb19-08dc-42ab-8975-da396fc55f6e-1666709105e3d19651-1":{"type":"text","settings":{"text":"<p>Limiter au maximum notre empreinte carbone, cela passe aussi par nos emballages. 100% recyclables et fabriqués en France, nos packagings s’inscrivent pleinement dans notre démarche durable. Pour limiter notre production de déchets, nous avons choisi un partenaire qui partage nos valeurs en priorisant les matières recyclées. En accord avec cette initiative responsable, nous partageons quelques idées pour réutiliser nos emballages de façon ludique : baby foot, boîte à vin, boîte à chaussettes… Tout est bon pour sauver un déchet de la poubelle !<\/p>","text_style":"body","text_column":1,"text_color":"#003b9a","img_replacement":false,"text_alignment":"left"}}},"block_order":["template--16117920039097__e732cb19-08dc-42ab-8975-da396fc55f6e-1666709105e3d19651-0","template--16117920039097__e732cb19-08dc-42ab-8975-da396fc55f6e-1666709105e3d19651-1"],"settings":{"image":"shopify:\/\/shop_images\/empreinte_carbonne_article.webp","height":"adapt","desktop_image_width":"medium","layout":"image_first","full_width":false,"side_side":false,"desktop_content_position":"middle","desktop_content_alignment":"left","content_layout":"no-overlap","no_color":false,"color_scheme":"background-1","background_color":"#ffffff","mobile_content_alignment":"left","padding_top":36,"padding_bottom":36}},"8b68f483-f578-448e-87a2-398a5fe786aa":{"type":"rich-text","blocks":{"template--16117920039097__8b68f483-f578-448e-87a2-398a5fe786aa-16667074940e49ee6c-0":{"type":"heading","settings":{"heading":"<p>Découvrez nos | espadrilles recyclées<\/p>","heading_size":"h2","heading_color_part1":"#003b9a","heading_color_part2":"#ef6a20","no_color":false,"animate":false}}},"block_order":["template--16117920039097__8b68f483-f578-448e-87a2-398a5fe786aa-16667074940e49ee6c-0"],"settings":{"desktop_content_position":"center","content_alignment":"center","color_scheme":"background-1","full_width":true,"reductible":false,"max_width":100,"padding_top":40,"padding_bottom":0}},"020bdc93-bb6a-4b53-90ad-9f02060aea22":{"type":"featured-collection","settings":{"title":"","heading_size":"h1","description":"","show_description":false,"description_style":"body","collection":"espadrilles-recyclees","products_to_show":12,"columns_desktop":5,"full_width":true,"show_view_all":false,"view_all_style":"solid","enable_desktop_slider":true,"slider_visual":"dots","auto_rotate":false,"change_slides_speed":5,"change_slides_per_page":1,"color_scheme":"background-1","image_ratio":"adapt","show_secondary_image":false,"show_vendor":false,"show_rating":false,"enable_quick_add":false,"columns_mobile":"2","swipe_on_mobile":true,"padding_top":36,"padding_bottom":0}},"bd99f344-2b61-47af-a864-e5595ec154db":{"type":"rich-text","blocks":{"template--16117677588665__bd99f344-2b61-47af-a864-e5595ec154db-166669176019846e24-0":{"type":"heading","settings":{"heading":"<p> | Limiter notre impact environnemental est fondamental. | nous travaillons à laisser une empreinte positive sur la planète sans faire l'impasse sur le confort de nos produits.<\/p>","heading_size":"h3","heading_color_part1":"#003b9a","heading_color_part2":"#ef6a20","no_color":false,"animate":false}}},"block_order":["template--16117677588665__bd99f344-2b61-47af-a864-e5595ec154db-166669176019846e24-0"],"settings":{"desktop_content_position":"center","content_alignment":"center","color_scheme":"background-1","full_width":false,"reductible":false,"max_width":60,"padding_top":0,"padding_bottom":52}},"9975b4a5-34b7-4cad-9666-f929b2e4f610":{"type":"multicolumn","blocks":{"template--16116675805369__9975b4a5-34b7-4cad-9666-f929b2e4f610-1666622439f055c376-1":{"type":"column","settings":{"image":"shopify:\/\/shop_images\/Perpi_menu.webp","title":"Nos premiers pas","text":"","link_label":"","link":"shopify:\/\/pages\/nos-premiers-pas","block_color":"#21306b","show_text_box":false,"animate":false}},"template--16116675805369__9975b4a5-34b7-4cad-9666-f929b2e4f610-1666622439f055c376-2":{"type":"column","settings":{"image":"shopify:\/\/shop_images\/transparence.webp","title":"Made in France","text":"","link_label":"","link":"shopify:\/\/pages\/transparence","block_color":"#21306b","show_text_box":false,"animate":false}},"8442b9a5-1e05-426f-8cf7-864863745589":{"type":"column","settings":{"image":"shopify:\/\/shop_images\/nos_actions_menu.webp","title":"Nos actions","text":"","link_label":"","link":"shopify:\/\/pages\/nos-actions","block_color":"#21306b","show_text_box":false,"animate":false}}},"block_order":["template--16116675805369__9975b4a5-34b7-4cad-9666-f929b2e4f610-1666622439f055c376-1","template--16116675805369__9975b4a5-34b7-4cad-9666-f929b2e4f610-1666622439f055c376-2","8442b9a5-1e05-426f-8cf7-864863745589"],"settings":{"title":"","heading_size":"h2","image_width":"half","image_ratio":"square","columns_desktop":3,"full_width":false,"column_alignment":"center","background_style":"primary","button_label":"","button_link":"","color_scheme":"background-1","columns_mobile":"1","swipe_on_mobile":false,"padding_top":100,"padding_bottom":100}}},"order":["177f7a2d-2442-4e79-bea4-a2f887c5618e","main","cf114324-f216-4748-86d1-3ef056990efb","460a216d-2635-4263-811e-f5e602f12b10","e1574466-ccfd-4d8a-adcb-a1831936b435","367ca160-404b-44c6-8548-d49e52ebec61","bc33ddd0-ff73-47e2-8a99-d31b7d7d997e","a17fb287-e101-4b12-a57b-d6ec074b21d4","dc61cb15-7c4d-4a5b-be6f-a5a1390f3841","d83b3bfe-6808-4666-93fc-3b0dd26b49c7","b84448c9-b2a1-4cf7-a141-144036e7b7c3","eef52288-d343-42d5-a9ab-f47130427120","2223e316-6e2e-46f0-ac6d-d794184cbade","e732cb19-08dc-42ab-8975-da396fc55f6e","8b68f483-f578-448e-87a2-398a5fe786aa","020bdc93-bb6a-4b53-90ad-9f02060aea22","bd99f344-2b61-47af-a864-e5595ec154db","9975b4a5-34b7-4cad-9666-f929b2e4f610"]}