{"sections":{"177f7a2d-2442-4e79-bea4-a2f887c5618e":{"type":"image-banner","blocks":{"template--16113771315385__177f7a2d-2442-4e79-bea4-a2f887c5618e-1666338426b8be1eac-0":{"type":"heading","settings":{"heading":"Fabriquez vos espadrilles à la maison","heading_size":"h1"}},"template--16113771315385__177f7a2d-2442-4e79-bea4-a2f887c5618e-1666338426b8be1eac-1":{"type":"text","settings":{"text":"Devenez le cordonnier extraverti de vos propres pieds.","text_style":"body"}}},"block_order":["template--16113771315385__177f7a2d-2442-4e79-bea4-a2f887c5618e-1666338426b8be1eac-0","template--16113771315385__177f7a2d-2442-4e79-bea4-a2f887c5618e-1666338426b8be1eac-1"],"settings":{"image":"shopify:\/\/shop_images\/KITESPADRILLEBRIGITTE1.jpg","image_overlay_opacity":0,"image_height":"medium","adapt_height_first_image":false,"desktop_content_position":"middle-center","show_text_box":false,"desktop_content_alignment":"center","color_scheme":"background-1","mobile_content_alignment":"center","mobile_content_position":"middle-center","stack_images_on_mobile":true,"show_text_below":false}},"a74aced9-0b59-40da-9fd8-06a42af8f2db":{"type":"rich-text","blocks":{"2a3f47d0-1a38-4c41-a783-a018d8b28e9f":{"type":"heading","settings":{"heading":"<p>Bienvenue dans l'univers délirant des  | <strong>espadrilles DIY<\/strong>!<\/p>","heading_size":"h2","heading_color_part1":"#21306b","heading_color_part2":"#ef6a20","no_color":false,"animate":false}},"01929333-f6a7-463e-ac2d-96754a3bc4db":{"type":"text","settings":{"text":"<p>Vous en avez assez des <strong>espadrilles <\/strong>banales et monotones ? Vous êtes prêts à relever le défi et à montrer votre créativité ?<\/p>","text_color":"#21306b","text_style":"classic","text_size":"small"}}},"block_order":["2a3f47d0-1a38-4c41-a783-a018d8b28e9f","01929333-f6a7-463e-ac2d-96754a3bc4db"],"settings":{"desktop_content_position":"center","content_alignment":"center","color_scheme":"background-1","full_width":false,"reductible":false,"max_width":100,"padding_top":40,"padding_bottom":0}},"main":{"type":"main-page","disabled":true,"settings":{"show_heading":false,"text_style":"text","content_alignment":"left","max_width":80,"padding_top":40,"padding_bottom":40}},"bc33ddd0-ff73-47e2-8a99-d31b7d7d997e":{"type":"image-with-text","blocks":{"template--16113771315385__bc33ddd0-ff73-47e2-8a99-d31b7d7d997e-166635914861655db1-0":{"type":"heading","settings":{"heading":"Notre kit est fait pour vous !","heading_size":"h3","heading_color":"#21306b","img_replacement":false,"heading_alignment":"left"}},"template--16113771315385__bc33ddd0-ff73-47e2-8a99-d31b7d7d997e-166635914861655db1-1":{"type":"text","settings":{"text":"<p>Pimentez votre quotidien en devenant le cordonnier extraverti de vos propres pieds. <\/p><p>Oubliez les espadrilles basiques du commerce et plongez dans une aventure chaussuresque unique. <\/p><p>Avec notre kit, vous deviendrez l'artiste de vos pieds !<\/p>","text_style":"body","text_column":1,"text_color":"#21306b","img_replacement":false,"text_alignment":"left"}},"2d159905-76ac-4292-a6e7-c0a1937c33b0":{"type":"button","settings":{"button_label":"Je veux fabriquer ma paire !","button_link":"shopify:\/\/collections\/kit-de-fabrication-espadrille-maison","icon":"none","button_color":"#21306b","button_text_color":"#ffffff","img_replacement":false}}},"block_order":["template--16113771315385__bc33ddd0-ff73-47e2-8a99-d31b7d7d997e-166635914861655db1-0","template--16113771315385__bc33ddd0-ff73-47e2-8a99-d31b7d7d997e-166635914861655db1-1","2d159905-76ac-4292-a6e7-c0a1937c33b0"],"settings":{"image":"shopify:\/\/shop_images\/PMIK6904.jpg","height":"adapt","desktop_image_width":"small","layout":"image_first","full_width":false,"side_side":false,"desktop_content_position":"middle","desktop_content_alignment":"left","content_layout":"no-overlap","no_color":true,"color_scheme":"background-2","background_color":"#ffffff","mobile_content_alignment":"left","padding_top":0,"padding_bottom":36}},"a33e3fb3-f43a-464a-805d-e7a1c8d7d0b2":{"type":"rich-text","blocks":{"template--16113771315385__a33e3fb3-f43a-464a-805d-e7a1c8d7d0b2-16663390041941521d-0":{"type":"heading","settings":{"heading":"<p>A VOS MARQUES, PRÊT, | FABRIQUEZ !<\/p>","heading_size":"h2","heading_color_part1":"#21306b","heading_color_part2":"#ef6a20","no_color":false,"animate":false}},"ff5d81fe-9d0c-4aaa-b4f8-f84c10b21f92":{"type":"text","settings":{"text":"<p>Imaginez vous chez vous, vêtu(e) d'un tablier de créateur et armé(e) de fils multicolores et d'une aiguille survoltée.Prêt(e) à mettre du fun à vos pieds ? Eh bien, c'est parti ! <\/p><p>Dans notre kit, vous trouverez tout ce dont vous avez besoin pour créer vos propres <strong>espadrilles personnalisées<\/strong>: des toiles vierges, des semelles en jute naturelle, des fils colorés et des instructions décalées pour vous guider dans cette aventure un peu folle.<\/p>","text_color":"#21306b","text_style":"classic","text_size":"small"}}},"block_order":["template--16113771315385__a33e3fb3-f43a-464a-805d-e7a1c8d7d0b2-16663390041941521d-0","ff5d81fe-9d0c-4aaa-b4f8-f84c10b21f92"],"settings":{"desktop_content_position":"center","content_alignment":"center","color_scheme":"background-1","full_width":false,"reductible":false,"max_width":100,"padding_top":40,"padding_bottom":0}},"96ed341c-0087-4535-b6e7-e956d9a4784c":{"type":"featured-collection","settings":{"title":"","heading_size":"h1","description":"","show_description":false,"description_style":"body","collection":"kit-de-fabrication-espadrille-maison","products_to_show":4,"columns_desktop":4,"full_width":false,"show_view_all":true,"view_all_style":"solid","enable_desktop_slider":false,"slider_visual":"counter","auto_rotate":false,"change_slides_speed":5,"change_slides_per_page":1,"color_scheme":"background-1","image_ratio":"adapt","show_secondary_image":false,"show_vendor":false,"show_rating":false,"enable_quick_add":false,"columns_mobile":"2","swipe_on_mobile":false,"padding_top":36,"padding_bottom":36}},"213490d3-4f50-41f4-b712-3ba9deb6accb":{"type":"video","settings":{"heading":"","heading_size":"h1","cover_image":"shopify:\/\/shop_images\/Kit_espadrille_Payote_maison.webp","video_url":"https:\/\/www.youtube.com\/watch?v=XgAVKkjBRuE","description":"","full_width":false,"color_scheme":"background-1","padding_top":36,"padding_bottom":36}},"6c7383fd-9a70-4ffa-abbd-686aee93e491":{"type":"rich-text","blocks":{"template--19922755322186__6c7383fd-9a70-4ffa-abbd-686aee93e491-heading-1":{"type":"heading","settings":{"heading":"<p>Libérez le créateur qui est en | vous <\/p>","heading_size":"h2","heading_color_part1":"#21306b","heading_color_part2":"#ef6a20","no_color":false,"animate":false}},"template--19922755322186__6c7383fd-9a70-4ffa-abbd-686aee93e491-text-1":{"type":"text","settings":{"text":"<p>Que vous soyez un pro du DIY ou un débutant plein d'audace, cette expérience vous réserve des fous rires, des moments de détente et surtout, des espadrilles uniques à votre image. Alors, prêt(e) à libérer le cordonnier qui sommeille en vous ? Avec notre kit, vous allez ravir vos pieds et faire tourner les têtes !<\/p><p>Attention, ceci est un avertissement : une fois que vous aurez goûté à la magie de créer vos propres <strong>espadrilles<\/strong>, vous ne pourrez plus jamais vous contenter de simples espadrilles toutes faites. <\/p><p>Le pouvoir de la création est entre vos mains, ou plutôt, entre vos pieds !<\/p>","text_color":"#21306b","text_style":"classic","text_size":"small"}},"template--19922755322186__6c7383fd-9a70-4ffa-abbd-686aee93e491-button-1":{"type":"button","settings":{"button_label":"Espakit sans toile","button_link":"shopify:\/\/products\/kit-fabrique-ton-espadrille","button_style_secondary":false,"button_label_2":"Espakit avec toile","button_link_2":"shopify:\/\/collections\/kit-de-fabrication-espadrille-maison","button_style_secondary_2":false,"button_color":"#21306b","button_text_color":"#ffffff"}}},"block_order":["template--19922755322186__6c7383fd-9a70-4ffa-abbd-686aee93e491-heading-1","template--19922755322186__6c7383fd-9a70-4ffa-abbd-686aee93e491-text-1","template--19922755322186__6c7383fd-9a70-4ffa-abbd-686aee93e491-button-1"],"custom_css":[".rich-text__buttons {margin-top: 30px;}"],"settings":{"desktop_content_position":"center","content_alignment":"center","color_scheme":"background-1","full_width":false,"reductible":false,"max_width":100,"padding_top":40,"padding_bottom":52}},"a4cc752f-09e3-492e-bbc3-c98854166a1e":{"type":"rich-text","blocks":{"template--16113771315385__a4cc752f-09e3-492e-bbc3-c98854166a1e-166634402475ae89cf-0":{"type":"heading","settings":{"heading":"<p>Un peu | d'inspiration...<\/p>","heading_size":"h2","heading_color_part1":"#21306b","heading_color_part2":"#ef6a20","no_color":false,"animate":false}},"b623d3a5-d19b-4766-9219-65e767178929":{"type":"text","settings":{"text":"<p>Alors, rejoignez la communauté des fous de l'<strong>Espakit<\/strong> et commandez votre kit dès maintenant. Des espadrilles folles et délirantes vous attendent, prêtes à faire de vos pieds des œuvres d'art ambulantes !<\/p>","text_color":"#21306b","text_style":"classic","text_size":"small"}}},"block_order":["template--16113771315385__a4cc752f-09e3-492e-bbc3-c98854166a1e-166634402475ae89cf-0","b623d3a5-d19b-4766-9219-65e767178929"],"disabled":true,"settings":{"desktop_content_position":"center","content_alignment":"center","color_scheme":"background-1","full_width":false,"reductible":false,"max_width":100,"padding_top":52,"padding_bottom":52}},"b4e69a9e-ae8b-4942-964e-ea148515bc81":{"type":"slideshow","blocks":{"template--16113771315385__b4e69a9e-ae8b-4942-964e-ea148515bc81-1666339010c267e857-0":{"type":"slide","settings":{"image":"shopify:\/\/shop_images\/brode3.webp","heading":"","heading_size":"h1","subheading":"","button_label":"","link":"","button_style_secondary":false,"link_on_slide":true,"box_align":"middle-center","show_text_box":false,"text_alignment":"center","image_overlay_opacity":0,"color_scheme":"background-1","text_alignment_mobile":"center","mobile_box_align":"middle-center"}},"template--16113771315385__b4e69a9e-ae8b-4942-964e-ea148515bc81-1666339010c267e857-1":{"type":"slide","settings":{"image":"shopify:\/\/shop_images\/brode8.webp","heading":"","heading_size":"h1","subheading":"","button_label":"","link":"","button_style_secondary":false,"link_on_slide":true,"box_align":"middle-center","show_text_box":false,"text_alignment":"center","image_overlay_opacity":0,"color_scheme":"background-1","text_alignment_mobile":"center","mobile_box_align":"middle-center"}},"a69e0466-3411-4c40-9487-24b52d8015a1":{"type":"slide","settings":{"image":"shopify:\/\/shop_images\/brode4.webp","heading":"","heading_size":"h1","subheading":"","button_label":"","link":"","button_style_secondary":false,"link_on_slide":true,"box_align":"middle-center","show_text_box":false,"text_alignment":"center","image_overlay_opacity":0,"color_scheme":"background-1","text_alignment_mobile":"center","mobile_box_align":"middle-center"}},"a3fc7b92-975c-4899-b84f-6b51633bec28":{"type":"slide","settings":{"image":"shopify:\/\/shop_images\/brode2.webp","heading":"","heading_size":"h1","subheading":"","button_label":"","link":"","button_style_secondary":false,"link_on_slide":true,"box_align":"middle-center","show_text_box":false,"text_alignment":"center","image_overlay_opacity":0,"color_scheme":"background-1","text_alignment_mobile":"center","mobile_box_align":"middle-center"}},"09e95e92-2ced-47d1-ad63-42f85f453439":{"type":"slide","settings":{"image":"shopify:\/\/shop_images\/brode5.webp","heading":"","heading_size":"h1","subheading":"","button_label":"","link":"","button_style_secondary":false,"link_on_slide":true,"box_align":"middle-center","show_text_box":false,"text_alignment":"center","image_overlay_opacity":0,"color_scheme":"background-1","text_alignment_mobile":"center","mobile_box_align":"middle-center"}},"76f2fbcd-7698-4778-89b4-ac4f950a6c41":{"type":"slide","settings":{"image":"shopify:\/\/shop_images\/brode7.webp","heading":"","heading_size":"h1","subheading":"","button_label":"","link":"","button_style_secondary":false,"link_on_slide":true,"box_align":"middle-center","show_text_box":false,"text_alignment":"center","image_overlay_opacity":0,"color_scheme":"background-1","text_alignment_mobile":"center","mobile_box_align":"middle-center"}},"135eac9e-e2d3-447c-988a-1420b9e5c8ce":{"type":"slide","settings":{"image":"shopify:\/\/shop_images\/brode1.webp","heading":"","heading_size":"h1","subheading":"","button_label":"","link":"","button_style_secondary":false,"link_on_slide":true,"box_align":"middle-center","show_text_box":false,"text_alignment":"center","image_overlay_opacity":0,"color_scheme":"background-1","text_alignment_mobile":"center","mobile_box_align":"middle-center"}},"e88bcd52-fddf-4de5-8d80-6d51efe5536b":{"type":"slide","settings":{"image":"shopify:\/\/shop_images\/brode6.webp","heading":"","heading_size":"h1","subheading":"","button_label":"","link":"","button_style_secondary":false,"link_on_slide":true,"box_align":"middle-center","show_text_box":false,"text_alignment":"center","image_overlay_opacity":0,"color_scheme":"background-1","text_alignment_mobile":"center","mobile_box_align":"middle-center"}}},"block_order":["template--16113771315385__b4e69a9e-ae8b-4942-964e-ea148515bc81-1666339010c267e857-0","template--16113771315385__b4e69a9e-ae8b-4942-964e-ea148515bc81-1666339010c267e857-1","a69e0466-3411-4c40-9487-24b52d8015a1","a3fc7b92-975c-4899-b84f-6b51633bec28","09e95e92-2ced-47d1-ad63-42f85f453439","76f2fbcd-7698-4778-89b4-ac4f950a6c41","135eac9e-e2d3-447c-988a-1420b9e5c8ce","e88bcd52-fddf-4de5-8d80-6d51efe5536b"],"disabled":true,"settings":{"layout":"full_bleed","slide_height":"small","slider_visual":"false","auto_rotate":true,"change_slides_speed":3,"change_slides_per_page":1,"change_slides_to_show":4,"show_text_below":false,"accessibility_info":"Un peu d'inspiration pour les espadrilles brodées"}},"cf114324-f216-4748-86d1-3ef056990efb":{"type":"image-with-text","blocks":{"template--16113771315385__cf114324-f216-4748-86d1-3ef056990efb-166633901024b2f65a-0":{"type":"heading","settings":{"heading":"| ils ont déjà écrit :","heading_size":"h3","heading_color":"#21306b","img_replacement":false,"heading_alignment":"left"}},"template--16113771315385__cf114324-f216-4748-86d1-3ef056990efb-166633901024b2f65a-1":{"type":"text","settings":{"text":"<p>Besoin d’inspiration pour <strong>broder votre Payote<\/strong> ? Voilà une petite liste des messages les plus populaires : Super Papa, Super Maman, des initiales, une date de rencontre ou de mariage, Mon amour, Je t’aime, Carpe Diem, Mon pilier.<br\/><br\/><strong>Le Jour J en espadrilles !<\/strong><\/p><p>Envie de mettre la France à vos pieds le Jour J ? Pour les mariages, les espadrilles brodées seront une superbe idée pour laisser un souvenir aux invités. Elles iront à merveille avec un thème champêtre ou bohème grâce à leurs coupes minimalistes et leur semelles en corde naturelle. Si vous souhaitez faire un devis pour une commande d’espadrilles brodées, n’hésitez pas à nous contacter à mathilde@payote.fr. Quelques idées de messages pour un mariage : Team Mariée, Team Témoin, initiales sur un pied et date de mariage sur l’autre… Les possibilités sont très variées !<\/p>","text_style":"body","text_column":1,"text_color":"#21306b","img_replacement":false,"text_alignment":"left"}},"template--16113771315385__cf114324-f216-4748-86d1-3ef056990efb-166633901024b2f65a-2":{"type":"button","settings":{"button_label":"Je veux ma paire !","button_link":"shopify:\/\/products\/espadrille-beige-pour-mariage","icon":"none","button_color":"#21306b","button_text_color":"#ffffff","img_replacement":false}}},"block_order":["template--16113771315385__cf114324-f216-4748-86d1-3ef056990efb-166633901024b2f65a-0","template--16113771315385__cf114324-f216-4748-86d1-3ef056990efb-166633901024b2f65a-1","template--16113771315385__cf114324-f216-4748-86d1-3ef056990efb-166633901024b2f65a-2"],"disabled":true,"settings":{"image":"shopify:\/\/shop_images\/Espadrilles_brodees_Dolce_Vita_Blanc_dore.webp","height":"adapt","desktop_image_width":"small","layout":"text_first","full_width":false,"side_side":false,"desktop_content_position":"middle","desktop_content_alignment":"left","content_layout":"no-overlap","no_color":false,"color_scheme":"background-2","background_color":"#ffffff","mobile_content_alignment":"left","padding_top":36,"padding_bottom":36}},"80920de5-1747-4be8-971d-a9e7a488d8d4":{"type":"rich-text","settings":{"desktop_content_position":"center","content_alignment":"center","color_scheme":"background-1","full_width":true,"reductible":false,"max_width":100,"padding_top":52,"padding_bottom":0}},"e9bf22ff-fee2-437c-8c75-554aa97d184b":{"type":"rich-text","blocks":{"template--16113771315385__e9bf22ff-fee2-437c-8c75-554aa97d184b-1666349802d83d935d-0":{"type":"heading","settings":{"heading":"<p>À consommer | sans modération !<\/p>","heading_size":"h2","heading_color_part1":"#21306b","heading_color_part2":"#ef6a20","no_color":false,"animate":true}}},"block_order":["template--16113771315385__e9bf22ff-fee2-437c-8c75-554aa97d184b-1666349802d83d935d-0"],"settings":{"desktop_content_position":"center","content_alignment":"center","color_scheme":"background-1","full_width":true,"reductible":false,"max_width":100,"padding_top":20,"padding_bottom":0}}},"order":["177f7a2d-2442-4e79-bea4-a2f887c5618e","a74aced9-0b59-40da-9fd8-06a42af8f2db","main","bc33ddd0-ff73-47e2-8a99-d31b7d7d997e","a33e3fb3-f43a-464a-805d-e7a1c8d7d0b2","96ed341c-0087-4535-b6e7-e956d9a4784c","213490d3-4f50-41f4-b712-3ba9deb6accb","6c7383fd-9a70-4ffa-abbd-686aee93e491","a4cc752f-09e3-492e-bbc3-c98854166a1e","b4e69a9e-ae8b-4942-964e-ea148515bc81","cf114324-f216-4748-86d1-3ef056990efb","80920de5-1747-4be8-971d-a9e7a488d8d4","e9bf22ff-fee2-437c-8c75-554aa97d184b"]}