{"sections":{"177f7a2d-2442-4e79-bea4-a2f887c5618e":{"type":"image-banner","blocks":{"template--16113771315385__177f7a2d-2442-4e79-bea4-a2f887c5618e-1666338426b8be1eac-0":{"type":"heading","settings":{"heading":"Payote x Paris 2024","heading_size":"h1"}},"template--16113771315385__177f7a2d-2442-4e79-bea4-a2f887c5618e-1666338426b8be1eac-1":{"type":"text","settings":{"text":"Retrouvez les espadrilles officielles des Jeux Olympiques et Paralympiques Paris 2024","text_style":"body"}}},"block_order":["template--16113771315385__177f7a2d-2442-4e79-bea4-a2f887c5618e-1666338426b8be1eac-0","template--16113771315385__177f7a2d-2442-4e79-bea4-a2f887c5618e-1666338426b8be1eac-1"],"settings":{"image":"shopify:\/\/shop_images\/nouvelle-image-presentation-jo.webp","image_overlay_opacity":0,"image_height":"medium","adapt_height_first_image":false,"desktop_content_position":"middle-center","show_text_box":false,"desktop_content_alignment":"center","color_scheme":"background-1","mobile_content_alignment":"center","mobile_content_position":"middle-center","stack_images_on_mobile":true,"show_text_below":false}},"rich_text_TMPgdj":{"type":"rich-text","blocks":{"heading_EtXypT":{"type":"heading","settings":{"heading":"<p>Payote à la conquête des Jeux<\/p>","heading_size":"h2","heading_color_part1":"#21306b","heading_color_part2":"#ef6a20","no_color":true,"animate":false}},"text_R3R9md":{"type":"text","settings":{"text":"<p>Notre jeune marque a remporté la médaille d'or avec cette collaboration d'envergure. Cet été, nous invitions l'esprit olympique à vos pieds à travers notre collection capsule Payote x Paris 2024. Découvrez des modèles exclusifs qui vous feront vivre les Jeux comme si vous y étiez !<\/p>","text_color":"#21306b","text_style":"classic","text_size":"small"}}},"block_order":["heading_EtXypT","text_R3R9md"],"settings":{"desktop_content_position":"center","content_alignment":"center","color_scheme":"background-1","full_width":false,"reductible":false,"max_width":95,"padding_top":40,"padding_bottom":52}},"image_with_text_f9HqLy":{"type":"image-with-text","blocks":{"heading_cL6d8D":{"type":"heading","settings":{"heading":"11 modèles uniques à l'image des Jeux","heading_size":"h2","heading_color":"#21306b","img_replacement":false,"heading_alignment":"left"}},"text_RAP6af":{"type":"text","settings":{"text":"<p>La collection Payote x Paris 2024 incarne une valeur essentielle des Jeux Olympiques : la diversité. Il était indispensable pour nous de refléter le caractère éclectique des Jeux. Résultat : retrouvez 11 modèles inédits conçus dans notre atelier perpignanais. De la marinière bicolore, en passant par la mascotte, jusqu’au design abstrait et coloré, nous célébrons la diversité à travers des espadrilles uniques à l’image du grand événement sportif. Cette collection spécialement créée pour Paris 2024 nous permet ainsi de faire rayonner le savoir-faire local tout en soutenant les athlètes qui vont concourir sous le drapeau tricolore. Avec Payote x Paris 2024, sport, excellence et made in France s’allient pour vous offrir le meilleur d’un produit local empreint d’artisanat et d’histoire. <\/p>","text_style":"body","text_column":1,"text_color":"#21306b","img_replacement":false,"text_alignment":"left"}},"button_Mjaz4j":{"type":"button","settings":{"button_label":"Découvrir","button_link":"shopify:\/\/collections\/espadrilles-jo-paris-2024","icon":"none","button_color":"#21306b","button_text_color":"#ffffff","img_replacement":false}}},"block_order":["heading_cL6d8D","text_RAP6af","button_Mjaz4j"],"settings":{"image":"shopify:\/\/shop_images\/PMIK9048.jpg","height":"adapt","desktop_image_width":"small","layout":"image_first","full_width":false,"side_side":false,"desktop_content_position":"top","desktop_content_alignment":"left","content_layout":"no-overlap","no_color":true,"color_scheme":"background-1","background_color":"#ffffff","mobile_content_alignment":"left","padding_top":36,"padding_bottom":36}},"main":{"type":"main-page","disabled":true,"settings":{"show_heading":false,"text_style":"text","content_alignment":"left","max_width":80,"padding_top":40,"padding_bottom":40}},"image_with_text_P7Q39m":{"type":"image-with-text","blocks":{"heading_3cKAJm":{"type":"heading","settings":{"heading":"Ambition et savoir-faire","heading_size":"h2","heading_color":"#21306b","img_replacement":false,"heading_alignment":"left"}},"text_6bVwkB":{"type":"text","settings":{"text":"<p>Fruit d'un travail acharné, cette collection a été imaginée et conçue dans nos locaux près de la Méditerranée. Suite à la controverse des produits sous licences fabriqués à l'étranger, nous affichons avec fierté \"fabrication française\" sur toutes les étiquettes de nos espadrilles. Payote x Paris 2024 va donc à contre-pied, prouvant ainsi que le Made in France a bel et bien sa place lors d'un événement d'une telle envergure. Nous avons justement mis tout notre cœur dans cette collection pour qu'elle soit à la hauteur des attentes. Pendant tout le processus de confection, nous avons été guidé par une autre valeur phare des Jeux Olympiques : le dépassement de soi. C'est avec beaucoup de rigueur, d'acharnement et d'enthousiasme que nous avons créé une collection qui reflète l'esprit du plus grand événement sportif au monde. <\/p><p>Toutes les espadrilles Payote x Paris 2024 vous transmettent ainsi notre amour pour la sandale de corde en mettant à l'honneur le sport, l'unité et la diversité.<\/p><p><strong>\"Ouvrons grand les Jeux\"<\/strong><\/p><p><\/p>","text_style":"body","text_column":1,"text_color":"#21306b","img_replacement":false,"text_alignment":"left"}}},"block_order":["heading_3cKAJm","text_6bVwkB"],"settings":{"image":"shopify:\/\/shop_images\/PMIK8988-1.webp","height":"adapt","desktop_image_width":"small","layout":"text_first","full_width":false,"side_side":false,"desktop_content_position":"top","desktop_content_alignment":"left","content_layout":"no-overlap","no_color":true,"color_scheme":"background-1","background_color":"#ffffff","mobile_content_alignment":"left","padding_top":36,"padding_bottom":36}},"rich_text_UCQJnp":{"type":"rich-text","blocks":{"heading_xznRFd":{"type":"heading","settings":{"heading":"<p>Découvrez la collection Paris x Paris 2024<\/p>","heading_size":"h2","heading_color_part1":"#21306b","heading_color_part2":"#ef6a20","no_color":false,"animate":false}}},"block_order":["heading_xznRFd"],"settings":{"desktop_content_position":"center","content_alignment":"center","color_scheme":"background-1","full_width":true,"reductible":false,"max_width":100,"padding_top":40,"padding_bottom":52}},"96ed341c-0087-4535-b6e7-e956d9a4784c":{"type":"featured-collection","settings":{"title":"","heading_size":"h2","description":"","show_description":false,"description_style":"body","collection":"espadrilles-jo-paris-2024","products_to_show":5,"columns_desktop":5,"full_width":false,"show_view_all":true,"view_all_style":"solid","enable_desktop_slider":false,"slider_visual":"counter","auto_rotate":false,"change_slides_speed":5,"change_slides_per_page":1,"color_scheme":"background-1","image_ratio":"adapt","show_secondary_image":false,"show_vendor":false,"show_rating":false,"enable_quick_add":false,"columns_mobile":"2","swipe_on_mobile":true,"padding_top":36,"padding_bottom":36}},"image_with_text_TQd8HV":{"type":"image-with-text","blocks":{"heading_mRj7mk":{"type":"heading","settings":{"heading":"Produits sous licence officielle","heading_size":"p","heading_color":"#21306b","img_replacement":false,"heading_alignment":"left"}}},"block_order":["heading_mRj7mk"],"settings":{"image":"shopify:\/\/shop_images\/Capture.jpg","height":"adapt","desktop_image_width":"small","layout":"image_first","full_width":false,"side_side":false,"desktop_content_position":"middle","desktop_content_alignment":"left","content_layout":"no-overlap","no_color":true,"color_scheme":"background-1","background_color":"#ffffff","mobile_content_alignment":"center","padding_top":36,"padding_bottom":36}},"rich_text_kApwKw":{"type":"rich-text","settings":{"desktop_content_position":"center","content_alignment":"center","color_scheme":"background-1","full_width":true,"reductible":false,"max_width":100,"padding_top":40,"padding_bottom":52}}},"order":["177f7a2d-2442-4e79-bea4-a2f887c5618e","rich_text_TMPgdj","image_with_text_f9HqLy","main","image_with_text_P7Q39m","rich_text_UCQJnp","96ed341c-0087-4535-b6e7-e956d9a4784c","image_with_text_TQd8HV","rich_text_kApwKw"]}