{"sections":{"0ab5b301-bb9f-4a34-870b-ac195dfd212c":{"type":"image-banner","blocks":{"template--16120609865913__0ab5b301-bb9f-4a34-870b-ac195dfd212c-1666873802177e02b6-0":{"type":"heading","disabled":true,"settings":{"heading":"Foire aux questions","heading_size":"h2"}},"e9b8c3c3-d0d0-4543-88c1-2d36f575d16a":{"type":"text","disabled":true,"settings":{"text":"Nous répondons à vos questions","text_style":"body"}}},"block_order":["template--16120609865913__0ab5b301-bb9f-4a34-870b-ac195dfd212c-1666873802177e02b6-0","e9b8c3c3-d0d0-4543-88c1-2d36f575d16a"],"settings":{"image":"shopify:\/\/shop_images\/baniere_page_faq.webp","image_overlay_opacity":0,"image_height":"medium","adapt_height_first_image":false,"desktop_content_position":"middle-center","show_text_box":false,"desktop_content_alignment":"center","color_scheme":"background-1","mobile_content_alignment":"center","mobile_content_position":"middle-center","stack_images_on_mobile":false,"show_text_below":false}},"main":{"type":"main-page","settings":{"show_heading":false,"text_style":"text","content_alignment":"center","max_width":100,"padding_top":36,"padding_bottom":0}},"b488422b-0abb-4b05-8e68-1a01a6469c5f":{"type":"faq-content","blocks":{"d575278e-84a5-4882-a02d-8e577c570054":{"type":"collapsible_tab","settings":{"heading":"Produits"}},"89aa0d64-a20a-4e9e-a2af-f5a78ff05424":{"type":"collapsible_row","settings":{"heading":"Quelle taille choisir pour mes espadrilles ?","row_for":"Produits","icon":"question_mark","row_content":"<p>Sur chaque <strong>fiche produit<\/strong>, vous trouverez des <strong>conseils <\/strong>afin de vous guider sur le choix de votre pointure. Nous vous recommandons donc de suivre ces conseils.<\/p>","page":""}},"d7facd1d-983d-4fce-805f-f0707a89aa5f":{"type":"collapsible_row","settings":{"heading":"Quelles sont les pointures disponibles ?","row_for":"Produits","icon":"question_mark","row_content":"<p>Nos <strong>espadrilles<\/strong> Made in France sont disponibles du <strong>28 au 47. <\/strong>Cependant, certains modèles ne sont pas fabriqués dans toutes les pointures.<\/p>","page":""}},"75d9554f-646a-4284-aa57-63b7809b9732":{"type":"collapsible_row","settings":{"heading":"Comment nettoyer mes payote ?","row_for":"Produits","icon":"question_mark","row_content":"<p>Pour nettoyer vos espadrilles, nous vous conseillons de frotter avec un <strong>peu d’eau<\/strong> et du <strong>savon de Marseille<\/strong>, en évitant de mouiller le jute.  Il ne faut donc pas passer vos espadrilles Payote à la machine à laver !<\/p><p>Nous vous proposons également notre <a href=\"\/products\/espakit-de-nettoyage\" title=\"ESPAKIT DE NETTOYAGE\"><strong>Espakit<\/strong><\/a><strong>,<\/strong> complet et parfait pour nettoyer vos petites Payote préférées. <\/p>","page":""}},"64e277b8-9272-4c6c-84bf-6efeb252b149":{"type":"collapsible_row","settings":{"heading":"Où sont fabriquées les espadrilles payote ?","row_for":"Produits","icon":"question_mark","row_content":"<p>Nos <strong>espadrilles <\/strong>sont fabriquées à <strong>Mauléon,<\/strong> un petit village au cœur du <strong>Pays Basque,<\/strong>mais aussi dans notre atelier à <strong>Perpignan. <\/strong><\/p>","page":""}},"5f1957f9-b391-4d5c-9a41-d5bb406ce0cc":{"type":"collapsible_row","settings":{"heading":"Quelles sont les matieres utilisées pour la confection de mes payote ?","row_for":"Produits","icon":"question_mark","row_content":"<p>Nos semelles sont composées de <strong>caoutchouc naturel<\/strong> et de <strong>jute<\/strong>. L’assemblage de ses deux matières est effectué par <strong>vulcanisation<\/strong>.<\/p><p>La toile de nos espadrilles imprimées est en <strong>polyester<\/strong> coupé et collé sur une toile de <strong>coton.<\/strong><br\/>La toile de nos espadrilles unies et marinières est fabriquée à partir de <strong>coton recyclé. <\/strong><\/p>","page":""}},"c37f5aac-31b5-472a-ab8e-a0de292b6d8f":{"type":"collapsible_tab","settings":{"heading":"Commande"}},"ddf7ed2c-7f25-4dc1-aa38-5c973d7069bc":{"type":"collapsible_row","settings":{"heading":"Comment passer commande sur l'eshop payote ?","row_for":"Commande","icon":"question_mark","row_content":"<p>Pour passer une commande sur Payote, il suffit simplement de parcourir l’eshop en accédant aux produits proposés dans les différentes catégories. Vous pouvez naviguer en recherchant par type d’articles ou par univers. Choisissez alors les articles que vous souhaitez acheter en cliquant sur <strong>« Ajouter au panier »<\/strong>.<br\/>Une fois vos produits dans le panier, vous pouvez vérifier le contenu de celui-ci en cliquant sur le panier, puis laissez-vous guider en cliquant sur le bouton: <strong>« Commander »<\/strong>.<\/p><p>Votre commande est préparée au maximum en 48 heures ouvrées dans nos entrepôts, puis elle est ensuite remise au transporteur selon le mode de livraison et le pays que vous avez choisi. Les délais de livraison sont alors compris entre 2 et 5 jours après la remise de votre commande au transporteur.<\/p>","page":""}},"788b4b1c-327f-45d6-b005-f5aba509387c":{"type":"collapsible_row","settings":{"heading":"Annulation\/ modification commande","row_for":"Commande","icon":"question_mark","row_content":"<p>Si vous avez passé une commande par erreur, nous vous invitons à contacter notre service clientèle.<br\/>Nous ferons tout notre possible pour vous aider. Il est important de nous contacter au plus vite, nous nous efforçons de traiter les commandes dans les meilleurs délais, nous avons donc un temps très limité pour annuler votre commande.<\/p>","page":""}},"11ca48f6-fa99-4c54-a1db-a89bab442a1d":{"type":"collapsible_row","settings":{"heading":"Erreur commande et\/ou adresse de livraison","row_for":"Paiement","icon":"question_mark","row_content":"<p>Afin d’expédier votre commande dans les meilleurs délais, notre équipe logistique travaille rapidement. Une fois validée, votre commande ne pourra donc plus être modifiée ou annulée.<br\/>Nous vous invitons à vérifier votre panier mais aussi votre mode et adresse de livraison. S’il y avait malgré tout une erreur sur votre commande, nous vous invitons à contacter notre service client au 04.68.64.32.24 ou à mathilde@payote.fr<\/p>","page":""}},"d4402e05-c1f6-44d9-8513-24f3d421eaaf":{"type":"collapsible_row","settings":{"heading":"Le produit reçu est endommagé","row_for":"Commande","icon":"question_mark","row_content":"<p>Si c’est le cas, nous sommes désolés pour ce petit incident. Il faut nous envoyer un petit mail à <a href=\"mailto:mathilde@payote.fr\">mathilde@payote.fr<\/a> et joindre des photos du produit défectueux. Nous trouverons une solution. <\/p><p>Il se peut que votre article soit défectueux malgré nos contrôles de qualités, nous nous excusons pour ce désagrément. Sachez que nous travaillons au quotidien sur la qualité de nos produits et que vos retours nous sont précieux.<\/p>","page":""}},"2f4b342d-8110-4c71-bc2c-ea029352e7a2":{"type":"collapsible_row","settings":{"heading":"Le produit reçu ne correspond pas à ma commande","row_for":"Commande","icon":"question_mark","row_content":"<p><em><strong>Vous n’avez pas reçu le bon modèle ?<\/strong><\/em><br\/>Dans le cas où la paire reçue ne correspond pas à votre commande, contactez notre service client en précisant la référence de la commande ainsi que la paire reçue en ajoutant une photo à l’adresse suivante : <a href=\"mailto:mathilde@payote.fr\">mathilde@payote.fr<\/a><\/p><p>Nous sommes vraiment désolés pour la gêne occasionnée.<\/p>","page":""}},"07e97938-ad03-425a-8a01-40c131775d06":{"type":"collapsible_row","settings":{"heading":"Est-il possible de commander par téléphone ?","row_for":"Commande","icon":"question_mark","row_content":"<p>Afin d’assurer une sécurité des transactions optimale, notre site n’accepte que des paiements en ligne par Carte Bancaire. Vous ne pouvez donc pas commander par téléphone.<br\/>Les règlements par carte bancaire sont intégralement gérés sur le site et sécurisé par celui-ci.<\/p>","page":""}},"0f1a0f31-44d8-4945-a60d-812995ed0cfa":{"type":"collapsible_tab","settings":{"heading":"Paiement"}},"4ad8965b-1feb-4669-96fd-97b29afbaa83":{"type":"collapsible_row","settings":{"heading":"Moyens de paiement","row_for":"Paiement","icon":"question_mark","row_content":"<p>Vous avez la possibilité de régler votre commande :<br\/>– Par carte bancaire <br\/>– Via PayPal<br\/>– Par e-carte cadeau et carte cadeau<br\/>– Par chèque<\/p><p>Vos informations bancaires ne sont jamais en notre possession. Les transactions sont entièrement traitées par le module de paiement sécurisé de notre partenaire Shopify Payment. Votre paiement est totalement sécurisé.<\/p>","page":""}},"14cd74b9-d316-4802-918a-1c1559370172":{"type":"collapsible_row","settings":{"heading":"Payer ma commande avec une carte cadeau","row_for":"Commande","icon":"question_mark","row_content":"<p>Vous pouvez utiliser votre carte cadeau en renseignant votre code dans l’onglet « Code Promo ».<br\/>La réduction s’affichera automatiquement, hors frais de livraison.<br\/>Vous disposez de 12 mois pour utiliser votre carte en boutique ou sur notre site.<\/p><p>Si vous avez reçu une carte cadeau, nous ne pourrons malheureusement pas vous la rembourser, ni même partiellement. La carte cadeau ne peut pas non plus être revendue ou échangée. <\/p>","page":""}},"8dec78d5-d0ac-4f2d-9fd8-1c1b36702fec":{"type":"collapsible_tab","settings":{"heading":"Livraison"}},"e966be09-cd66-42ab-a64b-ca1d836939bc":{"type":"collapsible_row","settings":{"heading":"Méthodes & frais de livraison","row_for":"Livraison","icon":"question_mark","row_content":"<p>Votre commande est expédiée dans les plus brefs délais (hors produit personnalisé) afin que vous puissiez la recevoir au plus vite (en général 1 à 2 jours ouvrés en fonction de la disponibilité des produits). Vous serez prévenu.e par e-mail (les e-mails sont parfois dans le dossier “SPAM”) dès l’expédition de votre colis.<\/p><p><strong>LES DIFFÉRENTES MÉTHODES D’EXPÉDITION QUE NOUS PROPOSONS :<\/strong><\/p><p><em><strong>Colissimo à domicile (sans signature) <\/strong><\/em>: livraison en 2 à 3 jours ouvrés à domicile (France métropolitaine). Les frais s’élèvent à 6€ pour ce transporteur-là. Nous offrons les frais de livraison avec ce transporteur à partir de 55€ d’achat sur notre site (France métropolitaine).<\/p><p><em><strong>Colissimo Point Relais : <\/strong><\/em>livraison en 2 à 3 jours ouvrés en point relais (France métropolitaine). Les frais s’élèvent à 4,90€ pour cette méthode d’expédition. Nous offrons les frais de livraison avec ce transporteur à partir de 45€ d’achat sur notre site (France métropolitaine). <\/p><p><em><strong>Chronopost à domicile : <\/strong><\/em>livraison express en 24h pour toute commande passée avant 16h du lundi au vendredi (France métropolitaine). Les frais s’élèvent à 12€ pour ce transporteur.<\/p><p><em><strong>Chronopost Relais :<\/strong><\/em><em> <\/em>livraison express en 24h en point relais pour toute commande passée avant 16h du lundi au vendredi (France métropolitaine). Les frais s’élèvent à 8€ pour ce transporteur.<\/p>","page":""}},"ec7e9f39-dc29-4468-816e-23c17fa888be":{"type":"collapsible_row","settings":{"heading":"Où trouver des Payote à Perpignan ?","row_for":"Livraison","icon":"question_mark","row_content":"<p>À ce jour, nous avons une boutique officielle Payote qui se trouve au <strong>1325 avenue de la Salanque, 66000 Perpignan<\/strong>.<\/p><p>Nos horaires d’ouverture sont de <strong>10h à 13h et de 14h à 19h du lundi au samedi.<\/strong><\/p>","page":""}},"b03f376b-4e3c-403f-85be-d57fd4216b33":{"type":"collapsible_row","settings":{"heading":"Suivre la livraison de ma commande","row_for":"Livraison","icon":"question_mark","row_content":"<p>A l’expédition de votre commande, vous recevrez le <strong>numéro de suivi<\/strong> fourni par le transporteur que vous avez sélectionné.<\/p><p>Vous pouvez à tout moment suivre l’évolution de votre colis grâce au numéro de suivi sur le site du transporteur correspondant.<\/p>","page":""}},"3b456185-0ee7-4cee-b18a-00ebee830ea6":{"type":"collapsible_row","settings":{"heading":"Mon colis est considéré livré par la poste, mais je ne l'ai pas","row_for":"Livraison","icon":"question_mark","row_content":"<p>Avant de déclencher la procédure d’enquête auprès de Colissimo, veuillez-vous assurer qu’aucun membre de votre famille, ou voisin, ou gardien n’ait pas réceptionné le colis à votre place. C’est un cas que nous rencontrons fréquemment.<br\/>Si vous étiez absent pendant plus de 10 jours, il est également possible que le colis nous ait été retourné après dépassement du délai de conservation du colis dans votre bureau de poste. Votre suivi mentionne alors Colis retourné à l’expéditeur \/ Colis non réclamé. <\/p><p>Dans le cas contraire, il faut faire une <strong>contestation de livraison<\/strong> auprès de la Poste.<br\/>Si après leur enquête, le transporteur déclare que le colis est perdu, afin que nous puissions procéder à votre remboursement, il est nécessaire de nous fournir une preuve du transporteur pour la perte du colis. <br\/>Voici, si besoin, le numéro de <strong>Colissimo – 09 72 72 12 13<\/strong><\/p>","page":""}},"79c40a71-e02f-4fbc-9f79-9348cafacaca":{"type":"collapsible_row","settings":{"heading":"Mon colis est perdu","row_for":"Livraison","icon":"question_mark","row_content":"<p>Malheureusement, il arrive qu’un colis soit perdu et dans ce cas, il faut contacter le transporteur dans un premier temps, afin de faire une <strong>contestation de livraison<\/strong>.<br\/>Si après leur enquête le transporteur déclare que le colis est perdu, afin que nous puissions procéder à votre remboursement, il est nécessaire de nous fournir une preuve  pour la perte du colis. <br\/>Voici, si besoin, le numéro de <strong>Mondial Relay – 09 69 32 23 32<\/strong><\/p><p><em> A tout problème, une solution !<\/em><\/p>","page":""}},"d45e874c-40ad-4214-94ec-38999832bd8f":{"type":"collapsible_row","settings":{"heading":"Mon colis est retourné à l'expéditeur","row_for":"Livraison","icon":"question_mark","row_content":"<p>Malheureusement, une fois votre colis retourné à notre Atelier, celui-ci ne pourra pas vous être réexpédié et sera<strong>automatiquement remboursé<\/strong>dans un délai de 7 jours ouvrés.<\/p>","page":""}},"59cf35be-92e5-42d3-b344-7425d1e3b724":{"type":"collapsible_tab","settings":{"heading":"Retours & remboursements"}},"b8086f45-f84b-464d-8d73-3251f8e0b938":{"type":"collapsible_row","settings":{"heading":"Effectuer un retour","row_for":"Retours & remboursements","icon":"question_mark","row_content":"<p>Vous pouvez nous retourner vos produits s’ils ont simplement été essayés. Sachez qu’à l’heure actuelle il nous est <strong>impossible d’effectuer des échanges<\/strong> en raison de notre petit effectif. Nous faisons donc <strong>uniquement des remboursements<\/strong> sur les commandes retournées. Si vous souhaitez un produit dans une autre taille\/pointure, il suffira alors de <strong>passer une nouvelle commande sur notre site.<\/strong><\/p><p>Vous disposez d’un délai de <strong>30 jours après réception<\/strong> de votre commande pour nous retourner vos articles contre remboursement, ce délai pourra être rallongé en caas de circonstances exceptionnelles (précommandes, périodes de fêtes, ...).<br\/><strong>Les frais de retour sont à la charge du client.<\/strong> Vous pouvez envoyer votre colis retour en Colissimo en le déposant dans le point de votre choix.<\/p><p>Les produits endommagés ou salis ne seront ni repris, ni remboursés. Concernant <strong>les produits personnalisés, ils ne peuvent en aucun cas faire l’objet d’un échange ou d’un retour<\/strong> car ceux-ci sont dit sur-mesure, le droit de rétractation ne peut s’appliquer, conformément aux dispositions de l’article L 121-20 du Code de la Consommation.<\/p><p><em><strong>POUR EFFECTUER UN RETOUR, IL FAUT<\/strong><\/em>:<\/p><p>– Vous rendre sur notre portail de retour:    <a href=\"https:\/\/payote.shipping-portal.com\/rp\/\" target=\"_blank\" title=\"https:\/\/payote.shipping-portal.com\/rp\/\"><strong>Cliquez-ici<\/strong><\/a>.<\/p><p>– Indiquer votre numéro de commande et votre code postal de livraison (sans ces informations, vous ne pourrez pas accéder au portail de retour).<br\/><br\/>– Préparer le colis avec les articles à retourner tels qu’ils étaient à la livraison.<\/p><p>Le remboursement n'est pas automatique, il ne sera appliqué que lorsqu'il ne sera pas possible pour nous de fournir une autre solution en amont. Celui-ci s’effectuera sous un délai moyen de<strong> 7 jours ouvrables<\/strong> à compter de la réception du retour des marchandises par re-crédit sur carte bancaire ou par PayPal. Le remboursement sera indiqué au nom de “l’Atelier Danton” sur vos relevés.<\/p>","page":""}},"dd6d9fa2-3f4e-4354-92a1-326ac7950507":{"type":"collapsible_row","settings":{"heading":"Délais de remboursement","row_for":"Retours & remboursements","icon":"question_mark","row_content":"<p>En cas de remboursement, vous recevrez un email pour vous prévenir lorsque celui-ci aura été effectué. Il faut compter environ <strong>7 à 10 jours<\/strong> ouvrés pour que nous traitions votre colis en retour.<\/p><p>Nous effectuons le remboursement sur la carte de crédit ou sur le compte Paypal que vous avez utilisé pour réaliser pour votre achat. Le remboursement s’effectue sous l’intitulé <em><strong>\"L’Atelier Danton\".<\/strong><\/em> Nous vous demandons de bien vérifier au préalable votre relevé bancaire, mais aussi de penser au délai bancaire pour avoir la visibilité de celui-ci sur votre compte. <\/p>","page":""}},"7d22670f-87b6-490e-8550-5be36db7815b":{"type":"collapsible_row","settings":{"heading":"Échange de produit","row_for":"Retours & remboursements","icon":"question_mark","row_content":"<p>À l’heure actuelle, nous ne pouvons pas nous permettre de faire des échanges en raison de la logistique qu’ils engendrent. Si vous souhaitez une nouvelle pointure, il faut que vous repassiez commande à l'aide du bon d'achat généré lors de votre retour, celui-ci correspond à une carte cadeau que vous pouvez utiliser de manière classique sur la boutique.<\/p>","page":""}},"32bbf418-5146-4eac-a9f6-ba4c64cf2563":{"type":"collapsible_tab","settings":{"heading":"Mon compte"}},"24a8bb97-44b6-4542-a0df-57ddfbd2c25c":{"type":"collapsible_row","settings":{"heading":"Mot de passe oublié","row_for":"Mon compte","icon":"question_mark","row_content":"<p>Lorsque vous cliquez sur le lien mot de passe oublié, veuillez renseigner l’adresse mail qui a servi à la création de votre compte. Votre mot de passe vous sera envoyé par email instantanément. Veillez à vérifier dans votre courrier indésirable ou votre dossier spam en cas de non réception.<\/p><p>Si vous rencontrez un problème, n’hésitez pas à nous contacter. <\/p>","page":""}},"fa74353a-7437-4793-be4d-0b794c62b016":{"type":"collapsible_row","settings":{"heading":"M'inscrire à la newsletter","row_for":"Mon compte","icon":"question_mark","row_content":"<p>Inscrivez-vous à la newsletter de Payote lors de la création de votre compte ou en inscrivant votre email depuis la page d’accueil dans la rubrique newsletter en bas de page. Vous serez ainsi informé de l’actualité et de nos offres exclusives.<\/p>","page":""}},"87d24e1d-59ce-4097-a322-c40cb21620c5":{"type":"collapsible_row","settings":{"heading":"Me désinscrire de la newsletter","row_for":"Mon compte","icon":"question_mark","row_content":"<p>Vous pouvez vous désabonner de la newsletter en cliquant simplement sur le lien de désabonnement qui se trouve en en bas des newsletters que vous recevez. N’hésitez pas à nous contacter à ce sujet si vous rencontrez des difficultés.<\/p>","page":""}},"6f6c2d42-7d19-457b-9658-e36d74fcb3d3":{"type":"collapsible_text","settings":{"heading":"Vous n'avez pas trouvé votre réponse ?","text_content":"<p>Vous pouvez nous joindre <a href=\"tel:0468643224\" title=\"tel:0468643224\">par téléphone au 04.68.64.32.24<\/a> du Lundi au Vendredi de 9h à 13h et de 14h à 17h.<\/p><p>Vous pouvez également nous joindre par le Chat (icone en bas à gauche de votre page) du Lundi au Vendredi de 9h à 17h.<\/p><p>Vous pouvez aussi nous laisser un message via la <a href=\"\/pages\/contact\" title=\"Contact\">page de contact<\/a>.<\/p>"}}},"block_order":["d575278e-84a5-4882-a02d-8e577c570054","89aa0d64-a20a-4e9e-a2af-f5a78ff05424","d7facd1d-983d-4fce-805f-f0707a89aa5f","75d9554f-646a-4284-aa57-63b7809b9732","64e277b8-9272-4c6c-84bf-6efeb252b149","5f1957f9-b391-4d5c-9a41-d5bb406ce0cc","c37f5aac-31b5-472a-ab8e-a0de292b6d8f","ddf7ed2c-7f25-4dc1-aa38-5c973d7069bc","788b4b1c-327f-45d6-b005-f5aba509387c","11ca48f6-fa99-4c54-a1db-a89bab442a1d","d4402e05-c1f6-44d9-8513-24f3d421eaaf","2f4b342d-8110-4c71-bc2c-ea029352e7a2","07e97938-ad03-425a-8a01-40c131775d06","0f1a0f31-44d8-4945-a60d-812995ed0cfa","4ad8965b-1feb-4669-96fd-97b29afbaa83","14cd74b9-d316-4802-918a-1c1559370172","8dec78d5-d0ac-4f2d-9fd8-1c1b36702fec","e966be09-cd66-42ab-a64b-ca1d836939bc","ec7e9f39-dc29-4468-816e-23c17fa888be","b03f376b-4e3c-403f-85be-d57fd4216b33","3b456185-0ee7-4cee-b18a-00ebee830ea6","79c40a71-e02f-4fbc-9f79-9348cafacaca","d45e874c-40ad-4214-94ec-38999832bd8f","59cf35be-92e5-42d3-b344-7425d1e3b724","b8086f45-f84b-464d-8d73-3251f8e0b938","dd6d9fa2-3f4e-4354-92a1-326ac7950507","7d22670f-87b6-490e-8550-5be36db7815b","32bbf418-5146-4eac-a9f6-ba4c64cf2563","24a8bb97-44b6-4542-a0df-57ddfbd2c25c","fa74353a-7437-4793-be4d-0b794c62b016","87d24e1d-59ce-4097-a322-c40cb21620c5","6f6c2d42-7d19-457b-9658-e36d74fcb3d3"],"settings":{"heading_size":"h2","heading_alignment":"center","layout":"section","color_scheme":"background-1","container_color_scheme":"background-2","open_first_collapsible_row":true,"padding_top":36,"padding_bottom":36}}},"order":["0ab5b301-bb9f-4a34-870b-ac195dfd212c","main","b488422b-0abb-4b05-8e68-1a01a6469c5f"]}