{"sections":{"ed3a394d-f693-4624-816a-012c3f62a16c":{"type":"image-banner","blocks":{"424fc57c-06ad-4b03-870a-8e3cbe8ffb6c":{"type":"image","settings":{"image_logo":"shopify:\/\/shop_images\/payote-x-4murs-logos.webp","image_logo_size":70}}},"block_order":["424fc57c-06ad-4b03-870a-8e3cbe8ffb6c"],"settings":{"image":"shopify:\/\/shop_images\/banniere_collab_payote-x-4murs.webp","image_overlay_opacity":0,"image_height":"medium","adapt_height_first_image":false,"desktop_content_position":"middle-right","show_text_box":false,"desktop_content_alignment":"center","color_scheme":"background-1","mobile_content_alignment":"center","stack_images_on_mobile":false,"show_text_below":false}},"c0501b55-0e5c-41c7-ae5c-fc6d74d2ee83":{"type":"rich-text","blocks":{"template--16124314484921__c0501b55-0e5c-41c7-ae5c-fc6d74d2ee83-16672207840b554d92-0":{"type":"heading","settings":{"heading":"<p>Dame yeah !<\/p>","heading_size":"h3","heading_color_part1":"#21306b","heading_color_part2":"#ef6a20","no_color":true,"animate":true}}},"block_order":["template--16124314484921__c0501b55-0e5c-41c7-ae5c-fc6d74d2ee83-16672207840b554d92-0"],"settings":{"desktop_content_position":"center","content_alignment":"center","color_scheme":"background-1","full_width":true,"reductible":false,"padding_top":40,"padding_bottom":0}},"ab71cceb-1b50-4083-a1cc-eaf998106d82":{"type":"rich-text","blocks":{"template--16124314484921__ab71cceb-1b50-4083-a1cc-eaf998106d82-16672207840b554d92-0":{"type":"heading","settings":{"heading":"<p>La collab' qui ne se tient pas à carreau<\/p>","heading_size":"h2","heading_color_part1":"#21306b","heading_color_part2":"#ef6a20","no_color":true,"animate":false}}},"block_order":["template--16124314484921__ab71cceb-1b50-4083-a1cc-eaf998106d82-16672207840b554d92-0"],"settings":{"desktop_content_position":"center","content_alignment":"center","color_scheme":"background-1","full_width":true,"reductible":false,"padding_top":40,"padding_bottom":0}},"main":{"type":"main-page","settings":{"show_heading":true,"text_style":"text","content_alignment":"left","padding_top":28,"padding_bottom":48}},"e7971a4b-c0b6-47d8-b998-80f7ad91817e":{"type":"image-with-text","blocks":{"template--16124314484921__e7971a4b-c0b6-47d8-b998-80f7ad91817e-1667221018b5e3154c-0":{"type":"heading","settings":{"heading":"Tout est une question de style","heading_size":"h2","heading_color":"#e27b6b"}},"template--16124314484921__e7971a4b-c0b6-47d8-b998-80f7ad91817e-1667221018b5e3154c-1":{"type":"text","settings":{"text":"<p>Un joli assortiement de damiers et de rayures, ajoutez-y une pièce d’échec, le tout dans des couleurs joyeuses et décalées.<\/p><p>De quoi casser les codes des classiques.<\/p>","text_style":"body","text_column":1,"text_color":"#25459b"}},"ec98adf4-5115-4d04-9bc3-dd8875a61576":{"type":"product","settings":{"link_product_1":"chausson-espadrille-dame-yeah-bleu","button_color":"#6787d0","button_text_color":"#ffffff"}}},"block_order":["template--16124314484921__e7971a4b-c0b6-47d8-b998-80f7ad91817e-1667221018b5e3154c-0","template--16124314484921__e7971a4b-c0b6-47d8-b998-80f7ad91817e-1667221018b5e3154c-1","ec98adf4-5115-4d04-9bc3-dd8875a61576"],"settings":{"image":"shopify:\/\/shop_images\/PACKSHOT_COULEUR_PAYOTE_CARRE-5.webp","height":"adapt","desktop_image_width":"medium","layout":"text_first","full_width":true,"side_side":true,"desktop_content_position":"middle","desktop_content_alignment":"left","content_layout":"no-overlap","no_color":true,"color_scheme":"background-1","background_color":"#e6dbd0","mobile_content_alignment":"center","padding_top":0,"padding_bottom":0}},"e5b18066-4e90-40ca-b0eb-52d99b059a67":{"type":"image-with-text","blocks":{"template--16124314484921__e5b18066-4e90-40ca-b0eb-52d99b059a67-1667222441eb3cfab7-0":{"type":"heading","settings":{"heading":"Un savoir faire français","heading_size":"h2","heading_color":"#e27b6b"}},"template--16124314484921__e5b18066-4e90-40ca-b0eb-52d99b059a67-1667222441eb3cfab7-1":{"type":"text","settings":{"text":"<p>Fabriqué à Mauléon, dans le pays basque, aux pieds des Pyrénées, dans une atelier Familial.<\/p><p>De la découpe de la toile à la couture de l’étiquette, toutes les étapes font parties d’un savoir faire ancestral transmis de génération en génération.<\/p>","text_style":"body","text_column":1,"text_color":"#1d61ab"}},"686dafb3-b29a-461a-b3e2-b604c3bc4b75":{"type":"product","settings":{"link_product_1":"chausson-espadrille-dame-yeah-beige","button_color":"#e27b6b","button_text_color":"#ffffff"}}},"block_order":["template--16124314484921__e5b18066-4e90-40ca-b0eb-52d99b059a67-1667222441eb3cfab7-0","template--16124314484921__e5b18066-4e90-40ca-b0eb-52d99b059a67-1667222441eb3cfab7-1","686dafb3-b29a-461a-b3e2-b604c3bc4b75"],"settings":{"image":"shopify:\/\/shop_images\/PACKSHOT_COULEUR_PAYOTE_CARRE-3.webp","height":"adapt","desktop_image_width":"medium","layout":"image_first","full_width":true,"side_side":true,"desktop_content_position":"middle","desktop_content_alignment":"left","content_layout":"no-overlap","no_color":true,"color_scheme":"background-1","background_color":"#e6dbd0","mobile_content_alignment":"center","padding_top":0,"padding_bottom":0}},"b317ab7a-61b4-4c0e-9a1f-7e9b486f9f4c":{"type":"image-with-text","blocks":{"template--16124314484921__b317ab7a-61b4-4c0e-9a1f-7e9b486f9f4c-166722788109a8a4af-0":{"type":"heading","settings":{"heading":"Ne la ratez pas !","heading_size":"h2","heading_color":"#e27b6b"}},"template--16124314484921__b317ab7a-61b4-4c0e-9a1f-7e9b486f9f4c-166722788109a8a4af-1":{"type":"text","settings":{"text":"<p>Ne manquez pas cette jolie collaboration. Rendez-vous sur notre compte Instagram :<\/p><p><a href=\"https:\/\/www.instagram.com\/payotespadrille\/\" target=\"_blank\" title=\"Voir notre Instagram\">@payotespadrilles<\/a><\/p>","text_style":"body","text_column":1,"text_color":"#6787d0"}},"854c459e-bba5-4045-9145-eaf7cd1b6a5e":{"type":"product","settings":{"link_product_1":"chausson-espadrille-dame-yeah-vert","button_color":"#7d9c79","button_text_color":"#ffffff"}}},"block_order":["template--16124314484921__b317ab7a-61b4-4c0e-9a1f-7e9b486f9f4c-166722788109a8a4af-0","template--16124314484921__b317ab7a-61b4-4c0e-9a1f-7e9b486f9f4c-166722788109a8a4af-1","854c459e-bba5-4045-9145-eaf7cd1b6a5e"],"settings":{"image":"shopify:\/\/shop_images\/PACKSHOT_COULEUR_PAYOTE_CARRE-8.webp","height":"adapt","desktop_image_width":"medium","layout":"text_first","full_width":true,"side_side":true,"desktop_content_position":"middle","desktop_content_alignment":"left","content_layout":"no-overlap","no_color":true,"color_scheme":"background-1","background_color":"#e6dbd0","mobile_content_alignment":"center","padding_top":0,"padding_bottom":0}},"d8cd90de-fb5b-4423-9930-03efdb6a5f8c":{"type":"rich-text","blocks":{"template--16124314484921__d8cd90de-fb5b-4423-9930-03efdb6a5f8c-16672289192ae6b423-0":{"type":"heading","settings":{"heading":"<p>Dame yeah !<\/p>","heading_size":"h2","heading_color_part1":"#21306b","heading_color_part2":"#ef6a20","no_color":true,"animate":true}}},"block_order":["template--16124314484921__d8cd90de-fb5b-4423-9930-03efdb6a5f8c-16672289192ae6b423-0"],"settings":{"desktop_content_position":"center","content_alignment":"center","color_scheme":"background-1","full_width":true,"reductible":false,"padding_top":40,"padding_bottom":100}}},"order":["ed3a394d-f693-4624-816a-012c3f62a16c","c0501b55-0e5c-41c7-ae5c-fc6d74d2ee83","ab71cceb-1b50-4083-a1cc-eaf998106d82","main","e7971a4b-c0b6-47d8-b998-80f7ad91817e","e5b18066-4e90-40ca-b0eb-52d99b059a67","b317ab7a-61b4-4c0e-9a1f-7e9b486f9f4c","d8cd90de-fb5b-4423-9930-03efdb6a5f8c"]}