{"sections":{"1f1c65b1-be39-4343-95cb-7544dd3a0952":{"type":"main-page","settings":{"show_heading":true,"text_style":"text","content_alignment":"left","max_width":100,"padding_top":36,"padding_bottom":36}},"forms":{"type":"apps","blocks":{"29583847-819f-4e7f-bc8c-40ca4e76382c":{"type":"shopify:\/\/apps\/forms\/blocks\/inline\/8744a304-fcb1-4347-b211-bb6b4759a76a","settings":{"form_id":"137508","text_color":"#003b9a","button_background_color":"#ff6847","button_label_color":"#FFFFFF","links_color":"#1878B9","errors_color":"#E02229","text_alignment":"center","form_alignment":"center","padding_top":0,"padding_bottom":11,"padding_right":10,"padding_left":10}}},"block_order":["29583847-819f-4e7f-bc8c-40ca4e76382c"],"settings":{"include_margins":true}}},"order":["1f1c65b1-be39-4343-95cb-7544dd3a0952","forms"]}