{"sections":{"e7971a4b-c0b6-47d8-b998-80f7ad91817e":{"type":"image-with-text","blocks":{"template--16124314484921__e7971a4b-c0b6-47d8-b998-80f7ad91817e-1667221018b5e3154c-0":{"type":"heading","settings":{"heading":"RÉSERVE TA PLACE","heading_size":"h1","heading_color":"#ff6847","img_replacement":false,"heading_alignment":"left"}},"template--16124314484921__e7971a4b-c0b6-47d8-b998-80f7ad91817e-1667221018b5e3154c-1":{"type":"text","settings":{"text":"<p>Retrouvez ci-dessous notre calendrier de réservation pour les ateliers \"Fabrique ta paire\". La réservation ne peut se faire qu'une fois après avoir fait l'achat d'un bon atelier. <\/p><p>Une fois votre inscription faite, il faudra attendre la validation de votre participation à l'atelier par mail. <\/p>","text_style":"body","text_column":1,"text_color":"#ffffff","img_replacement":false,"text_alignment":"left"}},"04555328-f598-4aef-8055-48f56926eb5b":{"type":"caption","disabled":true,"settings":{"caption":"Vous n'avez pas encore votre place ?","text_style":"caption-with-letter-spacing","text_size":"medium","caption_color":"#ffffff","img_replacement":false,"caption_alignment":"left"}},"8517be72-cdae-40a8-b06d-389115d752d4":{"type":"button","disabled":true,"settings":{"button_label":"J'achète ma place","button_link":"shopify:\/\/products\/visite-de-latelier","icon":"none","button_color":"#ff6847","button_text_color":"#ffffff","img_replacement":false}}},"block_order":["template--16124314484921__e7971a4b-c0b6-47d8-b998-80f7ad91817e-1667221018b5e3154c-0","template--16124314484921__e7971a4b-c0b6-47d8-b998-80f7ad91817e-1667221018b5e3154c-1","04555328-f598-4aef-8055-48f56926eb5b","8517be72-cdae-40a8-b06d-389115d752d4"],"settings":{"image":"shopify:\/\/shop_images\/header-fabrique-ta-paire.webp","autoplay":false,"height":"adapt","desktop_image_width":"medium","layout":"text_first","full_width":true,"side_side":true,"desktop_content_position":"middle","desktop_content_alignment":"left","content_layout":"no-overlap","no_color":true,"color_scheme":"background-1","background_color":"#407f60","mobile_content_alignment":"center","padding_top":0,"padding_bottom":0}},"main":{"type":"main-page","disabled":true,"settings":{"show_heading":true,"text_style":"text","content_alignment":"left","max_width":100,"padding_top":28,"padding_bottom":48}},"1739d9e4-07e1-41c5-b8ce-683f65508389":{"type":"custom-liquid","settings":{"custom_liquid":"<!-- Début de widget en ligne Calendly -->\n<div id=\"reservation\" class=\"calendly-inline-widget\" data-url=\"https:\/\/calendly.com\/atelier-fabrique-ta-paire-payote\/reservation?hide_gdpr_banner=1&background_color=f9f9f9&text_color=213061&primary_color=f56d3d&month=2024-01\" style=\"min-width:320px;height:900px;overflow:hidden;\"><\/div>\n<script type=\"text\/javascript\" src=\"https:\/\/assets.calendly.com\/assets\/external\/widget.js\" async><\/script>\n<!-- Fin de widget en ligne Calendly -->","color_scheme":"background-2","padding_top":52,"padding_bottom":52}},"d8cd90de-fb5b-4423-9930-03efdb6a5f8c":{"type":"rich-text","blocks":{"5407e801-4c04-4db7-ac10-9f2cc36aa48b":{"type":"heading","settings":{"heading":"<p>Vous n'avez pas encore votre bon atelier ?<\/p><p><\/p>","heading_size":"h1","heading_color_part1":"#21306b","heading_color_part2":"#ef6a20","no_color":true,"animate":false}},"dd054edb-b199-44de-a382-5c55c1db5a1e":{"type":"button","settings":{"button_label":"Atelier \"Fabrique ta paire\"","button_link":"shopify:\/\/products\/visite-de-latelier","button_style_secondary":false,"button_label_2":"","button_link_2":"","button_style_secondary_2":false,"button_color":"#21306b","button_text_color":"#ffffff"}},"d6669d13-6064-4a66-a369-0a77258b4bc9":{"type":"text","disabled":true,"settings":{"text":"<p>ou<\/p>","text_color":"#21306b","text_style":"classic","text_size":"small"}},"ca76925e-ca5a-4065-a85d-d3e5c14747ca":{"type":"button","disabled":true,"settings":{"button_label":"J'offre un bon cadeau","button_link":"shopify:\/\/products\/visite-de-latelier","button_style_secondary":false,"button_label_2":"","button_link_2":"","button_style_secondary_2":false,"button_color":"#ff6847","button_text_color":"#ffffff"}}},"block_order":["5407e801-4c04-4db7-ac10-9f2cc36aa48b","dd054edb-b199-44de-a382-5c55c1db5a1e","d6669d13-6064-4a66-a369-0a77258b4bc9","ca76925e-ca5a-4065-a85d-d3e5c14747ca"],"settings":{"desktop_content_position":"center","content_alignment":"center","color_scheme":"background-1","full_width":true,"reductible":false,"max_width":100,"padding_top":100,"padding_bottom":100}}},"order":["e7971a4b-c0b6-47d8-b998-80f7ad91817e","main","1739d9e4-07e1-41c5-b8ce-683f65508389","d8cd90de-fb5b-4423-9930-03efdb6a5f8c"]}