{"sections":{"177f7a2d-2442-4e79-bea4-a2f887c5618e":{"type":"image-banner","blocks":{"template--16113771315385__177f7a2d-2442-4e79-bea4-a2f887c5618e-1666338426b8be1eac-0":{"type":"heading","settings":{"heading":"Collection inclusive : ne prenez qu'un seul pied !","heading_size":"h1"}},"template--16113771315385__177f7a2d-2442-4e79-bea4-a2f887c5618e-1666338426b8be1eac-1":{"type":"text","settings":{"text":"Retrouvez nos iconiques espadrilles imprimées disponibles à l'unité","text_style":"body"}}},"block_order":["template--16113771315385__177f7a2d-2442-4e79-bea4-a2f887c5618e-1666338426b8be1eac-0","template--16113771315385__177f7a2d-2442-4e79-bea4-a2f887c5618e-1666338426b8be1eac-1"],"settings":{"image":"shopify:\/\/shop_images\/perfect.jpg","image_overlay_opacity":0,"image_height":"medium","adapt_height_first_image":false,"desktop_content_position":"middle-center","show_text_box":false,"desktop_content_alignment":"center","color_scheme":"background-1","mobile_content_alignment":"center","mobile_content_position":"middle-center","stack_images_on_mobile":true,"show_text_below":false}},"rich_text_TMPgdj":{"type":"rich-text","blocks":{"heading_EtXypT":{"type":"heading","settings":{"heading":"<p>Payote : l'inclusivité jusqu'au bout du pied<\/p>","heading_size":"h2","heading_color_part1":"#21306b","heading_color_part2":"#ef6a20","no_color":true,"animate":false}},"text_R3R9md":{"type":"text","settings":{"text":"<p>Pour être toujours au plus près de vos besoins, nous nous sommes embarqués dans un nouveau projet : vous proposer une collection <strong>d'espadrilles vendues à l'unité.<\/strong> Tropical, animal ou galactique avec Goldorak, laissez-nous vous dévoiler <strong>nos motifs phares sur un seul pied. <\/strong>Comme dans le sport, nous prônons le dépassement de soi et cherchons toujours à ouvrir votre champ des possibles. Grâce à cette <strong>collection en l'honneur des Jeux Paralympiques<\/strong>, vous pourrez ainsi laisser libre cours à votre créativité. Vous souhaitez une espadrille avec un pied gauche tropical et un pied droit <em>rock 'n' roll<\/em> ? C'est possible ! Osez sortir des sentiers battus et explorez de nouveaux horizons avec ces <strong>espadrilles originales et made in France. <\/strong><\/p>","text_color":"#21306b","text_style":"classic","text_size":"small"}}},"block_order":["heading_EtXypT","text_R3R9md"],"settings":{"desktop_content_position":"center","content_alignment":"center","color_scheme":"background-1","full_width":false,"reductible":false,"max_width":95,"padding_top":40,"padding_bottom":52}},"image_with_text_f9HqLy":{"type":"image-with-text","blocks":{"heading_cL6d8D":{"type":"heading","settings":{"heading":"Un projet qui reflète nos engagements","heading_size":"h2","heading_color":"#21306b","img_replacement":false,"heading_alignment":"left"}},"text_RAP6af":{"type":"text","settings":{"text":"<p>Nous cherchons constamment à être le plus inclusif possible en s’adaptant aux spécificités de chacun. Notre partenariat avec le grand événement sportif que la France va accueillir<strong> <\/strong>nous a permis de faire un pas de plus vers cet objectif. Ces <strong>nouveaux modèles vendus à l’unité <\/strong>s’inscrivent dans notre engagement pour plus d’adaptabilité et d’intégration. Les pieds à l’unité permettent ainsi de prendre en compte les besoins de chacun pour leur proposer une solution adaptée. Nous pensons notamment aux personnes souffrant d'une déficience physique comme les unijambistes qui étaient obligées jusqu'à aujourd'hui de s'acheter une paire complète. Cette nouveauté va leur permettre de s'éviter ce désagrément pour enfin profiter d'un produit adapté à eux. <\/p>","text_style":"body","text_column":1,"text_color":"#21306b","img_replacement":false,"text_alignment":"left"}},"button_Mjaz4j":{"type":"button","settings":{"button_label":"Découvrir","button_link":"https:\/\/payote.fr\/collections\/pied-a-lunite","icon":"none","button_color":"#21306b","button_text_color":"#ffffff","img_replacement":false}}},"block_order":["heading_cL6d8D","text_RAP6af","button_Mjaz4j"],"settings":{"image":"shopify:\/\/shop_images\/espadrille-pied-unitaire1.webp","height":"adapt","desktop_image_width":"medium","layout":"image_first","full_width":false,"side_side":false,"desktop_content_position":"top","desktop_content_alignment":"left","content_layout":"no-overlap","no_color":true,"color_scheme":"background-1","background_color":"#ffffff","mobile_content_alignment":"left","padding_top":36,"padding_bottom":36}},"main":{"type":"main-page","disabled":true,"settings":{"show_heading":false,"text_style":"text","content_alignment":"left","max_width":80,"padding_top":40,"padding_bottom":40}},"6c7383fd-9a70-4ffa-abbd-686aee93e491":{"type":"rich-text","blocks":{"template--19922755322186__6c7383fd-9a70-4ffa-abbd-686aee93e491-heading-1":{"type":"heading","settings":{"heading":"<p>Donnez vie à des compositions uniques<\/p>","heading_size":"h2","heading_color_part1":"#21306b","heading_color_part2":"#ef6a20","no_color":true,"animate":false}},"template--19922755322186__6c7383fd-9a70-4ffa-abbd-686aee93e491-text-1":{"type":"text","settings":{"text":"<p>Par delà l'inclusivité, les modèles vendus à l'unité vous permettent aussi de<strong> créer une paire d'espadrille unique qui soit à votre image. <\/strong>En effet, rien ne vous empêche de mélanger les imprimés pour vous offrir une paire dépareillée. Vous pouvez aussi opter pour un pied uni et un pied à motifs. La broderie vous offrira aussi une possibilité de personnalisation supplémentaire. Une chose est sûre : c'est avec grande fierté que nous verrons les belles créations que cette collection pourra inspirer. Vous l'aurez compris, cette nouveauté vous offre l'opportunité de libérer tout votre potentiel créatif pour vous dépasser et être pleinement à l'écoute de vos envies. N'oublions pas <strong>l'aspect écoresponsable <\/strong>qu'elle met aussi en exergue : si au fur et à mesure de vos escapades, une de vos espadrilles venait à s'user, vous pourriez alors recommander uniquement un seul pied pour continuer à utiliser votre paire. <\/p><p>Autre bénéfice de cette nouvelle collection : tous ceux qui ont deux pieds qui taillent différemment pourront enfin composer la paire d'espadrille qui leur conviendra parfaitement. En effet, de nombreux clients qui ont un pied plus fort que l'autre nous ont fait part de leur difficulté à se chausser correctement. Si votre pied gauche fait du 42 et le droit du 43, cette collection vous permettra de prendre deux tailles différentes sans avoir à acheter deux paires. L'occasion d'adapter un grand proverbe à la situation : vous pourrez faire d'une paire deux pieds heureux. <\/p>","text_color":"#21306b","text_style":"classic","text_size":"small"}}},"block_order":["template--19922755322186__6c7383fd-9a70-4ffa-abbd-686aee93e491-heading-1","template--19922755322186__6c7383fd-9a70-4ffa-abbd-686aee93e491-text-1"],"custom_css":[".rich-text__buttons {margin-top: 30px;}"],"settings":{"desktop_content_position":"center","content_alignment":"center","color_scheme":"background-1","full_width":false,"reductible":false,"max_width":100,"padding_top":40,"padding_bottom":52}},"rich_text_kApwKw":{"type":"rich-text","blocks":{"heading_btHRrV":{"type":"heading","settings":{"heading":"<p>Découvrez nos modèles à l'unité<\/p>","heading_size":"h2","heading_color_part1":"#21306b","heading_color_part2":"#ef6a20","no_color":true,"animate":false}}},"block_order":["heading_btHRrV"],"settings":{"desktop_content_position":"center","content_alignment":"center","color_scheme":"background-1","full_width":true,"reductible":false,"max_width":100,"padding_top":40,"padding_bottom":52}},"96ed341c-0087-4535-b6e7-e956d9a4784c":{"type":"featured-collection","settings":{"title":"","heading_size":"h1","description":"","show_description":false,"description_style":"body","collection":"pied-a-lunite","products_to_show":4,"columns_desktop":4,"full_width":false,"show_view_all":true,"view_all_style":"solid","enable_desktop_slider":false,"slider_visual":"counter","auto_rotate":false,"change_slides_speed":5,"change_slides_per_page":1,"color_scheme":"background-1","image_ratio":"adapt","show_secondary_image":false,"show_vendor":false,"show_rating":false,"enable_quick_add":false,"columns_mobile":"2","swipe_on_mobile":false,"padding_top":36,"padding_bottom":36}}},"order":["177f7a2d-2442-4e79-bea4-a2f887c5618e","rich_text_TMPgdj","image_with_text_f9HqLy","main","6c7383fd-9a70-4ffa-abbd-686aee93e491","rich_text_kApwKw","96ed341c-0087-4535-b6e7-e956d9a4784c"]}