{"sections":{"main":{"type":"main-page","disabled":true,"settings":{"show_heading":true,"text_style":"text","content_alignment":"left","max_width":100,"padding_top":28,"padding_bottom":28}},"4398a412-c757-43b8-b491-a0c92e7f9110":{"type":"blog-banner","settings":{"image_overlay_opacity":0,"image_height":"medium","adapt_height_first_image":false,"desktop_content_position":"middle-center","show_text_box":true,"desktop_content_alignment":"center","color_scheme":"background-1","mobile_content_alignment":"center","mobile_content_position":"middle-center","stack_images_on_mobile":true,"show_text_below":true}},"b533c9b5-04a5-432c-8e45-bf1e5cd033b4":{"type":"slideshow","blocks":{"template--18565433885002__b533c9b5-04a5-432c-8e45-bf1e5cd033b4-168139181744292f72-0":{"type":"slide","settings":{"image":"shopify:\/\/shop_images\/Rectangle_1.png","heading":"La semaine du recyclage","heading_size":"h1","subheading":"Rien ne se paire, tout se transforme !","button_label":"","link":"","button_style_secondary":false,"link_on_slide":true,"box_align":"middle-center","show_text_box":false,"text_alignment":"center","image_overlay_opacity":0,"color_scheme":"background-1","text_alignment_mobile":"center","mobile_box_align":"middle-center"}}},"block_order":["template--18565433885002__b533c9b5-04a5-432c-8e45-bf1e5cd033b4-168139181744292f72-0"],"settings":{"layout":"full_bleed","slide_height":"adapt_image","slider_visual":"counter","auto_rotate":false,"change_slides_speed":5,"change_slides_per_page":1,"change_slides_to_show":1,"show_text_below":true,"accessibility_info":"Slideshow about our brand"}},"6b3d098b-6b24-4c9a-9033-c3938bd12c2e":{"type":"rich-text","blocks":{"template--18565433885002__6b3d098b-6b24-4c9a-9033-c3938bd12c2e-168139190207a262c6-0":{"type":"heading","settings":{"heading":"<p>Payote vous propose de donner vos vêtements usés du 17 AU 21 AVRIL lors de la semaine du recyclage  <\/p>","heading_size":"h3","heading_color_part1":"#000000","heading_color_part2":"#000000","no_color":true,"animate":false}}},"block_order":["template--18565433885002__6b3d098b-6b24-4c9a-9033-c3938bd12c2e-168139190207a262c6-0"],"settings":{"desktop_content_position":"center","content_alignment":"center","color_scheme":"background-1","full_width":true,"reductible":false,"max_width":100,"padding_top":40,"padding_bottom":52}},"9a5403b4-18de-4fb9-831c-0584396e25ba":{"type":"image-with-text","blocks":{"template--18565433885002__9a5403b4-18de-4fb9-831c-0584396e25ba-16813919532ec57440-0":{"type":"heading","settings":{"heading":"La surconsommation de l’industrie textile","heading_size":"h3","heading_color":"#000000","img_replacement":false,"heading_alignment":"left"}},"template--18565433885002__9a5403b4-18de-4fb9-831c-0584396e25ba-16813919532ec57440-1":{"type":"text","settings":{"text":"<p>Chez Payote, nous croyons que chaque petite action compte. En participant à notre initiative et en adoptant une consommation plus responsable, vous contribuez à un avenir plus durable pour nous tous. Afin de sensibiliser à la surconsommation de textile, nous lançons l’opération rien ne se paire, tout se transforme.En effet, il est crucial de changer la mentalité actuelle qui pousse à acheter plus, pour privilégier une consommation plus raisonnée et plus responsable.Rejoignez-nous dans notre engagement en faveur d'une planète plus saine, d'un avenir plus vert et d'une vie plus équilibrée.  <\/p>","text_style":"body","text_column":1,"text_color":"#21306b","img_replacement":false,"text_alignment":"left"}}},"block_order":["template--18565433885002__9a5403b4-18de-4fb9-831c-0584396e25ba-16813919532ec57440-0","template--18565433885002__9a5403b4-18de-4fb9-831c-0584396e25ba-16813919532ec57440-1"],"settings":{"image":"shopify:\/\/shop_images\/Rectangle_2_1.png","height":"adapt","desktop_image_width":"medium","layout":"image_first","full_width":true,"side_side":false,"desktop_content_position":"top","desktop_content_alignment":"left","content_layout":"no-overlap","no_color":true,"color_scheme":"background-1","background_color":"#ffffff","mobile_content_alignment":"left","padding_top":36,"padding_bottom":36}},"1a8da81d-9c4f-49a6-94ee-76cb215129c2":{"type":"rich-text","blocks":{"d2053ede-abe0-417d-84e7-70fc0c0a9d94":{"type":"heading","settings":{"heading":"<p>Pourquoi donner au lieu de jeter ses vêtements ?<\/p>","heading_size":"h3","heading_color_part1":"#000000","heading_color_part2":"#000000","no_color":true,"animate":false}}},"block_order":["d2053ede-abe0-417d-84e7-70fc0c0a9d94"],"settings":{"desktop_content_position":"center","content_alignment":"center","color_scheme":"background-1","full_width":true,"reductible":false,"max_width":100,"padding_top":40,"padding_bottom":52}},"52f845b3-459e-4524-85f9-2bb0247898d3":{"type":"footer-multicolumn","blocks":{"template--18565433885002__52f845b3-459e-4524-85f9-2bb0247898d3-16813921036621ab0e-0":{"type":"column","settings":{"image":"shopify:\/\/shop_images\/recycler.png","title":"","text":"<p>Pour donner une nouvelle vie à vos vieux vêtements <\/p>","link_label":"","link":"","color_scheme":"background-1"}},"template--18565433885002__52f845b3-459e-4524-85f9-2bb0247898d3-16813921036621ab0e-1":{"type":"column","settings":{"image":"shopify:\/\/shop_images\/soins-de-sante.png","title":"","text":"<p>Pour rendre heureux des personnes dans le besoin <\/p>","link_label":"","link":"","color_scheme":"background-1"}}},"block_order":["template--18565433885002__52f845b3-459e-4524-85f9-2bb0247898d3-16813921036621ab0e-0","template--18565433885002__52f845b3-459e-4524-85f9-2bb0247898d3-16813921036621ab0e-1"],"custom_css":[],"settings":{"layout":"full_bleed","image_maxwidth":54,"columns_desktop":2,"column_alignment":"left","background_style":"primary","color_scheme":"background-1","background_color":"#fcf1ed","columns_mobile":"1","padding_top":36,"padding_bottom":36}},"8606b729-f637-4794-848c-66b43e4c9c23":{"type":"rich-text","blocks":{"fa962d16-5fbb-4f9b-80b0-fe87cdfac8d7":{"type":"heading","settings":{"heading":"<p>on mérite tous une deuxième chance !<\/p>","heading_size":"h3","heading_color_part1":"#000000","heading_color_part2":"#000000","no_color":true,"animate":false}}},"block_order":["fa962d16-5fbb-4f9b-80b0-fe87cdfac8d7"],"settings":{"desktop_content_position":"center","content_alignment":"center","color_scheme":"background-1","full_width":true,"reductible":false,"max_width":100,"padding_top":40,"padding_bottom":52}},"55e0671b-98db-4d22-96ff-e2903cb869dc":{"type":"rich-text","blocks":{"72bbef5d-d533-458c-a71b-4b4a50937d78":{"type":"heading","settings":{"heading":"<p>Quelles sont les étapes pour envoyer ?<\/p>","heading_size":"h3","heading_color_part1":"#000000","heading_color_part2":"#000000","no_color":true,"animate":false}}},"block_order":["72bbef5d-d533-458c-a71b-4b4a50937d78"],"settings":{"desktop_content_position":"center","content_alignment":"center","color_scheme":"background-1","full_width":true,"reductible":false,"max_width":100,"padding_top":40,"padding_bottom":52}},"0d4681d7-cbf5-4c57-b862-7e085e47b9f5":{"type":"footer-multicolumn","blocks":{"41e3694d-710c-416d-82db-b5f2a2c36eb3":{"type":"column","settings":{"image":"shopify:\/\/shop_images\/cliquez-sur_1.png","title":"","text":"<p>Il te suffit de cliquer sur le bouton - <strong>GÉNÉRÉ LE BON<\/strong> - afin de créer ton bordereau.<\/p>","link_label":"","link":"","color_scheme":"background-1"}},"cbdccf69-8c95-415b-91ed-51792b4af646":{"type":"column","settings":{"image":"shopify:\/\/shop_images\/imprimante.png","title":"","text":"<p>Imprime ton bon et colle-le sur ton colis contenant les vêtements (limite de poids d’environ 1 kilo)<\/p>","link_label":"","link":"","color_scheme":"background-1"}}},"block_order":["41e3694d-710c-416d-82db-b5f2a2c36eb3","cbdccf69-8c95-415b-91ed-51792b4af646"],"settings":{"layout":"full_bleed","image_maxwidth":54,"columns_desktop":2,"column_alignment":"left","background_style":"primary","color_scheme":"background-1","background_color":"rgba(0,0,0,0)","columns_mobile":"1","padding_top":36,"padding_bottom":36}},"670fcdd7-30ac-4781-aeaf-6f097dee6557":{"type":"footer-multicolumn","blocks":{"c663bb12-d5f6-408f-a16a-c4ad295f07db":{"type":"column","settings":{"image":"shopify:\/\/shop_images\/boite.png","title":"","text":"<p>Rend toi dans un point Mondial relay autour de chez toi afin d’y déposer ton colis.<\/p>","link_label":"","link":"","color_scheme":"background-1"}},"32bef3bd-7e49-423e-a94b-c10b511bce41":{"type":"column","settings":{"image":"shopify:\/\/shop_images\/bon-de-reduction_1.png","title":"","text":"<p>Il ne te reste plus qu’à attendre la réception de ton bon de réduction de <strong>-15% sur tout le site<\/strong> dans ta boîte mail une fois le colis arrivé dans nos locaux. <\/p>","link_label":"","link":"","color_scheme":"background-1"}}},"block_order":["c663bb12-d5f6-408f-a16a-c4ad295f07db","32bef3bd-7e49-423e-a94b-c10b511bce41"],"settings":{"layout":"full_bleed","image_maxwidth":54,"columns_desktop":2,"column_alignment":"left","background_style":"primary","color_scheme":"background-1","background_color":"#fcf1ed","columns_mobile":"1","padding_top":36,"padding_bottom":36}},"2b9c5775-b572-485a-a797-99f4f1a37ac4":{"type":"rich-text","blocks":{"template--18565433885002__2b9c5775-b572-485a-a797-99f4f1a37ac4-168139190207a262c6-2":{"type":"button","settings":{"button_label":"Générer mon bon","button_link":"","button_style_secondary":false,"button_label_2":"","button_link_2":"","button_style_secondary_2":false,"button_color":"#243578","button_text_color":"#ffffff"}},"41150ba5-f6bb-4102-b4d5-4f808dee6e5b":{"type":"text","settings":{"text":"<p>Vous habitez à proximité d’une boutique Payote ? Il est possible de nous amenez vos vêtements directement !<\/p>","text_color":"#21306b","text_style":"classic","text_size":"small"}}},"block_order":["template--18565433885002__2b9c5775-b572-485a-a797-99f4f1a37ac4-168139190207a262c6-2","41150ba5-f6bb-4102-b4d5-4f808dee6e5b"],"settings":{"desktop_content_position":"center","content_alignment":"center","color_scheme":"background-1","full_width":true,"reductible":false,"max_width":100,"padding_top":40,"padding_bottom":52}},"5ec4617e-c9ef-4822-9833-17d0d195e554":{"type":"image-with-text","blocks":{"template--18565433885002__5ec4617e-c9ef-4822-9833-17d0d195e554-16813919532ec57440-0":{"type":"heading","settings":{"heading":"Que peut-on envoyer ?","heading_size":"h2","heading_color":"#21306b","img_replacement":false,"heading_alignment":"left"}},"template--18565433885002__5ec4617e-c9ef-4822-9833-17d0d195e554-16813919532ec57440-1":{"type":"text","settings":{"text":"<p>Tee shirt<\/p><p>Short<\/p><p>Tongue<\/p><p>Accessoires (contenant du tissus comme Bob, chapeau, etc)<\/p><p>Jeans<\/p><p>Pantalon<\/p>","text_style":"body","text_column":1,"text_color":"#21306b","img_replacement":false,"text_alignment":"left"}},"5f5f00de-be12-4467-b338-eff1f9d7d345":{"type":"text","settings":{"text":"<p>Pulls<\/p><p>Pyjama<\/p><p>Chaussettes <\/p><p>Maillot de bain<\/p><p>Robe<\/p><p>Jupe<\/p><p>Sweat<\/p>","text_style":"body","text_column":1,"text_color":"#21306b","img_replacement":false,"text_alignment":"left"}},"be0058c1-b801-4a84-bf50-3c70a7c88bb9":{"type":"text","settings":{"text":"<p>Tout les vêtements seront redirigés vers <strong>l’Atelier de Pierre de Perpignan<\/strong> puis redistribuer en fonction de leur niveaux. <\/p>","text_style":"body","text_column":1,"text_color":"#21306b","img_replacement":false,"text_alignment":"left"}}},"block_order":["template--18565433885002__5ec4617e-c9ef-4822-9833-17d0d195e554-16813919532ec57440-0","template--18565433885002__5ec4617e-c9ef-4822-9833-17d0d195e554-16813919532ec57440-1","5f5f00de-be12-4467-b338-eff1f9d7d345","be0058c1-b801-4a84-bf50-3c70a7c88bb9"],"settings":{"image":"shopify:\/\/shop_images\/Rectangle_10.png","height":"adapt","desktop_image_width":"medium","layout":"image_first","full_width":true,"side_side":false,"desktop_content_position":"top","desktop_content_alignment":"left","content_layout":"no-overlap","no_color":true,"color_scheme":"background-1","background_color":"#ffffff","mobile_content_alignment":"left","padding_top":36,"padding_bottom":36}}},"order":["main","4398a412-c757-43b8-b491-a0c92e7f9110","b533c9b5-04a5-432c-8e45-bf1e5cd033b4","6b3d098b-6b24-4c9a-9033-c3938bd12c2e","9a5403b4-18de-4fb9-831c-0584396e25ba","1a8da81d-9c4f-49a6-94ee-76cb215129c2","52f845b3-459e-4524-85f9-2bb0247898d3","8606b729-f637-4794-848c-66b43e4c9c23","55e0671b-98db-4d22-96ff-e2903cb869dc","0d4681d7-cbf5-4c57-b862-7e085e47b9f5","670fcdd7-30ac-4781-aeaf-6f097dee6557","2b9c5775-b572-485a-a797-99f4f1a37ac4","5ec4617e-c9ef-4822-9833-17d0d195e554"]}