{"sections":{"177f7a2d-2442-4e79-bea4-a2f887c5618e":{"type":"image-banner","blocks":{"template--16113771315385__177f7a2d-2442-4e79-bea4-a2f887c5618e-1666338426b8be1eac-0":{"type":"heading","settings":{"heading":"{{ page.title }}","heading_size":"h1"}},"template--16113771315385__177f7a2d-2442-4e79-bea4-a2f887c5618e-1666338426b8be1eac-1":{"type":"text","settings":{"text":"UN PETIT PAS SOLIDAIRE","text_style":"subtitle"}}},"block_order":["template--16113771315385__177f7a2d-2442-4e79-bea4-a2f887c5618e-1666338426b8be1eac-0","template--16113771315385__177f7a2d-2442-4e79-bea4-a2f887c5618e-1666338426b8be1eac-1"],"settings":{"image":"shopify:\/\/shop_images\/nos-actions-article_64dc4829-8c8e-4bc4-885e-09c92ffb2375.webp","image_overlay_opacity":0,"image_height":"medium","adapt_height_first_image":false,"desktop_content_position":"middle-center","show_text_box":false,"desktop_content_alignment":"center","color_scheme":"background-1","mobile_content_alignment":"center","mobile_content_position":"middle-center","stack_images_on_mobile":true,"show_text_below":false}},"main":{"type":"main-page","settings":{"show_heading":false,"text_style":"subtitle","content_alignment":"center","max_width":60,"padding_top":76,"padding_bottom":40}},"cf114324-f216-4748-86d1-3ef056990efb":{"type":"image-with-text","blocks":{"template--16113771315385__cf114324-f216-4748-86d1-3ef056990efb-166633901024b2f65a-0":{"type":"heading","settings":{"heading":"Générosité et solidarité | d’arrache pieds","heading_size":"h2","heading_color":"#003b9a","img_replacement":false,"heading_alignment":"left"}},"template--16113771315385__cf114324-f216-4748-86d1-3ef056990efb-166633901024b2f65a-1":{"type":"text","settings":{"text":"<p>Durant la crise sanitaire provoquée par la COVID19, notre marque s’est engagée à son échelle à soutenir ceux qui luttent en première ligne contre le virus. En mars 2020, toute l’équipe s’est mobilisée pour répondre à la demande locale de masques en transformant ses locaux perpignanais en atelier de couture. Grâce à l’aide de couturières bénévoles, nous avons pu fabriquer plus de 48 000 masques en tissu à partir de la toile destinée à nos espadrilles.<br\/><br\/>Tous ces masques ont été par la suite distribués gratuitement au personnel des branches médicales et sociales de notre département (Pyrénées Orientales, 66). Des aides-soignants, des infirmiers, des cliniques, des foyers, des aides à domicile, du personnel hospitalier, des EHPADS ont pu en bénéficier. Nous avons aussi pu en offrir aux bénévoles des Restos du cœur, à des policiers, des gendarmes et des pompiers.<br\/><br\/>Ils ont permis d’apporter un peu de couleur et de redonner le sourire aux patients du personnel médical dans un moment où il n’y avait pas encore de masques disponibles pour tous. Pour limiter nos déchets, les masques que nous avons fabriqués étaient réutilisables et résistants à plus de 50 lavages.<\/p>","text_style":"body","text_column":1,"text_color":"#21306b","img_replacement":false,"text_alignment":"left"}}},"block_order":["template--16113771315385__cf114324-f216-4748-86d1-3ef056990efb-166633901024b2f65a-0","template--16113771315385__cf114324-f216-4748-86d1-3ef056990efb-166633901024b2f65a-1"],"settings":{"image":"shopify:\/\/shop_images\/article_masques.webp","height":"adapt","desktop_image_width":"medium","layout":"image_first","full_width":false,"side_side":false,"desktop_content_position":"middle","desktop_content_alignment":"left","content_layout":"no-overlap","no_color":false,"color_scheme":"background-1","background_color":"","mobile_content_alignment":"left","padding_top":36,"padding_bottom":36}},"bc33ddd0-ff73-47e2-8a99-d31b7d7d997e":{"type":"image-with-text","blocks":{"template--16113771315385__bc33ddd0-ff73-47e2-8a99-d31b7d7d997e-166635914861655db1-0":{"type":"heading","settings":{"heading":"Apprentis d'Auteuil","heading_size":"h2","heading_color":"#003b9a","img_replacement":false,"heading_alignment":"left"}},"template--16113771315385__bc33ddd0-ff73-47e2-8a99-d31b7d7d997e-166635914861655db1-1":{"type":"text","settings":{"text":"<p>Nous avons fait le choix de nous engager localement auprès de l’association Apprentis d’Auteuil pour soutenir les enfants défavorisés. Chaque année, en décembre, une partie de nos bénéfices est reversée à cette association pour offrir des cadeaux de Noël aux enfants accueillis par la Maison Sant Jordi, un établissement situé à Perpignan spécialisé dans l’Aide Sociale à l’Enfance. Nous passons aussi la journée du 24 décembre aux côtés de ces enfants afin de partager un moment convivial et chaleureux dans la joie et la bonne humeur.<\/p>","text_style":"body","text_column":1,"text_color":"#003b9a","img_replacement":false,"text_alignment":"left"}}},"block_order":["template--16113771315385__bc33ddd0-ff73-47e2-8a99-d31b7d7d997e-166635914861655db1-0","template--16113771315385__bc33ddd0-ff73-47e2-8a99-d31b7d7d997e-166635914861655db1-1"],"settings":{"image":"shopify:\/\/shop_images\/article_apprenti.webp","height":"adapt","desktop_image_width":"medium","layout":"text_first","full_width":false,"side_side":false,"desktop_content_position":"middle","desktop_content_alignment":"left","content_layout":"no-overlap","no_color":false,"color_scheme":"background-1","background_color":"","mobile_content_alignment":"left","padding_top":36,"padding_bottom":36}},"f10f741b-57ab-43c7-8bbe-ae6433a70636":{"type":"image-with-text","blocks":{"template--16120083611833__f10f741b-57ab-43c7-8bbe-ae6433a70636-1666858353c9da8d7d-0":{"type":"heading","settings":{"heading":"Collecte de | déchets","heading_size":"h2","heading_color":"#003b9a","img_replacement":false,"heading_alignment":"left"}},"template--16120083611833__f10f741b-57ab-43c7-8bbe-ae6433a70636-1666858353c9da8d7d-1":{"type":"text","settings":{"text":"<p>Saviez-vous que la Méditerranée est la mer la plus polluée au monde ? C’est un fait qui nous touche tout particulièrement car nous sommes basés à Perpignan, tout près de cet écosystème marin menacé. Nous avons voulu remédier à cette tragédie à notre échelle en organisant une collecte de déchets sur la plage du Barcarès. Un événement marquant qui nous a montré l’ampleur des dégâts générés par la pollution maritime. Plus de 200 personnes nous ont rejoint et en une matinée nous avons pu récolter 8 tonnes de déchets.<\/p>","text_style":"body","text_column":1,"text_color":"#003b9a","img_replacement":false,"text_alignment":"left"}}},"block_order":["template--16120083611833__f10f741b-57ab-43c7-8bbe-ae6433a70636-1666858353c9da8d7d-0","template--16120083611833__f10f741b-57ab-43c7-8bbe-ae6433a70636-1666858353c9da8d7d-1"],"settings":{"image":"shopify:\/\/shop_images\/collecte_dechets_action.webp","height":"adapt","desktop_image_width":"small","layout":"image_first","full_width":false,"side_side":false,"desktop_content_position":"middle","desktop_content_alignment":"left","content_layout":"no-overlap","no_color":false,"color_scheme":"background-1","background_color":"#fdf1ed","mobile_content_alignment":"left","padding_top":36,"padding_bottom":36}},"e1574466-ccfd-4d8a-adcb-a1831936b435":{"type":"image-banner","blocks":{"template--16116675805369__e1574466-ccfd-4d8a-adcb-a1831936b435-16666208869d0bf684-0":{"type":"heading","settings":{"heading":"Un petit pas pour l'homme un grand pas | pour l'océan","heading_size":"h2"}}},"block_order":["template--16116675805369__e1574466-ccfd-4d8a-adcb-a1831936b435-16666208869d0bf684-0"],"settings":{"video":"shopify:\/\/files\/videos\/PAYOTE-Collecte_1-_1_.hevc.mp4","image_overlay_opacity":0,"image_height":"medium","adapt_height_first_image":false,"desktop_content_position":"top-left","show_text_box":false,"desktop_content_alignment":"left","color_scheme":"background-1","mobile_content_alignment":"center","mobile_content_position":"middle-center","stack_images_on_mobile":false,"show_text_below":false}},"9975b4a5-34b7-4cad-9666-f929b2e4f610":{"type":"multicolumn","blocks":{"template--16116675805369__9975b4a5-34b7-4cad-9666-f929b2e4f610-1666622439f055c376-1":{"type":"column","settings":{"image":"shopify:\/\/shop_images\/Perpi_menu.webp","title":"Nos premiers pas","text":"","link_label":"","link":"shopify:\/\/pages\/nos-premiers-pas","block_color":"#21306b","show_text_box":false,"animate":false}},"template--16116675805369__9975b4a5-34b7-4cad-9666-f929b2e4f610-1666622439f055c376-2":{"type":"column","settings":{"image":"shopify:\/\/shop_images\/transparence.webp","title":"Made in France","text":"","link_label":"","link":"shopify:\/\/pages\/transparence","block_color":"#21306b","show_text_box":false,"animate":false}},"8442b9a5-1e05-426f-8cf7-864863745589":{"type":"column","settings":{"image":"shopify:\/\/shop_images\/recycle.webp","title":"Recyclage","text":"","link_label":"","link":"shopify:\/\/pages\/engagement-environnement","block_color":"#21306b","show_text_box":false,"animate":false}}},"block_order":["template--16116675805369__9975b4a5-34b7-4cad-9666-f929b2e4f610-1666622439f055c376-1","template--16116675805369__9975b4a5-34b7-4cad-9666-f929b2e4f610-1666622439f055c376-2","8442b9a5-1e05-426f-8cf7-864863745589"],"settings":{"title":"","heading_size":"h2","image_width":"half","image_ratio":"square","columns_desktop":3,"full_width":false,"column_alignment":"center","background_style":"primary","button_label":"","button_link":"","color_scheme":"background-1","columns_mobile":"1","swipe_on_mobile":false,"padding_top":100,"padding_bottom":100}}},"order":["177f7a2d-2442-4e79-bea4-a2f887c5618e","main","cf114324-f216-4748-86d1-3ef056990efb","bc33ddd0-ff73-47e2-8a99-d31b7d7d997e","f10f741b-57ab-43c7-8bbe-ae6433a70636","e1574466-ccfd-4d8a-adcb-a1831936b435","9975b4a5-34b7-4cad-9666-f929b2e4f610"]}