{"sections":{"e7971a4b-c0b6-47d8-b998-80f7ad91817e":{"type":"image-with-text","blocks":{"template--16124314484921__e7971a4b-c0b6-47d8-b998-80f7ad91817e-1667221018b5e3154c-0":{"type":"heading","settings":{"heading":"FABRIQUE TA PAIRE D'ESPADRILLE À NOS CÔTÉS !","heading_size":"h3","heading_color":"#ffffff","img_replacement":false,"heading_alignment":"left"}},"fb44dafb-4b98-4add-84ee-2a7ddda9727d":{"type":"heading","settings":{"heading":"3H D'EXPÉRIENCE UNIQUE","heading_size":"h1","heading_color":"#ffffff","img_replacement":false,"heading_alignment":"left"}},"template--16124314484921__e7971a4b-c0b6-47d8-b998-80f7ad91817e-1667221018b5e3154c-1":{"type":"text","settings":{"text":"<p>Notre atelier perpignanais vous accueille toute l'année lors <strong>d'ateliers exclusifs. <\/strong>Du choix du motif, en passant par l’encollage, jusqu’à la couture finale, vous <strong>fabriquez votre propre paire d'espadrille<\/strong> de A à Z avec nous. <\/p>","text_style":"body","text_column":1,"text_color":"#ffffff","img_replacement":false,"text_alignment":"left"}},"73b2cadf-7293-4a2c-a396-3de20659eab1":{"type":"button","settings":{"button_label":"J'achète ma place","button_link":"shopify:\/\/products\/visite-de-latelier","icon":"none","button_color":"#ff6847","button_text_color":"#ffffff","img_replacement":false}},"5c240f3b-dee6-4459-bbf6-93caa4f9f449":{"type":"caption","settings":{"caption":"Vous avez déjà votre place ? Réservez votre créneau !","text_style":"caption-with-letter-spacing","text_size":"medium","caption_color":"#ffffff","img_replacement":false,"caption_alignment":"left"}},"8517be72-cdae-40a8-b06d-389115d752d4":{"type":"button","settings":{"button_label":"Voir les prochaines dates disponibles","button_link":"shopify:\/\/pages\/reserve-ta-place","icon":"none","button_color":"#213061","button_text_color":"#ffffff","img_replacement":false}}},"block_order":["template--16124314484921__e7971a4b-c0b6-47d8-b998-80f7ad91817e-1667221018b5e3154c-0","fb44dafb-4b98-4add-84ee-2a7ddda9727d","template--16124314484921__e7971a4b-c0b6-47d8-b998-80f7ad91817e-1667221018b5e3154c-1","73b2cadf-7293-4a2c-a396-3de20659eab1","5c240f3b-dee6-4459-bbf6-93caa4f9f449","8517be72-cdae-40a8-b06d-389115d752d4"],"settings":{"image":"shopify:\/\/shop_images\/header-fabrique-ta-paire.webp","autoplay":false,"height":"adapt","desktop_image_width":"medium","layout":"image_first","full_width":true,"side_side":false,"desktop_content_position":"middle","desktop_content_alignment":"left","content_layout":"no-overlap","no_color":true,"color_scheme":"background-1","background_color":"#407f60","mobile_content_alignment":"center","padding_top":24,"padding_bottom":24}},"main":{"type":"main-page","disabled":true,"settings":{"show_heading":true,"text_style":"text","content_alignment":"left","max_width":100,"padding_top":28,"padding_bottom":48}},"c20c83f8-9120-40ab-a144-8f647deae518":{"type":"image-with-text","blocks":{"template--17840145236264__c20c83f8-9120-40ab-a144-8f647deae518-16757585339747fdae-0":{"type":"heading","settings":{"heading":"PROGRAMME DE L'ATELIER","heading_size":"h2","heading_color":"#ff6847","img_replacement":false,"heading_alignment":"left"}},"template--17840145236264__c20c83f8-9120-40ab-a144-8f647deae518-16757585339747fdae-1":{"type":"text","settings":{"text":"<p>Après un rappel historique sur la marque, vous entrerez dans le vif du sujet:<br\/><strong>la fabrication de votre propre paire d’espadrille<\/strong>. Nous vous fournirons tout le nécessaire à la réalisation de votre paire de Payote. Un atelier exclusif duquel vous repartirez avec la paire d’espadrille que vous aurez vous-même confectionnée.<\/p><p>Vous serez accompagne à chaque étape et nous vous partagerons de nombreux détails et anecdotes sur l’espadrille et sa fabrication.<br\/><strong>Cet atelier durera 3-4h<\/strong> et vous serez accueilli en très petit groupe afin que nous puissions vous guider personnellement dans une ambiance familiale. <strong>Aucune connaissance préalable n’est nécessaire<\/strong> pour participer.<\/p>","text_style":"body","text_column":1,"text_color":"#21306b","img_replacement":false,"text_alignment":"left"}},"73b7caf2-ad19-489e-921a-6279fe9a3c7b":{"type":"heading","settings":{"heading":"Le déroulé de l'atelier \"Fabrique ta paire\"","heading_size":"h2","heading_color":"#ff6847","img_replacement":false,"heading_alignment":"left"}},"f860d749-e8ee-45c8-92ec-754beeb6f8d8":{"type":"text","settings":{"text":"<ul><li>Présentation de l'atelier<\/li><li>Choix du motif<\/li><li>Impression textile<\/li><li>Presse à chaud<\/li><li>Découpage de votre patron <\/li><li>Couture à la machine<\/li><li>Encollage<\/li><\/ul>","text_style":"body","text_column":2,"text_color":"#21306b","img_replacement":false,"text_alignment":"left"}},"8a5ce9b5-4bbc-4ee8-95ba-88cdfefde195":{"type":"caption","settings":{"caption":"55 €\/pers","text_style":"subtitle","text_size":"large","caption_color":"#21306b","img_replacement":true,"caption_alignment":"left"}},"5be3cece-9587-43a2-910a-03095f5f0529":{"type":"heading","disabled":true,"settings":{"heading":"Complet","heading_size":"h3","heading_color":"#ce1417","img_replacement":true,"heading_alignment":"left"}},"57199d2d-082e-4f37-aef2-82ea1ab8d8b0":{"type":"caption","settings":{"caption":"Lieu de la visite :","text_style":"caption-with-letter-spacing","text_size":"medium","caption_color":"#ff6847","img_replacement":true,"caption_alignment":"left"}},"8708dcee-d031-42e6-89bb-6599cb3f50c0":{"type":"caption","settings":{"caption":"378, rue Jean Baptiste Biot,66000 Perpignan","text_style":"caption-with-letter-spacing","text_size":"medium","caption_color":"#21306b","img_replacement":true,"caption_alignment":"left"}},"dcaeb597-aa38-4a29-a772-bfaf1411ac51":{"type":"caption","settings":{"caption":"Du lundi au vendredi","text_style":"caption-with-letter-spacing","text_size":"medium","caption_color":"#ff6847","img_replacement":true,"caption_alignment":"left"}},"a74c6dc6-97e0-4aa3-bac6-a76bfa2a77ea":{"type":"caption","settings":{"caption":"de 9h00 à 13h00","text_style":"caption-with-letter-spacing","text_size":"medium","caption_color":"#21306b","img_replacement":true,"caption_alignment":"left"}},"16447d0a-6dae-48b0-b697-a14bab183199":{"type":"button","settings":{"button_label":"J'achète ma place","button_link":"shopify:\/\/products\/visite-de-latelier","icon":"none","button_color":"#213061","button_text_color":"#ffffff","img_replacement":true}},"175c7120-109b-4043-9b2c-98487a7293de":{"type":"text","settings":{"text":"<p>ou<\/p>","text_style":"body","text_column":1,"text_color":"#21306b","img_replacement":true,"text_alignment":"center"}},"2168ab81-f033-4c43-8cdc-77207654fcf9":{"type":"button","settings":{"button_label":"Je réserve mon atelier","button_link":"shopify:\/\/pages\/reserve-ta-place","icon":"none","button_color":"#ff6847","button_text_color":"#ffffff","img_replacement":true}},"text_YkPghL":{"type":"text","settings":{"text":"<p>Vous êtes une école, une entreprise ou un particulier et avez envie de faire découvrir le savoir-faire local ? Notre atelier peut vous accueillir dans un cadre spécifique (team building, EVJG...). Remplissez ce formulaire et nous reviendrons vers vous rapidement : <a href=\"https:\/\/mfc1fekxbdf.typeform.com\/to\/FCD6ykgz\" target=\"_blank\" title=\"https:\/\/mfc1fekxbdf.typeform.com\/to\/FCD6ykgz\">Atelier Payote<\/a><\/p>","text_style":"body","text_column":1,"text_color":"#21306b","img_replacement":false,"text_alignment":"left"}}},"block_order":["template--17840145236264__c20c83f8-9120-40ab-a144-8f647deae518-16757585339747fdae-0","template--17840145236264__c20c83f8-9120-40ab-a144-8f647deae518-16757585339747fdae-1","73b7caf2-ad19-489e-921a-6279fe9a3c7b","f860d749-e8ee-45c8-92ec-754beeb6f8d8","8a5ce9b5-4bbc-4ee8-95ba-88cdfefde195","5be3cece-9587-43a2-910a-03095f5f0529","57199d2d-082e-4f37-aef2-82ea1ab8d8b0","8708dcee-d031-42e6-89bb-6599cb3f50c0","dcaeb597-aa38-4a29-a772-bfaf1411ac51","a74c6dc6-97e0-4aa3-bac6-a76bfa2a77ea","16447d0a-6dae-48b0-b697-a14bab183199","175c7120-109b-4043-9b2c-98487a7293de","2168ab81-f033-4c43-8cdc-77207654fcf9","text_YkPghL"],"settings":{"autoplay":false,"height":"small","desktop_image_width":"small","layout":"text_first","full_width":true,"side_side":true,"desktop_content_position":"top","desktop_content_alignment":"left","content_layout":"no-overlap","no_color":true,"color_scheme":"background-1","background_color":"#ffffff","mobile_content_alignment":"left","padding_top":36,"padding_bottom":36}},"3594bb4c-7b4c-4fae-8384-3abfcd129d1a":{"type":"custom-liquid","disabled":true,"settings":{"custom_liquid":"<!-- Début de widget en ligne Calendly -->\n<div id=\"reservation\" class=\"calendly-inline-widget\" data-url=\"https:\/\/calendly.com\/atelier-fabrique-ta-paire-payote\/reservation?hide_gdpr_banner=1&background_color=f9f9f9&text_color=213061&primary_color=f56d3d&month=2024-01\" style=\"min-width:320px;height:900px;overflow:hidden;\"><\/div>\n<script type=\"text\/javascript\" src=\"https:\/\/assets.calendly.com\/assets\/external\/widget.js\" async><\/script>\n<!-- Fin de widget en ligne Calendly -->","color_scheme":"background-1","padding_top":40,"padding_bottom":52}},"3f7e7cdb-d00b-40c1-9722-59c83bd6a011":{"type":"image-with-text","blocks":{"f9643cd7-bee7-4b4c-b69d-0a23473c29fc":{"type":"heading","settings":{"heading":"Dans les coulisses de notre savoir-faire","heading_size":"h2","heading_color":"#21306b","img_replacement":false,"heading_alignment":"left"}},"ddb70945-26c9-498f-b455-7f8e6dee567b":{"type":"text","settings":{"text":"<p>Notre <strong>atelier situé à Perpignan <\/strong>vous accueille tous les jours en semaine en petit groupe pour que vous <strong>confectionniez votre paire d’espadrilles.<\/strong> Guidé par notre chef d’atelier et nos couturières, vous apprécierez ce moment privilégié qui vous plongera aux cœur de nos coulisses. <\/p>","text_style":"body","text_column":1,"text_color":"#21306b","img_replacement":false,"text_alignment":"left"}},"9697022e-8e97-44fa-bb9e-e1cc7d1bfedc":{"type":"button","settings":{"button_label":"Je veux fabriquer ma paire !","button_link":"shopify:\/\/products\/visite-de-latelier","icon":"none","button_color":"#21306b","button_text_color":"#f56d3d","img_replacement":false}}},"block_order":["f9643cd7-bee7-4b4c-b69d-0a23473c29fc","ddb70945-26c9-498f-b455-7f8e6dee567b","9697022e-8e97-44fa-bb9e-e1cc7d1bfedc"],"settings":{"image":"shopify:\/\/shop_images\/article_masques.webp","video":"shopify:\/\/files\/videos\/video_fabrique_ta_paire.hevc.mp4","autoplay":true,"height":"large","desktop_image_width":"medium","layout":"image_first","full_width":true,"side_side":false,"desktop_content_position":"middle","desktop_content_alignment":"left","content_layout":"no-overlap","no_color":true,"color_scheme":"background-1","background_color":"#f56d3d","mobile_content_alignment":"center","padding_top":36,"padding_bottom":36}},"d8cd90de-fb5b-4423-9930-03efdb6a5f8c":{"type":"rich-text","blocks":{"dd054edb-b199-44de-a382-5c55c1db5a1e":{"type":"button","settings":{"button_label":"J'achète ma place !","button_link":"shopify:\/\/products\/visite-de-latelier","button_style_secondary":false,"button_label_2":"","button_link_2":"","button_style_secondary_2":false,"button_color":"#21306b","button_text_color":"#ffffff"}},"d6669d13-6064-4a66-a369-0a77258b4bc9":{"type":"text","settings":{"text":"<p>ou<\/p>","text_color":"#21306b","text_style":"classic","text_size":"small"}},"ca76925e-ca5a-4065-a85d-d3e5c14747ca":{"type":"button","settings":{"button_label":"Je réserve mon atelier","button_link":"shopify:\/\/pages\/reserve-ta-place","button_style_secondary":false,"button_label_2":"","button_link_2":"","button_style_secondary_2":false,"button_color":"#ff6847","button_text_color":"#ffffff"}},"heading_3Khm43":{"type":"heading","settings":{"heading":"<p>Fabrique ta paire : un atelier de fabrication d'espadrille à Perpignan<\/p>","heading_size":"h2","heading_color_part1":"#21306b","heading_color_part2":"#21306b","no_color":false,"animate":false}},"text_79pngB":{"type":"text","settings":{"text":"<p>À la recherche d'une <strong>idée cadeau originale<\/strong> qui soutient le <strong>savoir-faire local<\/strong> ? Payote vous propose de venir vivre une expérience unique dans son atelier de fabrication d'espadrille à Perpignan. Depuis 2022, notre petit atelier ouvre ses portes à tous les <strong>amateurs de couture et de chaussures<\/strong> qui veulent découvrir les dessous de leurs semelles. Entre savoir-faire, artisanat et modernité, venez découvrir les secrets de la <strong>sandale pyrénéenne.<\/strong> <\/p><h3>Offrez(-vous) une expérience unique<\/h3><p>Offrir un atelier<br\/>de fabrication d’espadrille, c’est offrir une expérience riche en surprises. Une<br\/>parenthèse hors-du-temps où l’on découvre un savoir-faire ancestral dans une<br\/><strong>atmosphère familiale. <\/strong>Impression, Encollage et couture n’auront plus aucun<br\/>secret pour celui ou celle à qui vous offrirez cette expérience exclusive. Débutant ou confirmé, cet <strong>atelier de couture d'espadrilles <\/strong>est bien évidemment ouvert à tous les niveaux. En effet, dans un souci d'inclusivité, nous avons fait en sorte que tout le monde puisse participer pleinement à la fabrication de sa paire. Très pédagogue, notre chef d'atelier accompagnera chaque participant lors de la prise en main des machines à coudre. <\/p><h3>Déroulement de l'atelier<\/h3><p>Tout d'abord, il faut savoir que nous chérissons chaque échange avec nos clients et privilégions toujours des relations authentiques. C'est pourquoi nous avons fait le choix de n'accueillir que des petits groupes pour nos ateliers de fabrication. Vous serez donc <strong>au maximum 10 participants par session. <\/strong>Ainsi, nous pouvons créer de véritables dialogues et pouvons prendre le temps nécessaire pour expliquer chaque étape dans ses moindres détails. Pour ce qui est de la durée de l'atelier, il faut compter <strong>3 à 4 heures<\/strong>. La durée varie en fonction du niveau et de la progression de chacun. <\/p><p>Le déroulement de l'atelier suit les <strong>étapes de fabrication d'une espadrille estivale classique.<\/strong> Chez Payote, nous nous démarquons grâce à notre collection d'espadrilles originales à motifs et, pour vous initier à notre univers, nous avons choisi de vous proposer ces modèles-là en fabrication. C'est pourquoi la toute première étape de l'atelier sera le choix du motif de votre paire. Nous vous proposons une sélection de <strong>100 motifs différents<\/strong> dans des styles très variés. Tropical, graphique, pop dans l'esprit des 70s ou rock'n'roll, vous trouverez forcément l'imprimé qui habillera vos pieds sans faux pas tout l'été. <\/p><h3>En savoir plus sur l'histoire de notre atelier perpignanais<\/h3><p> Lancé en 2021, notre atelier à Perpignan n'a pas toujours été ouvert au public. En effet, il servait d'abord comme atelier de prototypage afin que nous puissions mettre en forme toutes nos idées. Créativité, recherche et tests étaient les mots d'ordre qui guidaient nos petites expériences dans ce laboratoire de l'espadrille. <\/p><p>C'est en 2022, suite à de nombreuses demandes de visites de la part de nos clients, que l'idée d'ouvrir ses portes au grand public a commencé à nous titiller l'esprit. La<strong> transparence<\/strong> étant une des valeurs phares de Payote, nous n'avons pas tardé à faire notre choix. Il nous a suffi de quelques jours alors pour mettre en place ces ateliers qui ont tout de suite connu<strong> un très fort engouement. <\/strong>Évidemment, nous aurions pu simplement mettre en place des visites pour vous présenter nos coulisses mais nous voulions vous faire vivre une expérience encore plus immersive. Pour cela, un atelier de fabrication en petit groupe était la meilleure solution. Vous pouvez ainsi participer à une activité qui vous fait découvrir nos produits sous un tout nouvel angle. De la découpe de la toile en passant par<br\/>l’encollage jusqu’à la couture de l’étiquette, nous vous dévoilons <strong>tous les secrets<br\/>de la sandale pyrénéenne <\/strong>à nos côtés.<\/p><h3><\/h3><p><\/p>","text_color":"#21306b","text_style":"classic","text_size":"small"}}},"block_order":["dd054edb-b199-44de-a382-5c55c1db5a1e","d6669d13-6064-4a66-a369-0a77258b4bc9","ca76925e-ca5a-4065-a85d-d3e5c14747ca","heading_3Khm43","text_79pngB"],"settings":{"desktop_content_position":"center","content_alignment":"center","color_scheme":"background-1","full_width":true,"reductible":false,"max_width":85,"padding_top":60,"padding_bottom":84}},"b0c3246b-d9f8-4074-adfe-79403519f06e":{"type":"image-with-text","blocks":{"template--19377782128970__b0c3246b-d9f8-4074-adfe-79403519f06e-heading-1":{"type":"heading","settings":{"heading":"avec la participation de la région occitanie","heading_size":"h2","heading_color":"#21306b","img_replacement":false,"heading_alignment":"left"}},"template--19377782128970__b0c3246b-d9f8-4074-adfe-79403519f06e-text-1":{"type":"text","settings":{"text":"","text_style":"body","text_column":1,"text_color":"#21306b","img_replacement":false,"text_alignment":"left"}},"71c01616-57b5-4383-8489-415912b65f52":{"type":"text","settings":{"text":"<p>Le Région Occitanie vise à soutenir les petites entreprises dans leurs projets d’investissements matériels de production, d’innovation, de diversification, dans leurs besoins d’accompagnement commercial, de transformations technologiques, numériques, énergétiques, et écologiques ainsi qu’aux équipements liés.<\/p>","text_style":"body","text_column":1,"text_color":"#21306b","img_replacement":false,"text_alignment":"left"}}},"block_order":["template--19377782128970__b0c3246b-d9f8-4074-adfe-79403519f06e-heading-1","template--19377782128970__b0c3246b-d9f8-4074-adfe-79403519f06e-text-1","71c01616-57b5-4383-8489-415912b65f52"],"settings":{"image":"shopify:\/\/shop_images\/RECTANGLE_COUL.jpg","autoplay":false,"height":"adapt","desktop_image_width":"small","layout":"image_first","full_width":true,"side_side":false,"desktop_content_position":"top","desktop_content_alignment":"left","content_layout":"no-overlap","no_color":true,"color_scheme":"background-1","background_color":"#ffffff","mobile_content_alignment":"left","padding_top":36,"padding_bottom":36}}},"order":["e7971a4b-c0b6-47d8-b998-80f7ad91817e","main","c20c83f8-9120-40ab-a144-8f647deae518","3594bb4c-7b4c-4fae-8384-3abfcd129d1a","3f7e7cdb-d00b-40c1-9722-59c83bd6a011","d8cd90de-fb5b-4423-9930-03efdb6a5f8c","b0c3246b-d9f8-4074-adfe-79403519f06e"]}