{"sections":{"177f7a2d-2442-4e79-bea4-a2f887c5618e":{"type":"image-banner","blocks":{"template--16113771315385__177f7a2d-2442-4e79-bea4-a2f887c5618e-1666338426b8be1eac-0":{"type":"heading","settings":{"heading":"{{ page.title }}","heading_size":"h1"}},"template--16113771315385__177f7a2d-2442-4e79-bea4-a2f887c5618e-1666338426b8be1eac-1":{"type":"text","settings":{"text":"UN FAUX DÉPART QUI DONNE UNE CHOUETTE IDÉE","text_style":"subtitle"}}},"block_order":["template--16113771315385__177f7a2d-2442-4e79-bea4-a2f887c5618e-1666338426b8be1eac-0","template--16113771315385__177f7a2d-2442-4e79-bea4-a2f887c5618e-1666338426b8be1eac-1"],"settings":{"image":"shopify:\/\/shop_images\/Perpi-scaled.webp","image_overlay_opacity":0,"image_height":"small","adapt_height_first_image":false,"desktop_content_position":"middle-center","show_text_box":false,"desktop_content_alignment":"center","color_scheme":"background-1","mobile_content_alignment":"center","mobile_content_position":"middle-center","stack_images_on_mobile":true,"show_text_below":false}},"a33e3fb3-f43a-464a-805d-e7a1c8d7d0b2":{"type":"rich-text","blocks":{"template--16113771315385__a33e3fb3-f43a-464a-805d-e7a1c8d7d0b2-16663390041941521d-0":{"type":"heading","settings":{"heading":"<p>Art de vivre, aventure passionnée et | savoir faire Français<\/p>","heading_size":"h2","heading_color_part1":"#003b9a","heading_color_part2":"#ef6a20","no_color":false,"animate":false}}},"block_order":["template--16113771315385__a33e3fb3-f43a-464a-805d-e7a1c8d7d0b2-16663390041941521d-0"],"settings":{"desktop_content_position":"center","content_alignment":"center","color_scheme":"background-1","full_width":false,"reductible":false,"max_width":55,"padding_top":40,"padding_bottom":20}},"main":{"type":"main-page","settings":{"show_heading":false,"text_style":"text","content_alignment":"center","max_width":50,"padding_top":0,"padding_bottom":40}},"cf114324-f216-4748-86d1-3ef056990efb":{"type":"image-with-text","blocks":{"template--16113771315385__cf114324-f216-4748-86d1-3ef056990efb-166633901024b2f65a-0":{"type":"heading","settings":{"heading":"Un faux départ qui donne | une chouette idée","heading_size":"h2","heading_color":"#003b9a","img_replacement":false,"heading_alignment":"left"}},"template--16113771315385__cf114324-f216-4748-86d1-3ef056990efb-166633901024b2f65a-1":{"type":"text","settings":{"text":"<p>C’est un faux départ qui donne une grande idée à Olivier : il part travailler avec une paires d’espadrilles dépareillées, une en 41 et une en 43. Le soir, il décide de personnaliser sa paire à coups de peinture, de couleurs et de feutres pour ne plus la confondre. Une fois à ses pieds, il fait un carton le lendemain auprès des clients. C’est cette petite anecdote qui lui donne l’idée de lancer sa propre marque d’espadrilles. Sans argent de côté, l’aventure Payote commence avec un premier stock acheté grâce à la vente de la voiture d’Olivier.<\/p>","text_style":"body","text_column":1,"text_color":"#003b9a","img_replacement":false,"text_alignment":"left"}}},"block_order":["template--16113771315385__cf114324-f216-4748-86d1-3ef056990efb-166633901024b2f65a-0","template--16113771315385__cf114324-f216-4748-86d1-3ef056990efb-166633901024b2f65a-1"],"settings":{"image":"shopify:\/\/shop_images\/Olivier_Histoire_Payote.webp","height":"adapt","desktop_image_width":"medium","layout":"image_first","full_width":false,"side_side":false,"desktop_content_position":"middle","desktop_content_alignment":"left","content_layout":"no-overlap","no_color":false,"color_scheme":"background-1","background_color":"#ffffff","mobile_content_alignment":"left","padding_top":36,"padding_bottom":36}},"bc33ddd0-ff73-47e2-8a99-d31b7d7d997e":{"type":"image-with-text","blocks":{"template--16113771315385__bc33ddd0-ff73-47e2-8a99-d31b7d7d997e-166635914861655db1-0":{"type":"heading","settings":{"heading":"Pourquoi | Payote ?","heading_size":"h2","heading_color":"#003b9a","img_replacement":false,"heading_alignment":"left"}},"template--16113771315385__bc33ddd0-ff73-47e2-8a99-d31b7d7d997e-166635914861655db1-1":{"type":"text","settings":{"text":"<p>Payote, le nom choisi, est un clin d’œil à la région où la marque est née. C’est en entendant un enfant sortant d’une école catalane et réclamant son nounours en l’appelant « pellote » qu’Olivier trouva son inspiration. En catalan, « pellote » signifie « chiffon », les enfants utilisent communément ce mot pour désigner leur peluche. Payote a un autre sens sous sa semelle : écrit différemment, « paillote », est une petite cabane de plage qui rappelle l’été. Parfait pour rappeler le produit phare de la marque qui sont les espadrilles françaises.<\/p>","text_style":"body","text_column":1,"text_color":"#003b9a","img_replacement":false,"text_alignment":"left"}}},"block_order":["template--16113771315385__bc33ddd0-ff73-47e2-8a99-d31b7d7d997e-166635914861655db1-0","template--16113771315385__bc33ddd0-ff73-47e2-8a99-d31b7d7d997e-166635914861655db1-1"],"settings":{"image":"shopify:\/\/shop_images\/payote-etiqu-1.webp","height":"adapt","desktop_image_width":"medium","layout":"text_first","full_width":false,"side_side":false,"desktop_content_position":"middle","desktop_content_alignment":"left","content_layout":"no-overlap","no_color":false,"color_scheme":"background-1","background_color":"#ffffff","mobile_content_alignment":"left","padding_top":36,"padding_bottom":36}},"a17fb287-e101-4b12-a57b-d6ec074b21d4":{"type":"image-with-text","blocks":{"template--16116675805369__a17fb287-e101-4b12-a57b-d6ec074b21d4-16666208869e64a0c0-0":{"type":"heading","settings":{"heading":"Un petit pas pour l'homme, | un grand pas pour les océans","heading_size":"h2","heading_color":"#003b9a","img_replacement":false,"heading_alignment":"left"}},"template--16116675805369__a17fb287-e101-4b12-a57b-d6ec074b21d4-16666208869e64a0c0-1":{"type":"text","settings":{"text":"<p>Nous avons fait le choix de rendre nos produits plus responsables en les adaptant aux problématiques environnementales. Créer des produits à partir de matières éco-sourcées, c’est notre façon de vous impliquer dans la lutte contre les déchets. En choisissant des tissus recyclés, nous limitons notre impact environnemental et sublimons les matières déjà existantes. Il s’agit d’un enjeu majeur qui constitue le fil conducteur de notre développement.<\/p>","text_style":"body","text_column":1,"text_color":"#003b9a","img_replacement":false,"text_alignment":"left"}}},"block_order":["template--16116675805369__a17fb287-e101-4b12-a57b-d6ec074b21d4-16666208869e64a0c0-0","template--16116675805369__a17fb287-e101-4b12-a57b-d6ec074b21d4-16666208869e64a0c0-1"],"settings":{"image":"shopify:\/\/shop_images\/recycler-1.webp","height":"adapt","desktop_image_width":"medium","layout":"image_first","full_width":false,"side_side":false,"desktop_content_position":"middle","desktop_content_alignment":"left","content_layout":"no-overlap","no_color":false,"color_scheme":"background-1","background_color":"#ffffff","mobile_content_alignment":"left","padding_top":36,"padding_bottom":36}},"3bbde5d7-5a91-4de7-a5c9-ee2be1f96d2f":{"type":"image-with-text","blocks":{"template--16116675805369__3bbde5d7-5a91-4de7-a5c9-ee2be1f96d2f-16666208869e64a0c0-0":{"type":"heading","settings":{"heading":"De l'idée à | vos pieds","heading_size":"h2","heading_color":"#003b9a","img_replacement":false,"heading_alignment":"left"}},"template--16116675805369__3bbde5d7-5a91-4de7-a5c9-ee2be1f96d2f-16666208869e64a0c0-1":{"type":"text","settings":{"text":"<p>Transparence est le mot d’ordre pour établir une relation de confiance vous offrant un gage de qualité unique. De l’idée au produit fini, nous vous partageons toutes les étapes de création de nos produits. Notre étroite collaboration avec les artisans de Mauléon vous garantit des espadrilles fabriquées selon un processus ancestral au coeur un petit atelier. La fabrication des Payote requiert une technique unique fruit d’un savoir-faire transmis depuis trois générations. Des matières nobles, des finitions travaillées, une grande attention portée aux détails… Autant d’éléments vous assurant des créations aussi qualitatives qu’esthétiques.<\/p>","text_style":"body","text_column":1,"text_color":"#003b9a","img_replacement":false,"text_alignment":"left"}},"template--16116675805369__3bbde5d7-5a91-4de7-a5c9-ee2be1f96d2f-16666208869e64a0c0-2":{"type":"button","settings":{"button_label":"En savoir plus","button_link":"shopify:\/\/pages\/transparence","icon":"none","button_color":"#ffffff","button_text_color":"#21306b","img_replacement":false}}},"block_order":["template--16116675805369__3bbde5d7-5a91-4de7-a5c9-ee2be1f96d2f-16666208869e64a0c0-0","template--16116675805369__3bbde5d7-5a91-4de7-a5c9-ee2be1f96d2f-16666208869e64a0c0-1","template--16116675805369__3bbde5d7-5a91-4de7-a5c9-ee2be1f96d2f-16666208869e64a0c0-2"],"settings":{"image":"shopify:\/\/shop_images\/couture_et_fabrique_en_france.webp","height":"adapt","desktop_image_width":"large","layout":"text_first","full_width":false,"side_side":false,"desktop_content_position":"middle","desktop_content_alignment":"left","content_layout":"no-overlap","no_color":false,"color_scheme":"background-1","background_color":"#ffffff","mobile_content_alignment":"left","padding_top":36,"padding_bottom":72}},"e1574466-ccfd-4d8a-adcb-a1831936b435":{"type":"image-banner","blocks":{"template--16116675805369__e1574466-ccfd-4d8a-adcb-a1831936b435-16666208869d0bf684-0":{"type":"heading","settings":{"heading":"Nos actions","heading_size":"h2"}},"template--16116675805369__e1574466-ccfd-4d8a-adcb-a1831936b435-16666208869d0bf684-1":{"type":"text","settings":{"text":"En tant qu’acteur de la société, nous vous partageons notre vision d’une entreprise engagée à travers chacune de nos actions. Nos valeurs se traduisent par un engagement concret auprès des associations locales et un soutien aux projets qui nous tiennent à coeur. Inclusivité, solidarité et impact positif sont les mots d’ordre qui guident notre démarche solidaire.","text_style":"body"}},"template--16116675805369__e1574466-ccfd-4d8a-adcb-a1831936b435-16666208869d0bf684-2":{"type":"buttons","settings":{"button_label_1":"En savoir plus","button_link_1":"shopify:\/\/pages\/nos-actions","button_style_secondary_1":true,"button_label_2":"","button_link_2":"","button_style_secondary_2":false}}},"block_order":["template--16116675805369__e1574466-ccfd-4d8a-adcb-a1831936b435-16666208869d0bf684-0","template--16116675805369__e1574466-ccfd-4d8a-adcb-a1831936b435-16666208869d0bf684-1","template--16116675805369__e1574466-ccfd-4d8a-adcb-a1831936b435-16666208869d0bf684-2"],"settings":{"image":"shopify:\/\/shop_images\/nos_actions_page.webp","image_overlay_opacity":10,"image_height":"medium","adapt_height_first_image":false,"desktop_content_position":"middle-center","show_text_box":false,"desktop_content_alignment":"center","color_scheme":"background-1","mobile_content_alignment":"center","mobile_content_position":"middle-center","stack_images_on_mobile":true,"show_text_below":true}},"9975b4a5-34b7-4cad-9666-f929b2e4f610":{"type":"multicolumn","blocks":{"template--16116675805369__9975b4a5-34b7-4cad-9666-f929b2e4f610-1666622439f055c376-1":{"type":"column","settings":{"image":"shopify:\/\/shop_images\/transparence.webp","title":"Made in France","text":"","link_label":"","link":"shopify:\/\/pages\/transparence","block_color":"#21306b","show_text_box":false,"animate":false}},"template--16116675805369__9975b4a5-34b7-4cad-9666-f929b2e4f610-1666622439f055c376-2":{"type":"column","settings":{"image":"shopify:\/\/shop_images\/recycle.webp","title":"Recyclage","text":"","link_label":"","link":"shopify:\/\/pages\/engagement-environnement","block_color":"#21306b","show_text_box":false,"animate":false}},"8442b9a5-1e05-426f-8cf7-864863745589":{"type":"column","settings":{"image":"shopify:\/\/shop_images\/nos_actions_menu.webp","title":"Nos actions","text":"","link_label":"","link":"shopify:\/\/pages\/nos-actions","block_color":"#21306b","show_text_box":false,"animate":false}}},"block_order":["template--16116675805369__9975b4a5-34b7-4cad-9666-f929b2e4f610-1666622439f055c376-1","template--16116675805369__9975b4a5-34b7-4cad-9666-f929b2e4f610-1666622439f055c376-2","8442b9a5-1e05-426f-8cf7-864863745589"],"settings":{"title":"","heading_size":"h2","image_width":"half","image_ratio":"square","columns_desktop":3,"full_width":false,"column_alignment":"center","background_style":"primary","button_label":"","button_link":"","color_scheme":"background-1","columns_mobile":"1","swipe_on_mobile":false,"padding_top":100,"padding_bottom":100}}},"order":["177f7a2d-2442-4e79-bea4-a2f887c5618e","a33e3fb3-f43a-464a-805d-e7a1c8d7d0b2","main","cf114324-f216-4748-86d1-3ef056990efb","bc33ddd0-ff73-47e2-8a99-d31b7d7d997e","a17fb287-e101-4b12-a57b-d6ec074b21d4","3bbde5d7-5a91-4de7-a5c9-ee2be1f96d2f","e1574466-ccfd-4d8a-adcb-a1831936b435","9975b4a5-34b7-4cad-9666-f929b2e4f610"]}