{"sections":{"e7fd5b46-a84f-4d99-a79a-30ad0f344a38":{"type":"image-banner","blocks":{"template--16039700988089__e7fd5b46-a84f-4d99-a79a-30ad0f344a38-1666951903abf49b70-0":{"type":"heading","settings":{"heading":"{{ page.title }}","heading_size":"h2"}}},"block_order":["template--16039700988089__e7fd5b46-a84f-4d99-a79a-30ad0f344a38-1666951903abf49b70-0"],"settings":{"image":"shopify:\/\/shop_images\/USINE-PAYOTE.webp","image_2":"shopify:\/\/shop_images\/payote-etiqu-1.webp","image_overlay_opacity":0,"image_height":"medium","adapt_height_first_image":false,"desktop_content_position":"middle-center","show_text_box":false,"desktop_content_alignment":"center","color_scheme":"background-1","mobile_content_alignment":"center","mobile_content_position":"middle-center","stack_images_on_mobile":false,"show_text_below":false}},"main":{"type":"main-page","settings":{"show_heading":true,"text_style":"text","content_alignment":"center","max_width":90,"padding_top":36,"padding_bottom":36}},"form":{"type":"contact-form","settings":{"heading":"Envoie-nous un message","heading_size":"h1","color_scheme":"background-1","padding_top":36,"padding_bottom":36}}},"order":["e7fd5b46-a84f-4d99-a79a-30ad0f344a38","main","form"]}