{"sections":{"177f7a2d-2442-4e79-bea4-a2f887c5618e":{"type":"image-banner","blocks":{"template--16113771315385__177f7a2d-2442-4e79-bea4-a2f887c5618e-1666338426b8be1eac-0":{"type":"heading","settings":{"heading":"brodez vos espadrilles !","heading_size":"h1"}},"template--16113771315385__177f7a2d-2442-4e79-bea4-a2f887c5618e-1666338426b8be1eac-1":{"type":"text","settings":{"text":"Prenez les choses aux pieds de la lettre","text_style":"body"}}},"block_order":["template--16113771315385__177f7a2d-2442-4e79-bea4-a2f887c5618e-1666338426b8be1eac-0","template--16113771315385__177f7a2d-2442-4e79-bea4-a2f887c5618e-1666338426b8be1eac-1"],"settings":{"image":"shopify:\/\/shop_images\/broderie.webp","image_overlay_opacity":0,"image_height":"medium","adapt_height_first_image":false,"desktop_content_position":"middle-center","show_text_box":false,"desktop_content_alignment":"center","color_scheme":"background-1","mobile_content_alignment":"center","mobile_content_position":"middle-center","stack_images_on_mobile":true,"show_text_below":false}},"a33e3fb3-f43a-464a-805d-e7a1c8d7d0b2":{"type":"rich-text","blocks":{"template--16113771315385__a33e3fb3-f43a-464a-805d-e7a1c8d7d0b2-16663390041941521d-0":{"type":"heading","settings":{"heading":"<p>Et si vous offriez une | Espadrille brodée ?<\/p>","heading_size":"h2","heading_color_part1":"#21306b","heading_color_part2":"#ef6a20","no_color":false,"animate":false}}},"block_order":["template--16113771315385__a33e3fb3-f43a-464a-805d-e7a1c8d7d0b2-16663390041941521d-0"],"settings":{"desktop_content_position":"center","content_alignment":"center","color_scheme":"background-1","full_width":true,"reductible":false,"max_width":100,"padding_top":40,"padding_bottom":0}},"main":{"type":"main-page","settings":{"show_heading":false,"text_style":"text","content_alignment":"left","max_width":80,"padding_top":40,"padding_bottom":40}},"a4cc752f-09e3-492e-bbc3-c98854166a1e":{"type":"rich-text","blocks":{"template--16113771315385__a4cc752f-09e3-492e-bbc3-c98854166a1e-166634402475ae89cf-0":{"type":"heading","settings":{"heading":"<p>Un peu | d'inspiration...<\/p>","heading_size":"h2","heading_color_part1":"#21306b","heading_color_part2":"#ef6a20","no_color":false,"animate":false}},"b623d3a5-d19b-4766-9219-65e767178929":{"type":"text","settings":{"text":"<p>Besoin d’inspiration pour <strong>broder votre Payote<\/strong> ? Voilà une petite liste des messages les plus populaires : Super Papa, Super Maman, des initiales, une date de rencontre ou de mariage, Mon amour, Je t’aime, Carpe Diem, Mon pilier.<\/p>","text_color":"#21306b","text_style":"classic","text_size":"small"}}},"block_order":["template--16113771315385__a4cc752f-09e3-492e-bbc3-c98854166a1e-166634402475ae89cf-0","b623d3a5-d19b-4766-9219-65e767178929"],"settings":{"desktop_content_position":"center","content_alignment":"center","color_scheme":"background-1","full_width":false,"reductible":false,"max_width":100,"padding_top":52,"padding_bottom":52}},"b4e69a9e-ae8b-4942-964e-ea148515bc81":{"type":"slideshow","blocks":{"template--16113771315385__b4e69a9e-ae8b-4942-964e-ea148515bc81-1666339010c267e857-0":{"type":"slide","settings":{"image":"shopify:\/\/shop_images\/brode3.webp","heading":"","heading_size":"h1","subheading":"","button_label":"","link":"","button_style_secondary":false,"link_on_slide":true,"box_align":"middle-center","show_text_box":false,"text_alignment":"center","image_overlay_opacity":0,"color_scheme":"background-1","text_alignment_mobile":"center","mobile_box_align":"middle-center"}},"template--16113771315385__b4e69a9e-ae8b-4942-964e-ea148515bc81-1666339010c267e857-1":{"type":"slide","settings":{"image":"shopify:\/\/shop_images\/brode8.webp","heading":"","heading_size":"h1","subheading":"","button_label":"","link":"","button_style_secondary":false,"link_on_slide":true,"box_align":"middle-center","show_text_box":false,"text_alignment":"center","image_overlay_opacity":0,"color_scheme":"background-1","text_alignment_mobile":"center","mobile_box_align":"middle-center"}},"a69e0466-3411-4c40-9487-24b52d8015a1":{"type":"slide","settings":{"image":"shopify:\/\/shop_images\/brode4.webp","heading":"","heading_size":"h1","subheading":"","button_label":"","link":"","button_style_secondary":false,"link_on_slide":true,"box_align":"middle-center","show_text_box":false,"text_alignment":"center","image_overlay_opacity":0,"color_scheme":"background-1","text_alignment_mobile":"center","mobile_box_align":"middle-center"}},"a3fc7b92-975c-4899-b84f-6b51633bec28":{"type":"slide","settings":{"image":"shopify:\/\/shop_images\/brode2.webp","heading":"","heading_size":"h1","subheading":"","button_label":"","link":"","button_style_secondary":false,"link_on_slide":true,"box_align":"middle-center","show_text_box":false,"text_alignment":"center","image_overlay_opacity":0,"color_scheme":"background-1","text_alignment_mobile":"center","mobile_box_align":"middle-center"}},"09e95e92-2ced-47d1-ad63-42f85f453439":{"type":"slide","settings":{"image":"shopify:\/\/shop_images\/brode5.webp","heading":"","heading_size":"h1","subheading":"","button_label":"","link":"","button_style_secondary":false,"link_on_slide":true,"box_align":"middle-center","show_text_box":false,"text_alignment":"center","image_overlay_opacity":0,"color_scheme":"background-1","text_alignment_mobile":"center","mobile_box_align":"middle-center"}},"76f2fbcd-7698-4778-89b4-ac4f950a6c41":{"type":"slide","settings":{"image":"shopify:\/\/shop_images\/brode7.webp","heading":"","heading_size":"h1","subheading":"","button_label":"","link":"","button_style_secondary":false,"link_on_slide":true,"box_align":"middle-center","show_text_box":false,"text_alignment":"center","image_overlay_opacity":0,"color_scheme":"background-1","text_alignment_mobile":"center","mobile_box_align":"middle-center"}},"135eac9e-e2d3-447c-988a-1420b9e5c8ce":{"type":"slide","settings":{"image":"shopify:\/\/shop_images\/brode1.webp","heading":"","heading_size":"h1","subheading":"","button_label":"","link":"","button_style_secondary":false,"link_on_slide":true,"box_align":"middle-center","show_text_box":false,"text_alignment":"center","image_overlay_opacity":0,"color_scheme":"background-1","text_alignment_mobile":"center","mobile_box_align":"middle-center"}},"e88bcd52-fddf-4de5-8d80-6d51efe5536b":{"type":"slide","settings":{"image":"shopify:\/\/shop_images\/brode6.webp","heading":"","heading_size":"h1","subheading":"","button_label":"","link":"","button_style_secondary":false,"link_on_slide":true,"box_align":"middle-center","show_text_box":false,"text_alignment":"center","image_overlay_opacity":0,"color_scheme":"background-1","text_alignment_mobile":"center","mobile_box_align":"middle-center"}}},"block_order":["template--16113771315385__b4e69a9e-ae8b-4942-964e-ea148515bc81-1666339010c267e857-0","template--16113771315385__b4e69a9e-ae8b-4942-964e-ea148515bc81-1666339010c267e857-1","a69e0466-3411-4c40-9487-24b52d8015a1","a3fc7b92-975c-4899-b84f-6b51633bec28","09e95e92-2ced-47d1-ad63-42f85f453439","76f2fbcd-7698-4778-89b4-ac4f950a6c41","135eac9e-e2d3-447c-988a-1420b9e5c8ce","e88bcd52-fddf-4de5-8d80-6d51efe5536b"],"settings":{"layout":"full_bleed","slide_height":"small","slider_visual":"false","auto_rotate":true,"change_slides_speed":3,"change_slides_per_page":1,"change_slides_to_show":4,"show_text_below":false,"accessibility_info":"Un peu d'inspiration pour les espadrilles brodées"}},"cf114324-f216-4748-86d1-3ef056990efb":{"type":"image-with-text","disabled":true,"blocks":{"template--16113771315385__cf114324-f216-4748-86d1-3ef056990efb-166633901024b2f65a-0":{"type":"heading","settings":{"heading":"| ils ont déjà écrit :","heading_size":"h3","heading_color":"#21306b","img_replacement":false,"heading_alignment":"left"}},"template--16113771315385__cf114324-f216-4748-86d1-3ef056990efb-166633901024b2f65a-1":{"type":"text","settings":{"text":"<p>Besoin d’inspiration pour <strong>broder votre Payote<\/strong> ? Voilà une petite liste des messages les plus populaires : Super Papa, Super Maman, des initiales, une date de rencontre ou de mariage, Mon amour, Je t’aime, Carpe Diem, Mon pilier.<br\/><br\/><strong>Le Jour J en espadrilles !<\/strong><\/p><p>Envie de mettre la France à vos pieds le Jour J ? Pour les mariages, les espadrilles brodées seront une superbe idée pour laisser un souvenir aux invités. Elles iront à merveille avec un thème champêtre ou bohème grâce à leurs coupes minimalistes et leur semelles en corde naturelle. Si vous souhaitez faire un devis pour une commande d’espadrilles brodées, n’hésitez pas à nous contacter à mathilde@payote.fr. Quelques idées de messages pour un mariage : Team Mariée, Team Témoin, initiales sur un pied et date de mariage sur l’autre… Les possibilités sont très variées !<\/p>","text_style":"body","text_column":1,"text_color":"#21306b","img_replacement":false,"text_alignment":"left"}},"template--16113771315385__cf114324-f216-4748-86d1-3ef056990efb-166633901024b2f65a-2":{"type":"button","settings":{"button_label":"Je veux ma paire !","button_link":"shopify:\/\/products\/espadrille-beige-pour-mariage","icon":"none","button_color":"#21306b","button_text_color":"#ffffff","img_replacement":false}}},"block_order":["template--16113771315385__cf114324-f216-4748-86d1-3ef056990efb-166633901024b2f65a-0","template--16113771315385__cf114324-f216-4748-86d1-3ef056990efb-166633901024b2f65a-1","template--16113771315385__cf114324-f216-4748-86d1-3ef056990efb-166633901024b2f65a-2"],"settings":{"image":"shopify:\/\/shop_images\/Espadrilles_brodees_Dolce_Vita_Blanc_dore.webp","height":"adapt","desktop_image_width":"small","layout":"text_first","full_width":false,"side_side":false,"desktop_content_position":"middle","desktop_content_alignment":"left","content_layout":"no-overlap","no_color":false,"color_scheme":"background-2","background_color":"#ffffff","mobile_content_alignment":"left","padding_top":36,"padding_bottom":36}},"80920de5-1747-4be8-971d-a9e7a488d8d4":{"type":"rich-text","blocks":{"template--16113771315385__80920de5-1747-4be8-971d-a9e7a488d8d4-1666364717abd1b4b0-0":{"type":"heading","settings":{"heading":"<p>À vous de broder<\/p>","heading_size":"h2","heading_color_part1":"#21306b","heading_color_part2":"#ef6a20","no_color":true,"animate":false}}},"block_order":["template--16113771315385__80920de5-1747-4be8-971d-a9e7a488d8d4-1666364717abd1b4b0-0"],"settings":{"desktop_content_position":"center","content_alignment":"center","color_scheme":"background-1","full_width":true,"reductible":false,"max_width":100,"padding_top":52,"padding_bottom":0}},"65188f6f-790f-4e4a-8af2-075fda34cc0a":{"type":"collection-list","blocks":{"template--16113771315385__65188f6f-790f-4e4a-8af2-075fda34cc0a-16663440978f733a04-0":{"type":"featured_collection","settings":{"collection":"espadrilles-unies"}},"template--16113771315385__65188f6f-790f-4e4a-8af2-075fda34cc0a-16663440978f733a04-1":{"type":"featured_collection","settings":{"collection":"espadrilles-delavees"}},"template--16113771315385__65188f6f-790f-4e4a-8af2-075fda34cc0a-16663440978f733a04-2":{"type":"featured_collection","settings":{"collection":"espadrilles-imprimees"}},"25da3626-3fc4-4b18-8984-f1d9f88174f1":{"type":"featured_collection","settings":{"collection":"espadrilles-marinieres-et-rayees"}},"478bc7d7-4482-4ba6-abbe-7ebca5282dd5":{"type":"featured_collection","settings":{"collection":"chaussons-espadrilles"}},"ce1c6815-e821-49e3-8762-33ffafd2d3cd":{"type":"featured_collection","settings":{"collection":"espadrilles-recyclees"}},"80f3e303-d678-4c85-ac66-ef03cbf3ef16":{"type":"featured_collection","settings":{"collection":"espadrilles-plateforme-femme"}},"7a86ccbf-9c8e-4347-9230-adbeebdf68bf":{"type":"featured_collection","settings":{"collection":"sacs"}}},"block_order":["template--16113771315385__65188f6f-790f-4e4a-8af2-075fda34cc0a-16663440978f733a04-0","template--16113771315385__65188f6f-790f-4e4a-8af2-075fda34cc0a-16663440978f733a04-1","template--16113771315385__65188f6f-790f-4e4a-8af2-075fda34cc0a-16663440978f733a04-2","25da3626-3fc4-4b18-8984-f1d9f88174f1","478bc7d7-4482-4ba6-abbe-7ebca5282dd5","ce1c6815-e821-49e3-8762-33ffafd2d3cd","80f3e303-d678-4c85-ac66-ef03cbf3ef16","7a86ccbf-9c8e-4347-9230-adbeebdf68bf"],"settings":{"title":"","content_alignment":"center","heading_size":"h2","show_images":false,"image_ratio":"adapt","columns_desktop":5,"color_scheme":"background-1","show_view_all":false,"columns_mobile":"2","swipe_on_mobile":false,"padding_top":16,"padding_bottom":36}},"e9bf22ff-fee2-437c-8c75-554aa97d184b":{"type":"rich-text","blocks":{"template--16113771315385__e9bf22ff-fee2-437c-8c75-554aa97d184b-1666349802d83d935d-0":{"type":"heading","settings":{"heading":"<p>À savoir sur | les Espadrilles brodées<\/p>","heading_size":"h2","heading_color_part1":"#21306b","heading_color_part2":"#ef6a20","no_color":false,"animate":true}}},"block_order":["template--16113771315385__e9bf22ff-fee2-437c-8c75-554aa97d184b-1666349802d83d935d-0"],"settings":{"desktop_content_position":"center","content_alignment":"center","color_scheme":"background-1","full_width":true,"reductible":false,"max_width":100,"padding_top":20,"padding_bottom":0}},"bc33ddd0-ff73-47e2-8a99-d31b7d7d997e":{"type":"image-with-text","blocks":{"template--16113771315385__bc33ddd0-ff73-47e2-8a99-d31b7d7d997e-166635914861655db1-0":{"type":"heading","settings":{"heading":"À savoir","heading_size":"h3","heading_color":"#21306b","img_replacement":false,"heading_alignment":"left"}},"template--16113771315385__bc33ddd0-ff73-47e2-8a99-d31b7d7d997e-166635914861655db1-1":{"type":"text","settings":{"text":"<p>– Les produits personnalisés ne peuvent être ni retournés ni remboursés.<br\/>– La personnalisation s’effectue sur le talon de l’espadrille en lettres majuscules.<br\/>– Toutes nos espadrilles sont personnalisables à l’exception de certains chaussons et des modèles recyclés.<br\/>– Pour les espadrilles brodées, il faut rajouter <strong>5 à 7 jours supplémentaires<\/strong> à la date de livraison indiquée sur votre commande.<\/p>","text_style":"body","text_column":1,"text_color":"#21306b","img_replacement":false,"text_alignment":"left"}},"2d159905-76ac-4292-a6e7-c0a1937c33b0":{"type":"button","settings":{"button_label":"Je veux ma paire !","button_link":"shopify:\/\/products\/espadrille-beige-pour-mariage","icon":"none","button_color":"#21306b","button_text_color":"#ffffff","img_replacement":false}}},"block_order":["template--16113771315385__bc33ddd0-ff73-47e2-8a99-d31b7d7d997e-166635914861655db1-0","template--16113771315385__bc33ddd0-ff73-47e2-8a99-d31b7d7d997e-166635914861655db1-1","2d159905-76ac-4292-a6e7-c0a1937c33b0"],"settings":{"image":"shopify:\/\/shop_images\/Espadrilles_Brodees_Mariage_avec_Date.webp","height":"adapt","desktop_image_width":"small","layout":"image_first","full_width":false,"side_side":false,"desktop_content_position":"top","desktop_content_alignment":"left","content_layout":"no-overlap","no_color":true,"color_scheme":"background-2","background_color":"#ffffff","mobile_content_alignment":"left","padding_top":0,"padding_bottom":36}}},"order":["177f7a2d-2442-4e79-bea4-a2f887c5618e","a33e3fb3-f43a-464a-805d-e7a1c8d7d0b2","main","a4cc752f-09e3-492e-bbc3-c98854166a1e","b4e69a9e-ae8b-4942-964e-ea148515bc81","cf114324-f216-4748-86d1-3ef056990efb","80920de5-1747-4be8-971d-a9e7a488d8d4","65188f6f-790f-4e4a-8af2-075fda34cc0a","e9bf22ff-fee2-437c-8c75-554aa97d184b","bc33ddd0-ff73-47e2-8a99-d31b7d7d997e"]}