{"layout":"password","sections":{"main":{"type":"email-signup-banner","blocks":{"heading":{"type":"heading","settings":{"heading":"On revient","heading_size":"h1"}},"paragraph":{"type":"paragraph","settings":{"text":"<p>Laissez nous quelques minutes ! <\/p><p>On se refait une beauté.<\/p>","text_style":"body"}},"email_form":{"type":"email_form","settings":{}}},"block_order":["heading","paragraph","email_form"],"settings":{"image":"shopify:\/\/shop_images\/banniere-3.webp","image_overlay_opacity":0,"show_background_image":true,"image_height":"medium","desktop_content_position":"middle-center","show_text_box":true,"desktop_content_alignment":"center","color_scheme":"background-1","mobile_content_alignment":"center","show_text_below":true}}},"order":["main"]}