{"sections":{"main":{"type":"main-product","blocks":{"title":{"type":"title","settings":{}},"price":{"type":"price","settings":{}},"0b339c4c-0c58-4fda-91a3-a427a1b3587f":{"type":"shopify:\/\/apps\/mag-product-reviews\/blocks\/star\/0cf5caa0-e138-46b8-999b-520d16633e4c","settings":{}},"variant_picker":{"type":"variant_picker","disabled":true,"settings":{"picker_type":"button"}},"quantity_selector":{"type":"quantity_selector","disabled":true,"settings":{}},"cb65149d-ed4e-47c1-8bb0-3b159ec5cefc":{"type":"text","disabled":true,"settings":{"text":"<p><strong>COMPLET<\/strong><\/p>","text_style":"body","position":"right"}},"38409696-6e5c-427b-b300-8d914ebfd98f":{"type":"text","settings":{"text":"<ul><li>Atelier exclusif et immersif durant lequel vous réalisez votre propre paire de Payote de A à Z<\/li><li>Expérience unique en petit groupe où vous découvrirez les secrets de la fabrication d’espadrilles à nos côtés<\/li><li>Durée moyenne de l’atelier : 4h (les ateliers ont lieu uniquement en semaine de 9h à 13h)<\/li><li>Atelier ouvert à tous les niveaux de couture. Tout le matériel vous sera fourni sur place. Pour des questions de sécurité, nous n’accueillons pas les enfants de moins de 8 ans.<\/li><li><strong>Envoi dématérialisé : <\/strong>nous vous envoyons votre bon \"Atelier Fabrique ta paire\" <strong>uniquement par mail. <\/strong>Il n'y a pas d'envoi papier. Il n'est pas nécessaire d'imprimer votre bon. <\/li><\/ul>","text_style":"body","position":"right"}},"buy_buttons":{"type":"buy_buttons","settings":{"show_dynamic_checkout":false}},"b156b11a-60af-48aa-9886-3f8ca45b1e84":{"type":"description","disabled":true,"settings":{}},"e3d23279-8129-4cee-a1dc-bea72853d7c9":{"type":"share","settings":{"share_label":"Partager","position":"right"}}},"block_order":["title","price","0b339c4c-0c58-4fda-91a3-a427a1b3587f","variant_picker","quantity_selector","cb65149d-ed4e-47c1-8bb0-3b159ec5cefc","38409696-6e5c-427b-b300-8d914ebfd98f","buy_buttons","b156b11a-60af-48aa-9886-3f8ca45b1e84","e3d23279-8129-4cee-a1dc-bea72853d7c9"],"custom_css":[".product__availability-info {display: none;}"],"settings":{"enable_sticky_info":true,"media_position":"left","gallery_layout":"stacked","media_size":"small","mobile_thumbnails":"hide","hide_variants":false,"enable_video_looping":true,"padding_top":36,"padding_bottom":12}},"product-recommendations":{"type":"product-recommendations","disabled":true,"settings":{"heading":"Produits similaires","heading_size":"h2","products_to_show":4,"columns_desktop":4,"color_scheme":"background-1","image_ratio":"square","show_secondary_image":false,"show_vendor":false,"show_rating":false,"columns_mobile":"2","padding_top":36,"padding_bottom":28}},"6e2f3ec3-ec4d-41da-9b91-50de5af25add":{"type":"rich-text","blocks":{"template--20119141712202__6e2f3ec3-ec4d-41da-9b91-50de5af25add-heading-1":{"type":"heading","settings":{"heading":"<p>Voir les prochaines dates d'atelier disponibles<\/p>","heading_size":"h2","heading_color_part1":"#21306b","heading_color_part2":"#21306b","no_color":false,"animate":false}},"template--20119141712202__6e2f3ec3-ec4d-41da-9b91-50de5af25add-text-1":{"type":"text","settings":{"text":"<p>Vous ne pourrez réserver votre atelier qu'une fois après avoir fait votre achat.<\/p>","text_color":"#21306b","text_style":"classic","text_size":"small"}},"template--20119141712202__6e2f3ec3-ec4d-41da-9b91-50de5af25add-button-1":{"type":"button","disabled":true,"settings":{"button_label":"Button label","button_link":"","button_style_secondary":false,"button_label_2":"","button_link_2":"","button_style_secondary_2":false,"button_color":"#21306b","button_text_color":"#ffffff"}}},"block_order":["template--20119141712202__6e2f3ec3-ec4d-41da-9b91-50de5af25add-heading-1","template--20119141712202__6e2f3ec3-ec4d-41da-9b91-50de5af25add-text-1","template--20119141712202__6e2f3ec3-ec4d-41da-9b91-50de5af25add-button-1"],"settings":{"desktop_content_position":"center","content_alignment":"center","color_scheme":"background-1","full_width":true,"reductible":false,"max_width":100,"padding_top":40,"padding_bottom":52}},"c647ca2a-fe1f-4531-a150-c00f756acf49":{"type":"custom-liquid","settings":{"custom_liquid":"<!-- Début de widget en ligne Calendly -->\n<div id=\"reservation\" class=\"calendly-inline-widget\" data-url=\"https:\/\/calendly.com\/atelier-fabrique-ta-paire-payote\/reservation?hide_gdpr_banner=1&background_color=f9f9f9&text_color=213061&primary_color=f56d3d&month=2024-01\" style=\"min-width:320px;height:900px;overflow:hidden;\"><\/div>\n<script type=\"text\/javascript\" src=\"https:\/\/assets.calendly.com\/assets\/external\/widget.js\" async><\/script>\n<!-- Fin de widget en ligne Calendly -->","color_scheme":"background-1","padding_top":40,"padding_bottom":52}},"3536818c-175d-4b18-af3a-4e1f10fb5d26":{"type":"rich-text","blocks":{"template--20119141712202__3536818c-175d-4b18-af3a-4e1f10fb5d26-heading-1":{"type":"heading","settings":{"heading":"<p>C'EST VOUS QUI LE DITES !<\/p>","heading_size":"h2","heading_color_part1":"#21306b","heading_color_part2":"#21306b","no_color":false,"animate":false}}},"block_order":["template--20119141712202__3536818c-175d-4b18-af3a-4e1f10fb5d26-heading-1"],"settings":{"desktop_content_position":"center","content_alignment":"center","color_scheme":"background-1","full_width":true,"reductible":false,"max_width":100,"padding_top":40,"padding_bottom":52}},"1702029761e2a920bb":{"type":"apps","blocks":{"product_review_myappgurus_form_ghizLy":{"type":"shopify:\/\/apps\/mag-product-reviews\/blocks\/form\/0cf5caa0-e138-46b8-999b-520d16633e4c","settings":{"block_heading":"","no_rating":"","subtitle2":"","review_btn":"","see_all_reviews_label":"","form_heading":"","name_label":"","email_label":"","review_title_label":"","review_description_label":"","ratings_label":"","delivery_ratings_label":"","payment_ratings_label":"","price_ratings_label":"","review_image_label":"","submit_btn_label":"","cancel_btn_label":"","sort_label":"","sort1_label":"","sort2_label":"","sort3_label":"","showing_label":"","to_label":"","of_label":"","results_label":""}}},"block_order":["product_review_myappgurus_form_ghizLy"],"settings":{"include_margins":true}}},"order":["main","product-recommendations","6e2f3ec3-ec4d-41da-9b91-50de5af25add","c647ca2a-fe1f-4531-a150-c00f756acf49","3536818c-175d-4b18-af3a-4e1f10fb5d26","1702029761e2a920bb"]}