{"sections":{"main":{"type":"main-product","blocks":{"title":{"type":"title","settings":{}},"8385b300-e4c1-4e41-97a0-c6dba8d0513e":{"type":"unit_price","settings":{}},"98f73a02-cf1b-4610-bc97-b6c4976f333d":{"type":"multi-quantity_selector","settings":{}},"65117c83-ce03-4474-9ee8-a0b65ba57830":{"type":"custom_options","settings":{}},"4e52c5b3-4056-4be3-8a09-b5133812ed8b":{"type":"global_price","settings":{}},"buy_buttons":{"type":"buy_buttons","settings":{"show_dynamic_checkout":false}},"e7b5504a-6da5-46a5-9f9b-bf8a843f4a36":{"type":"share","settings":{"share_label":"Partager","position":"left"}},"b156b11a-60af-48aa-9886-3f8ca45b1e84":{"type":"description","settings":{}},"b4e856df-2b18-49c4-9a64-bea6b758ca51":{"type":"collapsible_tab","settings":{"heading":"Informations complémentaires","icon":"question_mark","content":"","content_liquid":"specifications","page":"","position":"left"}},"dddc62ce-c3bf-466e-bf75-49c1fe481161":{"type":"collapsible_tab","settings":{"heading":"Livraisons & retours","icon":"truck","content":"","content_liquid":"livraison","page":"","position":"left"}},"aa5273d8-03f5-450d-9ed8-dff3886fed9e":{"type":"collapsible_tab","settings":{"heading":"Entretien","icon":"washing","content":"","content_liquid":"entretien","page":"","position":"left"}},"7c5662ab-95f4-4f50-9890-19c438ec20ac":{"type":"rating","settings":{"position":"left"}},"63aa38e9-07eb-4055-ae5b-c4d2263e41c5":{"type":"complementary","settings":{"block_heading":"À compléter avec","make_collapsible_row":true,"icon":"price_tag","product_list_limit":6,"products_per_page":3,"pagination_style":"counter","image_ratio":"square","enable_quick_add":false}}},"block_order":["title","8385b300-e4c1-4e41-97a0-c6dba8d0513e","98f73a02-cf1b-4610-bc97-b6c4976f333d","65117c83-ce03-4474-9ee8-a0b65ba57830","4e52c5b3-4056-4be3-8a09-b5133812ed8b","buy_buttons","e7b5504a-6da5-46a5-9f9b-bf8a843f4a36","b156b11a-60af-48aa-9886-3f8ca45b1e84","b4e856df-2b18-49c4-9a64-bea6b758ca51","dddc62ce-c3bf-466e-bf75-49c1fe481161","aa5273d8-03f5-450d-9ed8-dff3886fed9e","7c5662ab-95f4-4f50-9890-19c438ec20ac","63aa38e9-07eb-4055-ae5b-c4d2263e41c5"],"settings":{"enable_sticky_info":true,"media_position":"left","gallery_layout":"columns","media_size":"large","mobile_thumbnails":"hide","hide_variants":false,"enable_video_looping":true,"padding_top":36,"padding_bottom":56}},"image-with-text":{"type":"image-with-text","blocks":{"image-with-text-0":{"type":"heading","settings":{"heading":"L'espadrille | Made in France","heading_size":"h1","heading_color":"#21306b","img_replacement":false,"heading_alignment":"left"}},"image-with-text-1":{"type":"text","settings":{"text":"<p>Toutes nos espadrilles sont fabriquées dans un atelier familial à Mauléon, capitale de la Soule en Pays basque. De la découpe de la toile en passant par l’encollage jusqu’à la couture de l’étiquette, chaque étape est réalisée dans cet atelier aux mains d’artisans passionnés. Perpétuant une tradition ancestrale, la fabrication de nos espadrilles se fait dans le respect de du savoir-faire artisanal. Créé il y a plus de 150 ans, cet atelier à taille humaine fait preuve d’une grande maîtrise de toutes les étapes du montage de l’espadrille. Sélectionnées avec soin, nos matières s’inscrivent pleinement dans une démarche responsable : du coton recyclé pour nos espadrilles unies, de l’encre végétale pour teindre nos toiles, de la corde naturelle pour toutes nos semelles intérieures et du caoutchouc recyclé pour la partie extérieure. Nous avons aussi fait le choix d’une couture à l’italienne en fil de nylon pour tous nos produits afin de leur offrir une meilleure résistance et plus de durabilité. « 14 étapes sont nécessaires à la fabrication d’une paire d’espadrille ».<\/p>","text_style":"body","text_column":2,"text_color":"#21306b","img_replacement":false,"text_alignment":"left"}}},"block_order":["image-with-text-0","image-with-text-1"],"settings":{"image":"shopify:\/\/shop_images\/USINE-PAYOTE.webp","height":"small","desktop_image_width":"medium","layout":"image_first","full_width":false,"side_side":false,"desktop_content_position":"top","desktop_content_alignment":"left","content_layout":"no-overlap","no_color":false,"color_scheme":"background-2","background_color":"#f9f9f9","mobile_content_alignment":"left","padding_top":36,"padding_bottom":36}},"product-recommendations":{"type":"product-recommendations","settings":{"heading":"Produits similaires","heading_size":"h2","products_to_show":5,"columns_desktop":5,"color_scheme":"background-1","image_ratio":"square","show_secondary_image":true,"show_vendor":false,"show_rating":false,"columns_mobile":"2","padding_top":36,"padding_bottom":28}}},"order":["main","image-with-text","product-recommendations"]}